,location,city,barangay,placetype,land area sq km,"Education,Baccalauate graduate","Education,College undergraduate","Education,Elementary","Education,High school","Education,No grade completed","Education,Not started","Education,Out of school youth","Education,Out of school youth,female","Education,Out of school youth,male","Education,Post baccalaureate","Education,Postsecondary","Education,Preschool","Education,Special education","Household,number of households","Household,total annual household expenditure","Household,total annual household income","Housing,dwelling tenure status,Own house rent lot","Housing,dwelling tenure status,Own house rent,free lot with consent of owner","Housing,dwelling tenure status,Own house rent,free lot without consent of owner","Housing,dwelling tenure status,Own or owner,like possession of house and lot","Housing,dwelling tenure status,Rent house/ room including lot","Housing,dwelling tenure status,Rent,free house and lot with consent of owner","Housing,dwelling tenure status,Rent,free house and lot without consent of owner","Housing,occupied housing,Commercial/industrial/agricultural,household","Housing,occupied housing,Commercial/industrial/agricultural,population","Housing,occupied housing,Duplex,household","Housing,occupied housing,Duplex,population","Housing,occupied housing,Institutional living quarter,household","Housing,occupied housing,Institutional living quarter,population","Housing,occupied housing,Multiunit residential,household","Housing,occupied housing,Multiunit residential,population","Housing,occupied housing,Not Reported,household","Housing,occupied housing,Not Reported,population","Housing,occupied housing,Others,household","Housing,occupied housing,Others,population","Housing,occupied housing,Single house,household","Housing,occupied housing,Single house,population","Labor,Employed","Labor,Employed,female","Labor,Employed,male","Labor,In the Labor Force","Labor,In the Labor Force,female","Labor,In the Labor Force,male","Labor,Not in the Labor Force","Labor,Not in the Labor Force,female","Labor,Not in the Labor Force,male","Labor,Underemployed","Labor,Unemployed","Labor,Unemployed,female","Labor,Unemployed,male","Marital Status,Common law/livein","Marital Status,Common law/livein,female","Marital Status,Common law/livein,male","Marital Status,Divorced/Separated","Marital Status,Divorced/Separated,female","Marital Status,Divorced/Separated,male","Marital Status,Married","Marital Status,Married,female","Marital Status,Married,male","Marital Status,Single","Marital Status,Single,female","Marital Status,Single,male","Marital Status,Unknown","Marital Status,Unknown,female","Marital Status,Unknown,male","Marital Status,Widowed","Marital Status,Widowed,female","Marital Status,Widowed,male",Population,"Population,00-01","Population,01-04","Population,05-09","Population,10-14","Population,15-19","Population,20-24","Population,25-29","Population,30-34","Population,35-39","Population,40-44","Population,45-49","Population,50-54","Population,55-59","Population,60-64","Population,65-69","Population,70-74","Population,75-79","Population,80 years and over ","Population,female","Population,female,00-01","Population,female,01-04","Population,female,05-09","Population,female,10-14","Population,female,15-19","Population,female,20-24","Population,female,25-29","Population,female,30-34","Population,female,35-39","Population,female,40-44","Population,female,45-49","Population,female,50-54","Population,female,55-59","Population,female,60-64","Population,female,65-69","Population,female,70-74","Population,female,75-79","Population,female,80 years and over ","Population,male","Population,male,00-01","Population,male,01-04","Population,male,05-09","Population,male,10-14","Population,male,15-19","Population,male,20-24","Population,male,25-29","Population,male,30-34","Population,male,35-39","Population,male,40-44","Population,male,45-49","Population,male,50-54","Population,male,55-59","Population,male,60-64","Population,male,65-69","Population,male,70-74","Population,male,75-79","Population,male,80 years and over ","Poverty,poverty incidence by employed","Poverty,poverty incidence by household","Poverty,poverty incidence by population","Poverty,poverty incidence by unemployed",Children Population,Teenage Population,Adult Population,Retiree Population,Female Children Population,Female Teenage Population,Female Adult Population,Female Retiree Population,Male Children Population,Male Teenage Population,Male Adult Population,Male Retiree Population
0,PanaboCity_AOFloirendo,Panabo City,A. O. Floirendo,urban,6.6,445.5,389,613,1375.5,14.5,1,179,114.5,65.5,4,85.5,0,1,1158.5,220134814,286175258,16.5,183,16,788.5,63,90.5,2,1,3,82.5,333.5,0,0,89.5,347,1,3,0,0,984.5,4296.5,1974.5,692,1282,2081,732,1349,1321.5,922.5,398.5,328,106,40,66,428.5,213.5,215,54.5,33,21.5,1630,816.5,813.5,1629,741,888,0,0,0,163.5,124,39.5,4982,108.5,435.5,531.5,503.5,473.5,455.5,441.5,391,341,285.5,254.5,216,192,151,88.5,51.5,33,27,2453.5,52.5,215.5,257.5,247.5,236,225,216,188,163,139,125,108,96.5,77.5,44,28,18.5,16.5,2528.5,56,220.5,274.5,256.5,237,230,226,204,178,146,129.5,108.5,95.5,73.5,45,23.5,14,11,325.5,192,1096,19.5,1075.5,977,2577,351,525.5,483.5,1260.5,184.5,551,493.5,1317.5,167
1,PanaboCity_Buenavista,Panabo City,Datu Abdul Dadia,urban,7.88,532,465,732,1643,17,1,214,136.5,77.5,5,102.5,0,1,1384.5,263044756,341958182.5,20,219,19,942,75.5,107.5,2,1,3,99.5,398.5,0,0,107,414,1,3,0,0,1176.5,5134,2359.5,827,1532.5,2486.5,875,1611.5,1579,1102.5,476,392,127,48,79,512,255,256.5,65,39,26,1947.5,975.5,972.5,1946.5,885.5,1061.5,0,0,0,195,148,47,5953.5,130,521,635.5,601.5,565.5,544,528,467.5,408,341,304,258.5,229,180,106.5,61.5,39,32.5,2932,63,257.5,307.5,295.5,282.5,269.5,257.5,224,195,166,149,129,114.5,92.5,52.5,33.5,22,20,3021.5,67,263.5,327.5,306.5,283.5,275.5,270,243.5,213,175,155,129.5,114.5,87.5,53.5,28,17,13,389,230,1310,23,1286.5,1167,3080,419.5,628,578,1504.5,220.5,658,590,1576,199
2,PanaboCity_Cacao,Panabo City,Buenavista,rural,1.09,73.5,64.5,101.5,227,2,0,29.5,19,11,1,14,0,0,191,36325877,47223640,3,30,3,130,10,15,0,0,0,14,55,0,0,15,57.5,0,0,0,0,162.5,709,325.5,114.5,212,343,120.5,222.5,218,152.5,65.5,54,17.5,7,10.5,70.5,35,35.5,9,5,4,269,134.5,134.5,268.5,122.5,146.5,0,0,0,27,20.5,6.5,822.5,18,72,87.5,83.5,78.5,75.5,73,64.5,56.5,47,42,35.5,31.5,25,15,8.5,5,4.5,405,9,35.5,42.5,41,39,37,35.5,31,27,23,20.5,18,16,13,7,5,3,3,417.5,9,36.5,45,42.5,39,38,37,33.5,29.5,24,21,18,16,12,7,4,2,2,54,32,181,3,177.5,162,425.5,58,87,80,208,31,90.5,81.5,217,27
3,PanaboCity_Cagangohan,Panabo City,Cacao,rural,1.63,109.5,96,151,339,4,0,44,28,16,1,21,0,0,285.5,54307186,70599341.5,4,45,4,194.5,15.5,22,0,0,1,20.5,82.5,0,0,22,85.5,0,1,0,0,243,1060,487,170.5,316.5,513.5,180.5,333,326,227.5,98.5,81,26,10,16.5,105.5,52.5,53,13.5,8,5,402,201,201,402,183,219,0,0,0,40.5,30.5,10,1229,27,107.5,131,124.5,116.5,112.5,109,96.5,84.5,70.5,62.5,53.5,47.5,37,22,13,8,7,605.5,13,53,63.5,61,58.5,55.5,53.5,46.5,40,34.5,31,26.5,24,19,11,7,5,4,623.5,14,54.5,67.5,63.5,58.5,56.5,55.5,50.5,44,36,32,27,23.5,18,11,6,4,3,80.5,47.5,270.5,5,265.5,241,636.5,87,129.5,119.5,311.5,46,136,122,325,42
4,PanaboCity_Consolacion,Panabo City,Cagangohan,urban,18.74,1266,1106,1741.5,3907.5,41,2,508.5,324.5,185,12,244,1,2,3292,625531600.5,813191080.5,46.5,520,45.5,2240,179,256,5,2,7,235.5,948,0,0,254.5,985,2,8,0,1,2798.5,12208,5610.5,1966.5,3644,5913,2080.5,3832,3755,2622.5,1133,932.5,302,114,188,1217,606.5,610.5,155,93.5,61.5,4632,2319.5,2312.5,4629.5,2105.5,2524,1,1,0,464.5,352.5,112,14157,309.5,1238.5,1510.5,1431,1344.5,1294,1255,1112,969.5,811,723,614.5,545,428.5,252.5,147,93.5,77.5,6971,150,612,731,702.5,671,639.5,613.5,533,463.5,395.5,355,307,273.5,221,125.5,79.5,52.5,47,7185.5,159.5,626.5,779,729,674,654,642.5,579,506.5,415.5,368,307.5,271.5,208,127.5,67,40.5,30.5,926,546.5,3114.5,54.5,3058.5,2775.5,7324,999,1493,1373.5,3580.5,525.5,1565,1403,3744.5,473.5
5,PanaboCity_Dapco,Panabo City,Consolacion,rural,2.38,160.5,140,221,495.5,5,0,64.5,41,23.5,1.5,31,0,0,417.5,79326634,103124623.5,6,66,6,284.5,23,32.5,1,0,1,30,120.5,0,0,32,125,0,1,0,0,355,1548.5,711.5,249.5,462,750,264,486,476,332.5,143.5,118,38,14,24,154,77,77.5,20,12,8,587.5,294.5,293.5,587,267,320,0,0,0,59,44.5,14,1795.5,39,157,192,181,170.5,164,159,141,123,102.5,91.5,77.5,69,54.5,32,19,12,10,884,19,77.5,92.5,89.5,85.5,81.5,77.5,67.5,58.5,50,45,39,34.5,28,16,10,7,6,911,20,79.5,98.5,92.5,85.5,82.5,81.5,73.5,64.5,52.5,46.5,39,34.5,26.5,16,8.5,5,4,117.5,69.5,395,7,388,351.5,927.5,127.5,189,175,453.5,67,198,178,474.5,60
6,PanaboCity_DatuAbdulDadia,Panabo City,Dapco,rural,5.53,374,326.5,514.5,1154,12,1,150,95.5,54.5,3.5,72,0,1,972,184717084,240132209.5,14,153.5,13,661.5,53,75.5,1,1,2,69.5,279.5,0,0,75.5,290.5,1,2,0,0,826.5,3605,1657,581,1076,1746,614,1131.5,1109,774,334.5,275.5,89.5,34,55.5,359,179,180,45.5,27.5,18,1367.5,685,682.5,1367.5,621.5,745,0,0,0,137,104.5,33,4180.5,91.5,366,446,422.5,397,382,371,328,286.5,239.5,213.5,181,161,126.5,74.5,43.5,27.5,23,2058.5,44,181,216,207.5,198,189,181,157.5,136.5,116.5,104.5,90.5,80.5,65.5,37,23.5,15.5,14,2121.5,47,185,230,215,199,193,190,171,149.5,122.5,108.5,90.5,80.5,61.5,37.5,20,12,9,273.5,161.5,920,16.5,903.5,819.5,2162.5,295,441,405.5,1056,155.5,462,414,1105.5,140
7,PanaboCity_Gredu,Panabo City,Gredu (Pob.),urban,22.51,1520,1328,2091.5,4692,49.5,3,610.5,390,222.5,14,293,1,3,3953.5,751173726.5,976525845,56,624.5,54.5,2689.5,215.5,307.5,6,2,9,282.5,1138,0,0,305.5,1182.5,2,9,0,1,3360.5,14660,6737.5,2361.5,4376,7100,2498.5,4601.5,4509,3149,1360.5,1120,362.5,137,225.5,1461,728,733,186,112,73.5,5562,2785.5,2776.5,5559.5,2528.5,3030.5,1,1,1,558,423.5,134.5,17000.5,371.5,1487,1814,1718.5,1615,1553.5,1507.5,1335,1164.5,974,868,738,654.5,515,303.5,176,112,93.5,8371.5,180,735,878,843.5,805.5,768.5,736,640.5,556,475,426,368,328,265.5,150.5,95.5,63.5,56.5,8629,192,752,936,875,809.5,785.5,771,695,608.5,499,441.5,369,326.5,249.5,153,80.5,49,37,1111.5,656.5,3740,66,3672.5,3333.5,8795,1200,1793,1649,4298,631.5,1880,1684.5,4496,569
8,PanaboCity_JPLaurel,Panabo City,J.P. Laurel,urban,8.93,602.5,527,829.5,1861,20,1,242,154.5,88.5,6,116.5,0,1,1568,297917598,387292877,22,247.5,21.5,1067,85.5,122,2,1,3,112.5,451.5,0,0,121,469.5,1,4,0,0,1332.5,5814.5,2672,936.5,1736,2816,991,1825,1788.5,1249,539.5,444.5,144,54,89.5,579.5,288.5,290.5,73.5,44.5,29,2206,1105,1101,2205,1002.5,1202.5,1,0,0,221,168,53.5,6742.5,147.5,590,719,681.5,640.5,616.5,598,529.5,461.5,386,344,292.5,259.5,204,120.5,69.5,44.5,37,3320,71.5,291.5,348,334.5,319.5,304.5,292,253.5,220.5,188,169,146,130,105.5,59.5,38,25,22,3422.5,76,298.5,371,347,321,311.5,305.5,275.5,241.5,198,175,146.5,129.5,99.5,60.5,32,19,14.5,441,260.5,1483,26,1456.5,1322,3487.5,475.5,711,654,1703.5,250,745.5,668,1783,225.5
9,PanaboCity_Kasilak,Panabo City,Kasilak,urban,3.79,256,223.5,352,790.5,8,0,102.5,65.5,37.5,2,49.5,0,0,666,126550273.5,164515356,9.5,105.5,9,453.5,36,52,1,0,1,47.5,192,0,0,51.5,199,0,2,0,0,566,2469.5,1135,398,737,1196,421,775,760,530.5,229,188.5,61,23,38,246.5,122.5,123.5,31,19,12,937,469.5,467.5,936.5,426,510.5,0,0,0,93.5,71.5,23,2864,62.5,250.5,305.5,289.5,272.5,261.5,254,225,196,164,146,124.5,110.5,86.5,51,30,19,16,1410.5,30,124,148,142,135.5,129.5,124,107.5,93.5,80,71.5,62,55.5,44.5,25.5,16,11,9.5,1454,32,126.5,158,147.5,136.5,132.5,130,117,102.5,84.5,74.5,62.5,55,42,26,14,8,6,187.5,110.5,630.5,11,618.5,562,1481.5,202.5,302,277.5,723.5,106.5,316.5,284,758.5,96
10,PanaboCity_Katipunan,Panabo City,Katipunan,rural,2.5,169,147.5,232,521,5.5,0,67.5,43,25,2,32.5,0,0,438.5,83367887.5,108378253.5,6,69.5,6,298.5,24,34,1,0,1,31.5,126.5,0,0,34,131.5,0,1,0,0,373,1627,748,262,485.5,788,277.5,510.5,500,349.5,151,124.5,40,15,25,162,80.5,81.5,21,12.5,8,617.5,309,308,617,280.5,336.5,0,0,0,62,47,15,1886.5,41,165,201,191,179,172.5,167,148,129.5,108.5,96.5,81.5,72.5,57,34,19.5,12.5,10,929,20,81.5,97.5,93.5,89.5,85.5,81.5,71,61.5,52.5,47.5,41,36.5,29.5,17,11,7,6,957.5,21,83.5,103.5,97.5,89.5,87.5,85.5,77.5,67.5,55.5,49,41,36,28,17,9,5,4,123.5,72.5,415,7,407,370,976,133,199,183,477,70.5,208,187,499.5,63
11,PanaboCity_Katualan,Panabo City,Katualan,rural,1.01,68.5,59.5,94.5,211,2,0,27.5,17.5,10,1,13,0,0,178,33783065.5,43917985.5,3,28,2,121,10,14,0,0,0,13,51,0,0,14,53,0,0,0,0,151,659.5,303,106,197,319.5,112.5,207,202.5,141.5,61,50.5,16.5,6,10.5,65.5,33,33,8,5,3,250.5,125.5,125,250,113.5,136.5,0,0,0,25,19,6,764.5,17,67,81.5,77.5,72.5,69.5,67.5,60,52.5,44,39,33,29.5,23,14,8,5,4,376.5,8,33,39.5,38,36,34.5,33,29,25,21,19,16.5,15,12,7,4,3,3,388,9,34,42,39.5,36.5,35.5,34.5,31,27.5,22.5,20,17,15,11,7,4,2,2,50,29.5,168,3,165.5,150,395,54,80.5,74,193,29,85,76,203,26
12,PanaboCity_Kauswagan,Panabo City,Kauswagan,rural,1.93,130.5,114,179,402.5,4,0,52.5,33.5,19,1,25,0,0,339,64433024.5,83762931.5,5,53.5,5,230.5,18.5,26.5,0,0,1,24,97.5,0,0,26,101.5,0,1,0,0,288.5,1257.5,578,202.5,375,609,214,395,387,270,116.5,96,31,12,19,125.5,62.5,63,16,10,6,477,239,238,476.5,217,260,0,0,0,48,36.5,11.5,1458,32,127.5,155.5,147.5,138.5,133.5,129.5,114.5,99.5,83.5,74.5,63.5,56,44,26,15,10,8,718,15.5,63,75.5,72.5,69,66,63.5,55,47.5,41,36.5,31.5,28,23,13,8,5,5,740,16.5,64.5,80.5,75,69.5,67.5,66,59.5,52,43,38,32,28,21.5,13,7,4,3,95.5,56.5,321,5.5,315,286,754.5,103,154,141.5,369,54,161.5,144.5,386,48.5
13,PanaboCity_Kiotoy,Panabo City,Kiotoy,rural,2.04,138,120.5,190,425.5,4.5,0,55.5,35.5,20,1,26.5,0,0,359,68156426.5,88603354.5,5,56.5,5,244,19.5,28,1,0,1,26,103.5,0,0,28,107.5,0,1,0,0,305,1330,611,214.5,397,644,226.5,417.5,409,285.5,123.5,101.5,33,12,20.5,132.5,66,66.5,17,10,7,504.5,252.5,252,504.5,229.5,275.5,0,0,0,50.5,38.5,12,1542.5,34,135,164.5,156,146.5,141,137,121,105.5,88.5,78.5,67,59.5,46.5,27.5,16,10,8,759.5,16,66.5,79.5,76.5,73,69.5,66.5,58,50.5,43,38.5,33.5,30,24,14,9,6,5,783,17,68.5,84.5,79.5,73.5,71.5,70,63,55,45.5,40,33.5,29.5,23,14,7,4,3,101,59.5,339,6,333.5,302.5,798,108,162,149.5,389.5,58,170,153,408,51
14,PanaboCity_LittlePanay,Panabo City,Little Panay,rural,3.31,223.5,195,307.5,690.5,7,0,89.5,57.5,33,2,43,0,0,582,110521480.5,143677925,8,91.5,8,396,32,45,1,0,1,41.5,167.5,0,0,45,174,0,1,0,0,494.5,2157,991.5,347.5,643.5,1044.5,367.5,677,663.5,463.5,200,164.5,53.5,20,33.5,215,107.5,107.5,27,16.5,11,818.5,410,408.5,817.5,372,446,0,0,0,82.5,62.5,20,2501.5,54.5,219,266.5,252.5,237.5,228.5,222,196,171,143.5,127.5,108.5,96.5,75.5,44.5,26,16.5,14,1231.5,26.5,108.5,129,124,118.5,113,108.5,94.5,81.5,69.5,62.5,54.5,48.5,39,22,14,9,8,1269.5,28,110.5,137.5,128.5,119,115.5,113.5,102.5,89.5,73.5,65,54.5,48,37,22.5,12,7,5,163.5,96.5,550,9.5,540,490,1293.5,176.5,264,242.5,632.5,92,276,247.5,662,83.5
15,PanaboCity_LowerPanaga,Panabo City,Lower Panaga (Roxas),rural,2.07,140,122.5,192,431.5,5,0,56,36,20.5,1,27,0,0,364,69109980.5,89842975,5,57.5,5,247.5,20,28,1,0,1,26,104.5,0,0,28,108.5,0,1,0,0,309,1348.5,620,217.5,402.5,653,229.5,423.5,415,289.5,125.5,103,33,13,21,134.5,67,67.5,17,10,7,512,256.5,255.5,511.5,232.5,278.5,0,0,0,51.5,39,12,1564.5,34,137,167,158,148.5,143,138.5,122.5,107.5,89.5,79.5,68,60.5,47.5,28,16,10,9,770,16.5,67.5,80.5,77.5,74.5,70.5,67.5,59,51,43.5,39,34,30,24.5,14,9,6,5,794,18,69.5,86.5,80.5,74.5,72.5,71,64,56,46,40.5,34,30,23,14,7,4.5,3,102.5,60.5,344,6,338,306.5,809,110.5,164.5,152,394.5,58.5,174,155,414,51.5
16,PanaboCity_Mabunao,Panabo City,Mabunao,rural,2.6,176,153.5,241.5,542,6,0,70.5,45,26,2,34,0,0,456.5,86818846,112864499.5,6.5,72.5,6,311,25,35.5,1,0,1,33,131.5,0,0,35,136.5,0,1,0,0,388,1694.5,779,273,506,820.5,288.5,532,521,364,157.5,129.5,42,16,26,169,84.5,84.5,21.5,13,8.5,642.5,322,321,642.5,292.5,350,0,0,0,64.5,49,15.5,1965,43,172,209.5,199,187,180,174,154,134.5,112.5,100.5,85.5,75.5,59.5,35,20,13,11,967.5,21,84.5,101.5,97.5,93.5,88.5,85.5,74,64.5,55,49.5,42.5,38,30.5,17,11,7,6.5,997.5,22,86.5,108.5,101.5,93.5,90.5,89.5,80.5,70.5,57.5,51,42.5,38,29,18,9,6,4,128.5,75.5,432.5,7.5,424.5,386,1016.5,138.5,207,191,497.5,72,217,195,520,66
17,PanaboCity_Maduao,Panabo City,Maduao,rural,4.24,286.5,250,394,883,9,1,115,73.5,42,3,55,0,1,744,141398476,183818018.5,11,117.5,10,506.5,40.5,58,1,0,2,53.5,214,0,0,57.5,222.5,0,2,0,0,632.5,2760,1268,444.5,824,1336.5,470,866,849,592.5,256,211,68,26,42,275.5,137,138,35,21,14,1047,524,522.5,1046.5,476,570.5,0,0,0,105,79.5,25,3200.5,70,279.5,341.5,323.5,304,292.5,283.5,251.5,219,183,163,139,123,96.5,57,33,21,17.5,1575.5,34,138.5,165,159,151.5,144.5,138.5,120.5,104.5,89.5,80.5,69.5,61.5,50,28,18,12,11,1624,36,141.5,176,165,152,148,145,131,114.5,93.5,83.5,69.5,61.5,47,29,15,9,7,209,123.5,704,12.5,691,627.5,1654.5,225,337.5,310.5,809,119,353.5,317,846.5,107
18,PanaboCity_Malativas,Panabo City,Malativas,rural,3.27,220.5,193,303.5,681,7,0,88.5,56.5,32,2,42.5,0,0,574,109023038,141729949.5,8,90.5,8,390.5,31,44.5,1,0,1,41,165,0,0,44.5,172,0,1,0,0,487.5,2127.5,977.5,343,635.5,1030.5,363,668,654.5,457,197.5,162.5,52.5,20,32.5,212,105.5,106.5,27,16,11,807.5,404.5,403,806.5,367,440,0,0,0,81,61.5,19.5,2467.5,54,216,263.5,249.5,234.5,225.5,219,194,169,141.5,126,107.5,94.5,74.5,44,25.5,16,13.5,1215,26,106.5,127.5,122.5,117,111.5,106.5,92.5,80.5,69,62,53.5,47.5,38.5,22,14,9,8,1252.5,28,109.5,136,127,117.5,114,112,100.5,88.5,72.5,64,53.5,47.5,36,22,12,7,5,161.5,95.5,543,9.5,533.5,484,1277,173.5,260,239.5,623,91.5,273.5,244.5,652.5,82
19,PanaboCity_Manay,Panabo City,Manay,urban,7.36,496.5,434,683.5,1533.5,16,1,199.5,127.5,72.5,5,95.5,0,1,1292,245472113,319113747,18,204,18,879,70.5,100.5,2,1,3,92.5,372,0,0,99.5,386.5,1,3,0,0,1098,4791,2201.5,772,1430,2320,816.5,1504,1473.5,1029,444.5,366,118.5,45,73.5,477.5,238,239.5,60.5,36.5,24,1818,910,907,1817,826.5,990.5,0,0,0,182,138.5,44,5555.5,121.5,486,593,561.5,528,508,492.5,436.5,380.5,318.5,283.5,241,214,168,99.5,57.5,36.5,30.5,2736,58.5,240.5,287,275.5,263.5,251,240.5,209,182,155,139,120.5,107.5,86.5,49,31,21,18.5,2819.5,62.5,245.5,305.5,285.5,264.5,256.5,252,227,199,163,144.5,120.5,106.5,81.5,50,26,16,12,363.5,214.5,1222.5,21.5,1200.5,1089.5,2874.5,392,586,539,1404.5,206,613.5,550,1469,185.5
20,PanaboCity_Nanyo,Panabo City,Nanyo,rural,5.23,353,308.5,486.5,1091,11.5,1,142,90.5,51.5,3,68.5,0,1,919,174682060.5,227086679,13,145,13,625.5,50,71.5,1,1,2,65.5,264.5,0,0,71,275.5,1,2,0,0,781.5,3409.5,1567,549,1017.5,1651.5,581,1070,1048.5,732,316.5,260.5,84.5,32,52.5,340,169,170.5,43,26,17,1293,647.5,645.5,1293,588,705,0,0,0,129.5,98.5,31,3953.5,86.5,346,422,399.5,375.5,361,350.5,310.5,270.5,226.5,202,172,152,119.5,70.5,41,26,22,1946.5,42,171,204,196,187,179,171,149,129.5,110.5,99.5,85.5,76.5,61.5,35,22,15,13,2007,44.5,175,217.5,203.5,188,183,179,161.5,141.5,116,102.5,85.5,75.5,58,35.5,19,11,8.5,258.5,152.5,869.5,15.5,854.5,775,2045,279,417,383,1000.5,146.5,437,391.5,1044.5,132
21,PanaboCity_NewMalaga,Panabo City,New Malaga (Dalisay),rural,2.5,169,147,232,520.5,5.5,0,67.5,43,25,2,32.5,0,0,438.5,83322480,108319224,6,69.5,6,298.5,24,34,1,0,1,31.5,126.5,0,0,34,131,0,1,0,0,373,1626,747.5,262,485.5,788,277.5,510.5,500,349,151,124.5,40,15,25,162,80.5,81.5,20.5,12,8,617,309,308,616.5,280.5,336,0,0,0,62,47,15,1885.5,41,165,201,191,179,172,167,148,129,108,96.5,81.5,72.5,57,33.5,19.5,12,10,929,20,81.5,97.5,93.5,89.5,85.5,81.5,71,61.5,52.5,47.5,41,36.5,29.5,17,11,7,6,957,21,83.5,103.5,97.5,89.5,87.5,85.5,77.5,67.5,55.5,49,41,36,28,17,9,5,4,123,72.5,415,7,407,370,974.5,132,199,183,477,70.5,208,187,499.5,63
22,PanaboCity_NewMalitbog,Panabo City,New Malitbog,rural,4.46,301,263,414,929,10,1,121,77.5,44,3,58,0,1,783,148754466,193380806,11,123.5,11,533,42.5,61,1,0,2,56,225.5,0,0,60.5,234,0,2,0,0,665.5,2903,1334.5,467.5,867,1406.5,494.5,911,893,623.5,269.5,222,72,27,45,289.5,144,145,37,22,15,1101,552,550,1101,500.5,600,0,0,0,110.5,83.5,26.5,3366.5,73.5,294.5,359,340,320,307.5,298.5,264.5,230.5,193,172,146,129.5,102,60,35,22,18.5,1658,35.5,145.5,174,167,159.5,152,146,126.5,110.5,94.5,84.5,73,65,52.5,30,19,12.5,11,1708.5,38,149,185,173,160,155.5,153,137.5,120.5,98.5,87.5,73.5,64.5,49.5,30,16,10,7,220,130,741,13,727,660,1741.5,237.5,355,326.5,852,125,372,333,890.5,112.5
23,PanaboCity_NewPandan,Panabo City,New Pandan (Pob.),urban,9.03,609.5,533,839,1882,20,1,245,156,89.5,6,117.5,0,1,1586,301323149,391720093.5,22.5,250.5,22,1079,86.5,123.5,2,1,3.5,113.5,456.5,0,0,122.5,474.5,1,4,0,0,1348,5881,2703,947.5,1755.5,2848,1002.5,1846,1809,1263,546,449,145.5,55,90.5,586,292.5,294,74.5,45,29.5,2231,1117.5,1114,2230,1014.5,1215.5,1,0,0,224,170,54,6819.5,149,596.5,728,689.5,647.5,623.5,604.5,535.5,467.5,391,348,296,262.5,206.5,121.5,70.5,45,37.5,3358,72.5,294.5,352,338.5,323,308.5,295.5,256.5,223,190.5,171,148,131.5,106.5,60.5,38.5,25.5,22.5,3461,76.5,301.5,375,351,324.5,315,309.5,278.5,244,200,177,148,131,100.5,61.5,32.5,19.5,15,446,263.5,1500,26.5,1473.5,1337,3528.5,481,719,661.5,1724.5,253.5,753,675.5,1803,229
24,PanaboCity_NewVisayas,Panabo City,New Visayas,urban,22.54,1522,1329.5,2094.5,4698.5,49.5,3,611.5,390,222.5,14,293.5,1,3,3959,752218096,977883524.5,56,625.5,54.5,2693.5,216,308,6,2,9,283.5,1140,0,0,305.5,1184.5,2,9,0,1,3365,14680,6747,2365,4382,7110,2502,4608.5,4515.5,3153,1362,1121,363.5,137,225.5,1463,729,734,186,112.5,73.5,5570,2789.5,2780.5,5567,2532,3035.5,1,1,1,558.5,424,134.5,17024,372,1489,1816,1720.5,1617,1555.5,1509.5,1337,1166,975.5,869,739,655.5,515.5,304,176,112.5,93.5,8383,180,736,879.5,844.5,806.5,769.5,737.5,640.5,557,475.5,426.5,369,328.5,265.5,151,95.5,63.5,56.5,8641,192,753,937,876,810.5,786.5,772,696,609,499.5,442.5,370,327,250,153,80.5,49,37,1113.5,657.5,3745.5,66,3677,3337.5,8807,1201.5,1795.5,1651,4304,632,1882,1686.5,4502.5,569.5
25,PanaboCity_Quezon,Panabo City,Quezon,rural,6.33,427,373,588,1318.5,14,1,172,109.5,62.5,4,82.5,0,1,1111,211098752,274428378,16,175.5,15,756,60.5,86.5,2,1,2,79.5,320,0,0,85.5,332.5,1,3,0,0,944,4119.5,1893.5,663.5,1230,1995.5,702,1293,1267,884.5,382,314.5,102,38.5,63,410.5,205,206,52,31.5,21,1563.5,783,780.5,1562.5,710.5,851.5,0,0,0,157,119,38,4777.5,104.5,418,510,483,453.5,436.5,423.5,375,327,273.5,244,207,184,144.5,85.5,49.5,31.5,26,2352.5,50.5,206.5,246.5,237,226.5,216,207,180,156,133.5,119.5,103.5,92.5,74.5,42.5,27,18,16,2425,54,211.5,263,246,227.5,221,216.5,195,171,140,124,103.5,91.5,70.5,43,23,14,10,312.5,184,1051,18.5,1032.5,936.5,2470.5,337,503.5,463.5,1208,178,528.5,473.5,1262.5,160.5
26,PanaboCity_Salvacion,Panabo City,Salvacion,urban,12.95,874.5,764,1203.5,2700.5,28.5,2,351,224,128,8,169,0,2,2275.5,432323342,562020345.5,32,359.5,31,1548,124,177,3,1,5,163,655,0,0,176,680.5,1,5,0,1,1934,8437,3878,1359,2519,4086,1438,2648.5,2595,1812,782.5,644.5,209,79,130,841.5,419.5,422,106.5,64.5,42.5,3201.5,1603,1598,3199.5,1455,1744.5,1,0,0,321,243.5,77.5,9784,214,856,1044,989,929,894,867.5,768.5,670,560.5,499.5,424.5,377,296.5,175,101.5,64.5,53.5,4818,103.5,423,505.5,485.5,463.5,442.5,424,368,320,273.5,245.5,212,189,152.5,86.5,55,36.5,32.5,4966,110.5,433,538.5,503.5,465.5,452,443.5,400,350,287.5,254.5,212.5,188,144,88.5,46.5,28,21,640,378,2152.5,38,2114,1918,5061.5,691,1032,949,2474.5,363,1082,969,2588,328
27,PanaboCity_SanFrancisco,Panabo City,San Francisco (Pob.),urban,17.46,1178.5,1030,1622.5,3639.5,38.5,2,473.5,302.5,172.5,11,227.5,0.5,2,3066.5,582667065,757467185,43.5,484.5,42,2086.5,167,238.5,4,2,7,219.5,883,0,0,237,917,2,7,0,1,2606.5,11371,5226,1832,3394.5,5507.5,1938,3569,3497.5,2442.5,1055,868.5,281,106,175,1133.5,565,568.5,144,86.5,57,4314.5,2161,2153.5,4312.5,1961,2351,1,1,0,432.5,328.5,104.5,13187,288.5,1153.5,1407,1333,1252.5,1205.5,1169.5,1035.5,903,755.5,673,572,507.5,399.5,235.5,136.5,86.5,72.5,6493.5,139.5,570,681,654.5,625,596,571,496.5,431.5,368,330.5,285.5,254.5,206,116.5,74.5,49,43.5,6693.5,148.5,583.5,726,678.5,627.5,609.5,598,539,471.5,387,342.5,286.5,253.5,194,118.5,62.5,38,28.5,862.5,509,2901,50.5,2849,2585.5,6821.5,930.5,1390.5,1279.5,3333.5,489.5,1458,1306,3487.5,441.5
28,PanaboCity_SanNicolas,Panabo City,San Nicolas,rural,2.82,190,166,261.5,587.5,6,0,76.5,49,28,2,36.5,0,0,495,94038613.5,122250198,7,78.5,7,337,27,38.5,1,0,1,35.5,142.5,0,0,38,148,0,1,0,0,420.5,1835,843.5,296,548,889,313,576,564.5,394,170,140,45.5,17,28.5,183,91.5,91.5,23,14,9,696.5,349,347.5,696,316.5,379.5,0,0,0,69.5,53,17,2128.5,46.5,186,227,215,202,194.5,189,167,146,122,108.5,92.5,81.5,64.5,38,22,14,12,1048,22.5,92.5,110,105.5,100.5,96.5,92.5,80.5,69.5,59.5,53.5,46,41,33,19,12,8,7,1080,24,94.5,117.5,109.5,101.5,98.5,96.5,87,76.5,62.5,55.5,46,41,31,19,10,6,5,139,82.5,468.5,8,459.5,417,1101,150.5,225,206,539,79,236,211,563.5,71
29,PanaboCity_SanPedro,Panabo City,San Roque,rural,0.65,44,38.5,60.5,136,1,0,18,11,6,0,8.5,0,0,114.5,21795526.5,28334184,2,18,2,78,6,9,0,0,0,8,33,0,0,9,34.5,0,0,0,0,97.5,425.5,195.5,68.5,127,206,72.5,133.5,131,91,39.5,32.5,10.5,4,6.5,42.5,21,21,5,3,2,161.5,80.5,80.5,161,73.5,87.5,0,0,0,16,12,4,493.5,11,43,52.5,50,47,45,44,39,34,28,25,21.5,19,15,9,5,3,3,243,5,21,25.5,24.5,23.5,22,21,18.5,16,14,12,11,9.5,8,4,3,2,2,250.5,6,22,27,25.5,23.5,23,22,20,18,14.5,13,11,9.5,7,4,2,1,1,32.5,19,108.5,2,106.5,97,255.5,35,51.5,48,124,19,55,49,131,15
30,PanaboCity_SanRoque,Panabo City,San Vicente,urban,19.66,1327.5,1159.5,1827,4098,43.5,2.5,533,340,194,12,256,1,2,3453,656090744,852917967,49,546,47.5,2349,188,268.5,5,2,8,247,994.5,0,0,266.5,1033,2,8,0,1,2935,12804.5,5885,2062.5,3822.5,6201.5,2182.5,4019.5,3938,2750.5,1188.5,978,316.5,120,197,1276,636.5,640.5,162,97.5,64.5,4858.5,2433,2425,4855.5,2208,2647.5,1,1,0,487,370,117.5,14848,324.5,1299,1584.5,1501,1410.5,1357.5,1316.5,1166,1016.5,850.5,758,644.5,571.5,449.5,265.5,154,97.5,81.5,7312,157,642.5,767,737,703.5,671,643.5,559,485.5,415,372,322,286.5,231.5,131.5,83.5,55.5,49,7536.5,167,657,817.5,764,707,686,673.5,607,531,436,386,322.5,285.5,218,133.5,70.5,42.5,32,971,573,3266.5,57.5,3208,2911.5,7681,1048,1566.5,1440.5,3754.5,551,1641.5,1471,3927.5,496.5
31,PanaboCity_SanVicente,Panabo City,Santa Cruz,rural,1.66,112.5,98,154.5,346,4,0,45,29,16,1,22,0,0,291.5,55442370,72075080.5,4,46,4,198.5,16,23,0,0,1,21,84,0,0,22.5,87.5,0,1,0,0,248,1082,497.5,174.5,323,524,184.5,340,332.5,232.5,100,82.5,27,10,16.5,107.5,53.5,54,14,8,5,410.5,205.5,205,410.5,187,223.5,0,0,0,41,31,10,1255,27.5,109.5,134,127,119.5,114.5,111.5,98.5,85.5,71.5,64,54.5,48.5,38,22.5,13,8,7,618,13,54.5,64.5,62.5,59.5,56.5,54.5,47,41,35,31.5,27,24,19.5,11,7,5,4,636.5,14,55.5,69,64.5,59.5,58,57,51.5,45,37,32.5,27,24,18.5,11,6,4,3,82,48.5,276.5,5,271,246.5,648.5,88.5,132,122,316.5,46.5,138.5,124,332,42.5
32,PanaboCity_SantaCruz,Panabo City,Santo Nino (Pob.),urban,5.89,398,348,548,1228.5,13,1,160,102,58.5,4,76.5,0,1,1035.5,196704623.5,255716010.5,15,163.5,14,704.5,56.5,80.5,2,1,2,74,298,0,0,80,309.5,1,2,0,0,880,3839,1764.5,618.5,1146,1859.5,654,1205,1180.5,825,356,293.5,95,36,59,383,191,192,48.5,29.5,19,1456.5,729,727,1456,662,793.5,0,0,0,146,110.5,35,4451.5,97.5,389.5,475,450,423,407,395,349.5,305,255,227,193,171,135,79.5,46,29.5,24.5,2192,47,192.5,230,221,211,201,193,168,145.5,124.5,111.5,96.5,85.5,69.5,39.5,25,16.5,15,2259.5,50,197,245,229,212,206,202,182,159,130.5,115.5,96.5,85.5,65.5,40,21,13,10,291,172,979.5,17.5,962,873,2302.5,314.5,469.5,432,1125.5,165.5,492,441,1177,149.5
33,PanaboCity_SantoNino,Panabo City,Sindaton,rural,4.62,312,272.5,429.5,963,10,1,125.5,80,45.5,3,60,0,1,811.5,154203347,200464352,11.5,128.5,11,552,44,63,1,0,2,58,233.5,0,0,62.5,242.5,0,2,0,0,690,3009.5,1383,485,898.5,1457.5,513,944.5,925.5,646,279.5,229.5,74.5,28,46,300,149.5,150.5,38,23,15,1142,572,570,1141,519,622.5,0,0,0,114.5,86.5,27.5,3490,76.5,305.5,372,353,331.5,319,309.5,274.5,239,200,178,151.5,134.5,105.5,62.5,36,23,19,1718.5,37,151,180,173,165,158,151,131.5,114.5,97.5,87.5,75.5,67.5,54.5,31,20,13,12,1771.5,39.5,154.5,192,180,166,161,158,142.5,125,102.5,90.5,75.5,67,51.5,31.5,16.5,10,8,228,134.5,768,13.5,754,684.5,1806,246,368,338,883,130.5,386,346,922,117.5
34,PanaboCity_Sindaton,Panabo City,Southern Davao,urban,12.27,828.5,724,1140.5,2559,27,2,333,212.5,121.5,8,160,0,1.5,2156,409619669,532505570,30.5,340.5,29.5,1467,117.5,168,3,1,5,154,620.5,0,0,166.5,644.5,1,5,0,1,1832,7994.5,3674,1287.5,2386.5,3871.5,1362.5,2509,2459,1717,741.5,610.5,197.5,75,123,797,397,400,101.5,61,40,3033.5,1519,1514,3031.5,1378.5,1653,1,0,0,304,231,73.5,9270.5,202.5,811,989.5,937,880.5,847.5,822.5,728,634.5,531,473.5,402.5,357,280.5,165.5,96.5,61,50.5,4565,98.5,401,478.5,459.5,439.5,419,401.5,349,303.5,259,232.5,201,179,144.5,82.5,52,34.5,31,4705.5,104.5,410,510,477,441.5,428.5,420.5,379,332,272.5,241,201.5,178,136,83.5,44,26.5,20,606,358,2039.5,36,2003,1817.5,4796.5,654,978,899,2344.5,344.5,1024.5,918.5,2453,310
35,PanaboCity_SouthernDavao,Panabo City,Tagpore,rural,2.24,151,132,208,466,5,0,60.5,38.5,22,1,29,0,0,393,74604269.5,96985551,6,62,5,267.5,21.5,30.5,1,0,1,28,113,0,0,30,117.5,0,1,0,0,334,1456,669.5,234.5,434.5,705,248,457.5,447.5,313,135,111.5,36,14,22,145,72.5,72.5,18.5,11,7,552,276.5,275.5,552,251,301,0,0,0,55.5,42,13,1688.5,37,148,180,171,160.5,154,150,132.5,115.5,96.5,86.5,73.5,65,51,30,17.5,11,9,831.5,18,73,87.5,83.5,80,76.5,73.5,63.5,55.5,47,42.5,36.5,32.5,26,15,9.5,6,6,857,19,74.5,92.5,86.5,80.5,78,76.5,69,60.5,49.5,44,36.5,32.5,25,15,8,5,4,110.5,65.5,371,6.5,365,331.5,873.5,118.5,178.5,163.5,427.5,62.5,186,167,446.5,57
36,PanaboCity_Tagpore,Panabo City,Tibungol,rural,2.26,153,133.5,210.5,472,5,0,61.5,39,22,1,29.5,0,0,398,75557824,98225171,6,62.5,5.5,270.5,22,31,1,0,1,28.5,114.5,0,0,31,119,0,1,0,0,338,1475,677.5,237.5,440.5,714.5,251,462.5,453.5,316.5,136.5,112.5,36.5,14,23,147,73.5,73.5,19,11,7,559.5,280.5,279.5,559,254.5,305,0,0,0,56,42.5,13.5,1710,37.5,149.5,182,173,162.5,156,151.5,134.5,117,98,87.5,74.5,65.5,52,30.5,18,11,9,842,18,74,88.5,84.5,81,77.5,74,64.5,56,48,43,37,33,27,15,10,6,6,868,19,75.5,94.5,88,81.5,79,77.5,70,61.5,50,44.5,37,33,25,15,8,5,4,111.5,66,376,6.5,369,335.5,884.5,120.5,180.5,165.5,433,64,189,169.5,452.5,57
37,PanaboCity_Tibungol,Panabo City,Upper Licanan,rural,2.16,146,127.5,201,450.5,5,0,58.5,37.5,21,1,28,0,0,379.5,72106865.5,93738925,5,60,5,258.5,21,29.5,1,0,1,27,109.5,0,0,29,113.5,0,1,0,0,322.5,1407.5,647,226.5,420,681.5,240,442,433,302,130.5,107.5,35,13,22,140.5,70,70.5,18,11,7,534,267.5,266.5,534,242.5,291,0,0,0,53.5,40.5,13,1632,35.5,143,174,165,155,149,144.5,128,111.5,93.5,83.5,70.5,62.5,49.5,29,17,11,9,803.5,17,70.5,84.5,81,77.5,73.5,70.5,61.5,53.5,45.5,41,35.5,31.5,25.5,14.5,9,6,5,828.5,18,72.5,89.5,84,77.5,75.5,74,66.5,58.5,48,42.5,35.5,31.5,24,15,8,5,4,106.5,63,359,6,352.5,320,843,115.5,172,158.5,412.5,60,180,161.5,432,56
38,PanaboCity_UpperLicanan,Panabo City,Waterfall,rural,1.32,89.5,78,122.5,275.5,3,0,36,23,13,1,17,0,0,232,44090533,57317693,3,36.5,3,158,13,18,0,0,1,17,66.5,0,0,18,69.5,0,1,0,0,197,860.5,395.5,138.5,257,416.5,147,270.5,264.5,185,80,66,21.5,8,13.5,85.5,43,43,11,7,4,326.5,163.5,163,326.5,148.5,178,0,0,0,33,25,8,997.5,22,87.5,106.5,100.5,94.5,91.5,88.5,78.5,68.5,57,51,43.5,38.5,30,18,10,7,5,491.5,10.5,43,51.5,49.5,47.5,45,43,37.5,32.5,28,25,22,19,15.5,9,6,4,3,506.5,11,44,55,51.5,47.5,46,45.5,41,36,29,26,22,19,15,9,5,3,2,65.5,38.5,219.5,4,216,195,517,70,105,97,252,37.5,110,99,264.5,34
39,PanaboCity_Waterfall,Panabo City,San Pedro,urban,5.7,385,336.5,530,1189.5,12.5,1,155,98.5,56.5,4,74.5,0,1,1002.5,190393002.5,247510903,14,158,14,681.5,54.5,78,1,1,2,71.5,288.5,0,0,77.5,299.5,1,2,0,0,851.5,3715.5,1708,598.5,1109,1799.5,633.5,1166.5,1142.5,798.5,345,283.5,92,35,57.5,370,185,186,47,28.5,19,1409.5,706,704,1409,640.5,768,0,0,0,141.5,107.5,34,4308.5,94.5,377,459.5,435.5,409.5,394,382,338.5,295.5,247,220,187,166,130.5,77,44.5,28.5,23.5,2121.5,45.5,186,222.5,214,204,195,187,162,141,120.5,108,93.5,83.5,67.5,38,24,16,14,2187,48.5,191,237,222,205,199,195,176,154,126.5,112,93.5,82.5,63.5,39,20.5,12,9,281.5,166,948,16.5,931,845,2230,304,454,418,1090.5,159.5,476.5,427,1138.5,144
40,SamalCity_Adecor1,Samal City,Adecor,urban,5.38,102,109,393.5,507,13,0,69.5,43,26,1,21.5,0,0,490,93098502,121028052.5,7,77.5,7,333.5,26.5,38,1,0,2,24.5,91.5,0,0,8,28.5,0,0,0,0,457.5,1837.5,771.5,270.5,501,813.5,286,527,516.5,360.5,156,128.5,41.5,16,26,179.5,89.5,89.5,22,12,10,655,328.5,327.5,605.5,259,346.5,0,0,0,70.5,52,18,1959.5,41.5,175.5,210.5,202.5,181.5,165,153.5,129,123,116.5,104.5,92.5,79,65.5,46.5,31,22,19.5,948.5,20,85.5,102.5,96,86,80.5,74,60.5,58,56.5,50.5,44.5,38.5,32.5,23,16.5,12,11,1011,21.5,89.5,108.5,106.5,95.5,84.5,79.5,68.5,64.5,60.5,53.5,48,40.5,33,23.5,14.5,10,8,127.5,81.5,431.5,7.5,427.5,384,963,184.5,208,182,463,95,219.5,202,499.5,89
41,SamalCity_Adecor2,Samal City,Adecor,urban,5.38,102,109,393.5,507,13,0,69.5,43,26,1,21.5,0,0,490,93098502,121028052.5,7,77.5,7,333.5,26.5,38,1,0,2,24.5,91.5,0,0,8,28.5,0,0,0,0,457.5,1837.5,771.5,270.5,501,813.5,286,527,516.5,360.5,156,128.5,41.5,16,26,179.5,89.5,89.5,22,12,10,655,328.5,327.5,605.5,259,346.5,0,0,0,70.5,52,18,1959.5,41.5,175.5,210.5,202.5,181.5,165,153.5,129,123,116.5,104.5,92.5,79,65.5,46.5,31,22,19.5,948.5,20,85.5,102.5,96,86,80.5,74,60.5,58,56.5,50.5,44.5,38.5,32.5,23,16.5,12,11,1011,21.5,89.5,108.5,106.5,95.5,84.5,79.5,68.5,64.5,60.5,53.5,48,40.5,33,23.5,14.5,10,8,127.5,81.5,431.5,7.5,427.5,384,963,184.5,208,182,463,95,219.5,202,499.5,89
42,SamalCity_Anonang,Samal City,Anonang,rural,7.12,135,144.5,521,671,17,0,91.5,57.5,34,2,28,0,0,648.5,123192444,160150177.5,9,102.5,9,441.5,35.5,50.5,1,1,2,32.5,121,0,0,10,37.5,0,1,0,0,605,2432,1021,357.5,663.5,1076,378.5,697.5,683.5,477,206,169.5,55,21,34.5,237,119,118.5,29,15.5,13,867,434.5,432.5,801,343,458.5,1,1,0,93,68.5,24,2593.5,55.5,232,279,268,240,218.5,203.5,170.5,162.5,154,138,122.5,104.5,87,61.5,40.5,29.5,26,1256,26.5,113,135.5,127,114,106.5,98,80.5,76.5,74.5,67,59.5,51,43.5,31,22,16,15,1337.5,28.5,119,143.5,141,126,112,105,90,86,80,71.5,63.5,53.5,43.5,31,19,13.5,11,168.5,107.5,570.5,10,566.5,508,1274,244.5,275,241,613.5,127.5,291,267,661.5,118
43,SamalCity_Aumbay,Samal City,Aumbay,rural,5.76,109,117,421.5,543,14,0,74.5,46.5,27.5,2,23,0,0,524.5,99670742.5,129571965,7.5,83,7,357,28.5,40.5,1,0,2,26,98,0,0,8,30.5,0,0,0,0,490,1967.5,826,289.5,536.5,870.5,306.5,564.5,553,386,167,137.5,44.5,17,27.5,191.5,96,96,23.5,12.5,11,701.5,351.5,350,648,277.5,371,0.5,0,0,75.5,55.5,19.5,2098.5,44.5,187.5,225.5,217,194.5,176.5,164.5,138,132,125,112,99,84.5,70.5,49.5,33,24,21,1016,21.5,91.5,109.5,103,92,86,79.5,65.5,62.5,60.5,54.5,47.5,41.5,35,25,17.5,13,12,1082.5,23,96,116,114,102,90.5,85,73,69.5,64.5,57.5,51.5,43.5,35.5,25,15.5,11,9,136.5,87,461.5,8,457.5,411.5,1031.5,198,222.5,195,497.5,102.5,235,216,535,96
44,SamalCity_Aundanao,Samal City,Aundanao,rural,3.68,69.5,74.5,269,346.5,9,0,47.5,29.5,17.5,1,14.5,0,0,335,63646958.5,82741046.5,5,53,5,228,18,26,0,0,1,17,62.5,0,0,5,19.5,0,0,0,0,312.5,1256,527.5,185,342.5,556,195.5,360.5,353,246.5,106.5,88,28,11,18,122.5,61.5,61.5,15,8,7,447.5,224.5,223.5,414,177.5,237,0,0,0,48,35.5,12.5,1340,28.5,120,144,138.5,124,113,105,88,84,79.5,71.5,63.5,54,45,32,21,15,13,649,14,58.5,70,65.5,58.5,55,50.5,41.5,39.5,38.5,34.5,30.5,26.5,22.5,16,11,8,8,691.5,15,61.5,74.5,72.5,65.5,57.5,54.5,46.5,44.5,41.5,37,33,27.5,22.5,16,10,7,6,87,55.5,294.5,5,292.5,262.5,658.5,126,142.5,124,316.5,65.5,151,138,342,61.5
45,SamalCity_Balet1,Samal City,Balet,rural,8.25,156.5,167.5,603.5,777.5,20,0,106,66.5,39.5,2,33,0,0,751,142760919,185589195,11,119,10,511,41,58.5,1,1,2.5,37.5,141,0,0,12,43.5,0,1,0,0,701.5,2818,1183.5,414.5,768.5,1247,438.5,808,792,553,239,197,64,24,40,275,137.5,137,33.5,18,15.5,1005,503,502,928.5,397,531,1,1,0,108,79.5,28,3005.5,63.5,269,323.5,310.5,278.5,253,235.5,197.5,188.5,178.5,160,142,121,100.5,71.5,47.5,34,30,1455.5,30.5,131,157,147.5,132,123,113.5,93.5,89,86,77.5,68.5,59.5,50.5,35.5,25,18.5,17,1550.5,33,138,166.5,163.5,146.5,130,122,104.5,99.5,92.5,82.5,73.5,62.5,50.5,36,22,16,13,195,125,661,11.5,656,589,1476,283.5,318.5,279.5,710.5,146.5,337.5,310,767,137.5
46,SamalCity_Balet2,Samal City,Balet,rural,8.25,156.5,167.5,603.5,777.5,20,0,106,66.5,39.5,2,33,0,0,751,142760919,185589195,11,119,10,511,41,58.5,1,1,2.5,37.5,141,0,0,12,43.5,0,1,0,0,701.5,2818,1183.5,414.5,768.5,1247,438.5,808,792,553,239,197,64,24,40,275,137.5,137,33.5,18,15.5,1005,503,502,928.5,397,531,1,1,0,108,79.5,28,3005.5,63.5,269,323.5,310.5,278.5,253,235.5,197.5,188.5,178.5,160,142,121,100.5,71.5,47.5,34,30,1455.5,30.5,131,157,147.5,132,123,113.5,93.5,89,86,77.5,68.5,59.5,50.5,35.5,25,18.5,17,1550.5,33,138,166.5,163.5,146.5,130,122,104.5,99.5,92.5,82.5,73.5,62.5,50.5,36,22,16,13,195,125,661,11.5,656,589,1476,283.5,318.5,279.5,710.5,146.5,337.5,310,767,137.5
47,SamalCity_Balet3,Samal City,Balet,rural,8.25,156.5,167.5,603.5,777.5,20,0,106,66.5,39.5,2,33,0,0,751,142760919,185589195,11,119,10,511,41,58.5,1,1,2.5,37.5,141,0,0,12,43.5,0,1,0,0,701.5,2818,1183.5,414.5,768.5,1247,438.5,808,792,553,239,197,64,24,40,275,137.5,137,33.5,18,15.5,1005,503,502,928.5,397,531,1,1,0,108,79.5,28,3005.5,63.5,269,323.5,310.5,278.5,253,235.5,197.5,188.5,178.5,160,142,121,100.5,71.5,47.5,34,30,1455.5,30.5,131,157,147.5,132,123,113.5,93.5,89,86,77.5,68.5,59.5,50.5,35.5,25,18.5,17,1550.5,33,138,166.5,163.5,146.5,130,122,104.5,99.5,92.5,82.5,73.5,62.5,50.5,36,22,16,13,195,125,661,11.5,656,589,1476,283.5,318.5,279.5,710.5,146.5,337.5,310,767,137.5
48,SamalCity_Bandera,Samal City,Bandera,rural,4.99,94.5,101.5,365,470.5,12,0,64.5,40,24,1,20,0,0,454.5,86378015.5,112291420,6.5,71.5,6,309.5,25,35.5,1,0,1.5,22.5,85,0,0,7,26,0,0,0,0,424.5,1705.5,716,250.5,465,754.5,265.5,489,479,334.5,144.5,119,38.5,15,24,166.5,83.5,83,20,11,9,608,304.5,303.5,561.5,240.5,321.5,0,0,0,65.5,48.5,17,1818.5,38.5,162.5,195.5,188.5,168.5,153,142.5,120,114,108,97,86,73.5,60.5,43.5,28.5,21,18,880,18.5,79.5,95,89.5,79.5,74.5,68.5,56.5,53.5,52,47,41.5,35.5,30.5,21.5,15,11,10,938,20,83.5,100.5,99,88.5,78.5,73.5,63.5,60.5,56.5,50,44.5,37.5,30.5,21.5,13.5,9.5,8,118.5,75.5,400,7,396.5,357,894,171.5,193,169,429,88,204,187.5,464.5,83
49,SamalCity_Caliclic,Samal City,Caliclic (Dangca-An),urban,6.81,129,138,498,641,16.5,0,87.5,54.5,32.5,2,27,0,0,620,117756757,153083784,9,98,8.5,421.5,34,48.5,1,1,2,31,116,0,0,10,36,0,1,0,0,578.5,2324.5,976,342,634,1028.5,362,666.5,653.5,456.5,197,162,52.5,20,32.5,226.5,113.5,113,27.5,15,13,828.5,415,413.5,766,327.5,438,1,1,0,89,65.5,23,2479.5,52.5,221.5,266.5,256,229.5,209,194.5,163,155.5,147.5,132,117,100,83,58.5,39,28,24.5,1200.5,25.5,108,129,122,109,102,93.5,77,73.5,70.5,64.5,56.5,48.5,41.5,29.5,21,15,14,1279,27.5,113.5,137,135,121,107,100.5,86.5,82.5,76.5,68.5,60.5,51.5,41.5,29.5,18,13,10.5,161,103,545.5,9.5,540.5,485.5,1218.5,233,262.5,231,586,121,278,256,633.5,112.5
50,SamalCity_Camudmud,Samal City,Camudmud,rural,7.33,139,148.5,535.5,690,18,0,94.5,58.5,35,2,29,0,0,667,126700933.5,164711213.5,9.5,105.5,9,453.5,36.5,51.5,1,1,2,33,125,0,0,10,38.5,0,1,0,0,622.5,2501,1050.5,368,682,1106.5,389.5,717,703,490.5,212.5,174.5,56.5,21,35,244,122,122,29.5,16,14,892,446.5,445.5,823.5,352.5,471.5,1,1,0,95.5,70.5,25,2667,56.5,238.5,287,276,247,225,209,175.5,167.5,158.5,142,126,107.5,89.5,63.5,42,30.5,26.5,1291.5,27,116,139,131,117,109.5,101,82.5,79,76.5,68.5,60.5,52.5,44.5,31.5,22,16.5,15,1376,29.5,122,147.5,145,130,115,108,92.5,88.5,82.5,73.5,65.5,55.5,45,32,19.5,14,11,173.5,111,586.5,10.5,582,523,1311,252,282,248,630,129.5,299,275,681,121.5
51,SamalCity_Catagman,Samal City,Catagman,rural,3.71,70.5,75.5,271,349,9,0,47.5,29.5,18,1,15,0,0,337.5,64091697,83319206,5,53.5,5,229.5,18.5,26,0,0,1,17,63.5,0,0,5,19.5,0,0,0,0,314.5,1265,531,186.5,345.5,560,197,362.5,355.5,248.5,107,88,28.5,11,18,123,61.5,61.5,15,8,7,451.5,226,225,416.5,178.5,238.5,0,0,0,48.5,35.5,12.5,1349.5,28.5,121,145,139.5,125,114,106,89,84.5,80.5,71.5,63.5,54.5,45.5,32,21,15,13.5,653,14,58.5,70.5,66.5,59.5,55.5,51,42,40,38.5,35,30.5,26.5,22.5,16,11,8,8,696.5,15,61.5,74.5,73.5,65.5,58.5,54.5,47,44.5,41.5,37,33,28,23,16,10,7,6,87.5,56,297,5,294.5,264.5,663.5,127,143,126,319,65.5,151,139,344,62
52,SamalCity_Cawag,Samal City,Cawag,rural,7.39,140,150,540,695.5,18,0,95,59.5,35.5,2,29.5,0,0,672.5,127738655.5,166060252.5,9.5,106,9,457.5,36.5,52.5,1,1,2,33.5,126,0,0,10.5,39,0,1,0,0,627.5,2521.5,1058.5,371,688,1116,392.5,723,708.5,495,213.5,176,57,21.5,35.5,246,123,123,30,16,14,899,450.5,448.5,830.5,355.5,475,1,1,0,96.5,71.5,25,2689,57.5,240.5,289,278,249,226.5,210.5,177,168.5,160,143,127,108.5,90,63.5,42.5,30.5,27,1302,27.5,117,140.5,132,118,110.5,101.5,83.5,79.5,77,69.5,61.5,52.5,44.5,32,22.5,16.5,15.5,1387,29.5,123,149,146,131,116,109,93.5,89,83,73.5,65.5,55.5,45.5,32,20,14,11,174.5,111.5,591.5,10.5,587,527,1321,253.5,285,250,635.5,131,301.5,277,685,122.5
53,SamalCity_Cogon2,Samal City,Cogon,rural,8.38,159,170,613,789.5,20,0,108,67.5,40,2,33.5,0,0,763,144935194,188415752.5,11,120.5,10.5,519,41.5,59.5,1,1,3,38,143,0,0,12,44,0,1,0,0,712,2861,1201.5,421,780,1266,445.5,820,804,561.5,242.5,199.5,65,24.5,40,279,140,139,34,18,16,1020,511,509,942.5,403.5,539,1,1,0,109.5,81,28.5,3051,64.5,273,328.5,315.5,282.5,257,239,200.5,191.5,181.5,162.5,144,123,102,72.5,48,34.5,30.5,1477.5,31,133,159.5,150,134,125,115,94.5,90.5,87.5,78.5,69.5,60,50.5,36,25.5,19,17.5,1574,33.5,140,168.5,166,149,132,124,106,101,94,83.5,74.5,63.5,51.5,36.5,22.5,16,13,198,127,671.5,11.5,666,598,1499,287.5,323.5,284,720.5,148.5,342,315,778.5,139.5
54,SamalCity_Cogon1,Samal City,Cogon (Talicod),rural,5.83,110.5,118,426.5,549.5,14,0,75,46.5,28,2,23,0,0,531,100906125.5,131177963.5,7.5,84,7,361,29,41.5,1,0,2,26.5,99.5,0,0,8,30.5,0,0,0,0,496,1992,836.5,293,543,881.5,310,571.5,560,391,169,139,45,17,28,194.5,97,97,23.5,13,11,710.5,355.5,354.5,656,281,375,1,0,0,76.5,56.5,20,2124.5,45,189.5,228.5,219.5,196.5,179,166.5,140,133,126,113,100.5,85.5,71.5,50.5,33.5,24,21,1028.5,22,92.5,111,104,93.5,87.5,80.5,65.5,62.5,60.5,54.5,48.5,41.5,35.5,25,18,13,12,1095.5,23.5,97.5,117.5,115.5,103.5,92,86,73.5,70.5,65.5,58.5,52,44,35.5,25,16,11,9,138,88,467.5,8,463,416,1043.5,200.5,225.5,197.5,501,103.5,238.5,219,542,96.5
55,SamalCity_Dadatan,Samal City,Dadatan,rural,4.06,77,82.5,297,382,10,0,52.5,32.5,19.5,1,16,0,0,369.5,70219199,91284959,5,58.5,5,251,20,29,1,0,1,18.5,69.5,0,0,6,21.5,0,0,0,0,345,1386,582,204,378,613,216,397.5,389.5,272,117.5,97,31,12,19.5,135,67.5,67.5,16.5,9,8,494,247.5,247,456.5,195.5,261,0,0,0,53,39.5,14,1478.5,31.5,132,159,153,137,125,116,97.5,92.5,88,78.5,69.5,59.5,49.5,35,23,17,15,715.5,15,64.5,77.5,72.5,64.5,60.5,55.5,46,43.5,42.5,38,33.5,29,24.5,17.5,12,9,8.5,763,16,67.5,81.5,80.5,72,63.5,59.5,51.5,49,45.5,40.5,36,30.5,25,17.5,11,8,6,96,61.5,325.5,5.5,322.5,290,726.5,139.5,157,137,348.5,71.5,165,152.5,376,67.5
56,SamalCity_DelMonte,Samal City,Del Monte,rural,5.47,104,111,400,515,13,0,70.5,44,26,1.5,22,0,0,498,94630377.5,123019490.5,7,78.5,7,339,27,38.5,1,0,2,25,93,0,0,8,29,0,0,0,0,465,1868,784,275,509.5,826.5,291,535.5,525,366.5,158,130,42.5,16,26.5,182.5,91,91,22,12,10,666,333.5,332.5,615,263,352,0,0,0,71.5,52.5,18.5,1992,42.5,178,214.5,206,184.5,168,156,131,125,118,106,94,80.5,66.5,47.5,31.5,22.5,20,964.5,20.5,87,104,98,87.5,81.5,75.5,61.5,58.5,57,51.5,45.5,39,33,23.5,17,12,11,1028,22,91.5,110,108,97,86,80.5,69.5,66.5,61.5,54.5,48.5,41,33.5,24,15,10,8,129.5,82.5,438.5,7.5,435,390.5,978.5,188,211.5,185.5,470,96.5,223.5,205,508,90.5
57,SamalCity_Guilon,Samal City,Guilon,rural,4.44,84,90,324.5,418,11,0,57.5,35.5,21,1,17.5,0,0,404,76742024,99764631,6,63.5,6,275,22,31.5,1,0,1,20,75.5,0,0,6,23.5,0,0,0,0,377,1515,636,223,413,670,236,434,425.5,297.5,128,105.5,34,13,21,148,74,73.5,18,10,8,540,270.5,269.5,499,213.5,285.5,0,0,0,57.5,43,15,1615.5,34.5,144.5,173.5,167,149.5,136,127,106,101.5,96,86,76.5,65.5,54.5,38.5,25.5,18.5,16,782,16.5,70.5,84.5,79.5,71,66.5,61.5,50.5,47.5,46.5,41.5,37,32,27,19,13.5,10,9,833.5,18,74,89.5,88,78.5,69.5,65.5,56.5,53.5,49.5,44.5,39.5,33.5,27,19,12,8,7,105,67.5,355.5,6,352.5,316.5,794.5,153,171.5,150.5,383,78.5,181.5,166.5,412,73
58,SamalCity_Kanaan,Samal City,Kanaan,rural,4.14,78.5,84,303,390,10,0,53.5,33,20,1,16.5,0,0,377,71652244,93147917,5,59.5,5,257,20.5,29.5,1,0,1,19,70.5,0,0,6,22,0,0,0,0,352,1414.5,594,208,385.5,626,220,405.5,397.5,277.5,120,99,32,12,20,138,69.5,68.5,17,9,8,504,253,252,466,199.5,266.5,0,0,0,54,40,14,1508.5,32,135,162,156,140,127,118,99,94.5,89.5,80.5,71.5,60.5,50.5,36,24,17,15,730.5,15.5,65.5,78.5,74,66.5,61.5,57,46.5,44.5,43,39,34.5,29.5,25,18,13,9,9,778,16.5,69.5,83.5,82,73.5,65.5,61.5,52.5,50,46.5,41.5,37,31,25.5,18,11,8,6,98,62.5,331.5,6,329,296,740.5,142.5,159.5,140.5,355.5,74,169.5,155.5,385.5,68.5
59,SamalCity_Kinawitnon,Samal City,Kinawitnon,rural,5.64,107,114,412,531,14,0,72.5,45.5,27,2,22.5,0,0,513,97496467,126745407,7,81,7,349,28,40,1,0,2,25.5,96,0,0,8,29.5,0,0,0,0,479,1924.5,808.5,283,524.5,851.5,300,552,541,377.5,163.5,134.5,43.5,16,27,187.5,94,93.5,23,12,10.5,686.5,343.5,342.5,634,271,363,0,0,0,73.5,54.5,19,2052.5,43.5,183.5,220.5,212.5,190.5,173,161,135,129,122,109.5,97,82.5,68.5,48.5,32.5,23.5,20.5,994,21,89.5,107,100.5,90,84.5,77.5,63.5,60.5,58.5,53,46.5,40.5,34,24.5,17,13,12,1058.5,22.5,94,113.5,111.5,100,88.5,83.5,71.5,68,63.5,56.5,50.5,42.5,34.5,24.5,15,11,9,133.5,85.5,451.5,8,447.5,403,1009,193.5,217.5,190.5,484.5,100.5,230,211.5,524.5,94
60,SamalCity_Libertad,Samal City,Libertad,rural,6.81,129,138,498,641,16.5,0,87.5,54.5,32.5,2,27,0,0,619.5,117707341.5,153019544,9,98,8.5,421.5,33.5,48.5,1,1,2,31,116,0,0,10,36,0,1,0,0,578.5,2323.5,976,342,633.5,1028,362,666.5,653,456,197,162,52.5,20,32.5,226.5,113.5,113,27.5,15,13,828.5,415,413.5,765,327.5,437.5,1,1,0,89,65.5,23,2478,52.5,221.5,266.5,256,229.5,208.5,194.5,163,155.5,147,132,117,100,83,58.5,39,28,24.5,1199.5,25.5,108,129,122,109,102,93.5,77,73.5,70.5,64.5,56.5,48.5,41.5,29.5,21,15,14,1278,27.5,113.5,137,135,121,107,100.5,86,82,76.5,68.5,60.5,51.5,41.5,29.5,18,13,10.5,161,103,545,9.5,540.5,485.5,1217.5,233,262.5,231,586,121,278,256,632.5,112.5
61,SamalCity_Libuak,Samal City,Libuak,rural,4.21,79.5,85.5,307.5,396,10,0,54.5,33.5,20,1,17,0,0,383,72739381.5,94561196,5,60.5,5,260.5,21,30,1,0,1,19,71.5,0,0,6,22,0,0,0,0,357.5,1435.5,603,211,391.5,635.5,223.5,411.5,403.5,282,121.5,100,32,12,20,140,70.5,69.5,17,9,8,512,256,256,473,202.5,270.5,0,0,0,54.5,40.5,14,1531,32.5,137,164.5,158.5,142,129,120,101,96,91,81.5,72.5,61.5,51.5,36.5,24,17.5,15,741.5,16,66.5,80,75.5,67.5,62.5,57.5,47.5,45.5,43.5,39.5,35,30,25.5,18,13,9.5,9,790,17,70.5,84.5,83.5,74.5,66.5,62.5,53.5,50.5,47.5,42,37.5,31.5,26,18,11,8,6.5,99.5,63.5,337,6,334,300.5,752.5,144.5,162.5,143,361,75,172,158,391.5,69.5
62,SamalCity_Licup,Samal City,Licup,rural,2.54,48.5,51.5,185.5,239,6,0,32.5,20.5,12,1,10,0,0,231,43930238,57109309,3,36.5,3,157.5,12.5,18,0,0,1,11.5,43.5,0,0,4,13,0,0,0,0,216,867,364.5,127.5,236.5,384,135,248.5,244,170.5,73.5,60.5,19.5,7,12.5,84.5,42.5,42.5,10,5.5,5,309.5,155,154.5,285.5,122,163.5,0,0,0,33,24.5,9,925,19.5,82.5,99.5,95.5,85.5,78,72.5,60.5,58,55,49.5,43.5,37.5,31,22,14.5,10.5,9,447.5,9.5,40.5,48.5,45.5,40.5,38,35,28.5,27.5,26.5,24,21,18,15.5,11,8,6,5,477,10,42.5,51.5,50.5,45,40,37.5,32,30.5,28.5,25.5,22.5,19,15.5,11,7,5,4,60,38.5,203.5,3.5,201.5,181,454.5,87,98.5,86,218.5,45.5,104,95.5,235.5,42.5
63,SamalCity_Limao,Samal City,Limao,rural,7.13,135,145,522,672,17,0,92,57.5,34,2,28.5,0,0,649.5,123390105.5,160407137,9,102.5,9,441.5,35.5,50.5,1,1,2,32.5,122,0,0,10,37.5,0,1,0,0,606,2435.5,1023,358.5,664.5,1078,379.5,698.5,684.5,478,206.5,169.5,55,21,34.5,237.5,119,119,29,15.5,13,868.5,434.5,433.5,802.5,343.5,459,1,1,0,93,68.5,24,2597.5,55.5,232,279.5,269,241,219,203.5,171,163,154.5,138.5,123,105,87,61.5,41,29.5,26,1258,26.5,113,136,127,114,106.5,98,80.5,76.5,74.5,67.5,59.5,51,43.5,31,22,16,15,1340,28.5,119,144,141,127,112,105.5,90.5,86,80,71.5,63.5,53.5,43.5,31,19,13.5,11,168.5,108,571.5,10,567,510,1277.5,245,275.5,241,614,127.5,291.5,268,662.5,118
64,SamalCity_Linosutan,Samal City,Linosutan,rural,2.44,46.5,49.5,178.5,229.5,6,0,31.5,19.5,12,1,10,0,0,222,42151285.5,54796671.5,3,35,3,151,12,17,0,0,1,11,41.5,0,0,3,13,0,0,0,0,207,832,349.5,122.5,227,368.5,129.5,238.5,234,163,70.5,58,18.5,7,11.5,81.5,40.5,40.5,10,5,5,296.5,148.5,148,274,117,157,0,0,0,32,23.5,8,887,19,79.5,95.5,91.5,82.5,74.5,69.5,58.5,55.5,52.5,47.5,42,35.5,29.5,21,14,10,9,429.5,9,38.5,46.5,43.5,39,36.5,33.5,27.5,26,25.5,23,20,17.5,15,10.5,7,5.5,5,457.5,10,40.5,49,48.5,43.5,38.5,36,31,29.5,27.5,24.5,22,18,15,10.5,6.5,5,4,57.5,37,195.5,3.5,194,174,435.5,83.5,94,82.5,209.5,43,99.5,92,227,41
65,SamalCity_MambagoA,Samal City,Mambago-A,rural,5.24,99,106,383,493,13,0,67.5,42,25,1,21,0,0,476.5,90578319.5,117751815,7,75.5,7,324.5,26,37,1,0,2,24,89.5,0,0,7,27.5,0,0,0,0,444.5,1788,750.5,263,487.5,791,278.5,512.5,502.5,351,151.5,124.5,40.5,15,25,174.5,87.5,87,21,11.5,10,637.5,319.5,318.5,589,252,337,0,0,0,68.5,50.5,18,1907,40.5,170.5,205,197.5,176.5,160.5,149.5,125.5,120,113,101.5,90,76.5,63.5,45.5,30,22,19,923.5,19.5,83,99.5,93.5,83.5,78.5,72,59.5,56.5,54.5,49.5,43.5,37.5,32,22.5,16,12,11,983.5,21,87.5,105.5,103.5,93,82.5,77.5,66.5,63.5,58.5,52.5,46.5,39.5,32,23,14,10,8,123.5,79.5,419.5,7.5,416,374,936.5,180,202,177,451.5,93.5,214,196.5,487,87
66,SamalCity_MambagoB,Samal City,Mambago-B,rural,7.57,143.5,153.5,553.5,712.5,18,0,97.5,60.5,36.5,2,30,0,0,688.5,130851822,170107368.5,10,109,9.5,468.5,37.5,53.5,1,1,2,34.5,129,0,0,11,39.5,0,1,0,0,643,2583,1084.5,380,704.5,1143,402,740.5,726,507,219,180.5,58.5,22,36.5,252,126,126,30.5,16.5,14,921,461.5,459.5,851,364,487,1,1,0,99,73,25.5,2755,58.5,246,296.5,285,255,232,216,181.5,172.5,163.5,147,130,111,92.5,65.5,43.5,31.5,27.5,1333.5,28,120,144,135,121,113,104,85.5,81.5,78.5,71.5,62.5,54.5,46,32.5,23,17,16,1421,30.5,126,152.5,150,134,119,112,96,91.5,85,75.5,67.5,56.5,46.5,33,20,14,12,179,114,606,10.5,601,540,1353.5,260.5,292,256,651,134.5,309,284,703,125.5
67,SamalCity_Miranda,Samal City,Miranda (Pob.),urban,20.32,385,412.5,1486,1914,49.5,0,261.5,163,97.5,6,80.5,0,1,1850,351491318,456938713.5,26,292.5,25.5,1259,101,144,3,2,6,92,346.5,0,0,29,107,0,2,0,1,1726.5,6938,2913.5,1021,1892,3070,1080.5,1989.5,1950,1362,588.5,484,157,59,97.5,676.5,338.5,338,82.5,44.5,38,2473.5,1239,1235,2286,978.5,1307.5,2,2,0,265,196.5,69,7399.5,157,661.5,795.5,765,685.5,623.5,579.5,487,464.5,439.5,394.5,349.5,298.5,248,176,116,84.5,73.5,3582.5,75.5,322.5,386.5,363,324.5,303.5,279.5,230,219,211.5,191.5,168.5,145.5,123,87.5,61.5,45.5,42.5,3817,81.5,339,409.5,402,360.5,319.5,300,257,245,228,203.5,181,153,124.5,88,54.5,38.5,31.5,481,307.5,1628,28,1614,1450.5,3636.5,698,784.5,687.5,1749,360,830,762.5,1887,337
68,SamalCity_Moncado,Samal City,Moncado (Pob.),rural,10.7,202.5,217,782,1008,26,0,138,85.5,51.5,3,42.5,0,0,973.5,185011035.5,240514346,14,154,13.5,662.5,53,75.5,1,1,3,48.5,182.5,0,0,15,56.5,0,1,0,0,909,3652,1533.5,537.5,996,1616,568.5,1047,1026.5,716.5,309.5,255,82.5,31,51.5,356,178.5,177.5,43.5,23.5,20,1302,652,650,1203.5,515,688.5,1,1,0,140,103,36.5,3895,82.5,348,419,403,361,328.5,305.5,256,244,231.5,207.5,184,157,130.5,92.5,61.5,44.5,38.5,1886,39.5,169.5,203.5,191.5,171,160,147,121,115,111.5,100.5,88.5,76.5,64.5,46.5,32.5,24,22,2009,43,178.5,215.5,211.5,189.5,168.5,158,135.5,129,120,107,95,80.5,65.5,46.5,28.5,20,16.5,253,161.5,857,14.5,849.5,764,1914,367.5,412.5,362.5,920,189.5,437,401,993.5,177
69,SamalCity_Pangubatan,Samal City,Pangubatan (Talicod I),rural,3.96,75,80.5,289.5,373,10,0,51,31.5,19,1,16,0,0,360,68440247,88972321,5,56.5,5,245,19.5,28,1,0,1,18,67.5,0,0,6,21,0,0,0,0,336.5,1351,567.5,198.5,368,597.5,210.5,387.5,379.5,265,114.5,94.5,30.5,12,19,132,65.5,65.5,16,9,7,481.5,241,240.5,445.5,190.5,255,0,0,0,51.5,38.5,13.5,1440.5,30.5,129,155,149,133.5,121,113,95,90.5,85.5,76.5,68.5,58.5,48.5,34.5,22.5,16.5,14,697.5,15,62.5,75.5,70.5,63.5,59.5,54.5,44.5,42.5,41.5,37.5,33,28.5,24,17,12,9,8,743,16,66,79.5,78.5,70.5,62.5,58.5,50.5,47.5,44.5,39.5,35.5,30,24,17,11,7.5,6,94,59.5,316.5,5.5,314.5,282.5,708.5,136,153,134,341.5,70,161.5,149,368.5,65.5
70,SamalCity_Penaplata,Samal City,Penaplata (Pob.),urban,17.42,330.5,353.5,1274,1641,42.5,0,224,140,83.5,5,69.5,0,1,1585.5,301285332,391670932,22.5,251,22,1078.5,86.5,123,2,1,5,79,296.5,0,0,25,91.5,0,1,0,0,1480,5947,2497,875,1622,2632,926,1705.5,1671.5,1167,504,415,134.5,51,84,580,290.5,289.5,70.5,38,32.5,2120.5,1062,1058.5,1959.5,838.5,1120.5,2,1,0,227.5,168.5,59.5,6343,135,567,682,656,587.5,534.5,497,417.5,398,377,338,299.5,256,212.5,151,100,72.5,63.5,3071,64.5,276.5,331.5,311.5,278.5,260,240,196.5,187.5,181.5,164,144.5,125,106,75.5,53,39,36.5,3272,69.5,290.5,351,345,309.5,274,257,220.5,210.5,195.5,174.5,155,131,107,75.5,46.5,33,27,412,263,1395,24.5,1384,1243.5,3117.5,599.5,672.5,590,1499,310,711,654.5,1618,289
71,SamalCity_Poblacion,Samal City,Poblacion (Kaputian),rural,11.38,215.5,231,832.5,1071.5,27.5,0,146.5,91.5,54.5,3,45.5,0,0,1036,196821302,255867692.5,15,163.5,14,704.5,56.5,80.5,1.5,1,3,51.5,193.5,0,0,16,59.5,0,1,0,0,967,3885,1631.5,571.5,1060,1719,605,1114.5,1092,762.5,329.5,271,88,33,54.5,379,189.5,189.5,46,25,21,1385,693.5,691.5,1280,547.5,732,1,1,0,148.5,110,38.5,4143.5,88,370,445.5,428.5,384,349,324.5,273,260,246,221,195.5,167,139,98.5,65.5,47.5,41.5,2006,42.5,180.5,216.5,203.5,182,170,156.5,129,123,118.5,107,94.5,81.5,69.5,49.5,34.5,25.5,24,2137.5,45.5,189.5,229,225,202,179,168,144,137,128,114,101.5,85.5,69.5,49.5,30.5,21.5,17.5,269.5,172,911.5,15.5,903.5,812.5,2036,392,439.5,385.5,980,203,464,427,1057,188.5
72,SamalCity_SanAgustin,Samal City,San Agustin,rural,5.14,97.5,104,376,484,12.5,0,66.5,41.5,24.5,1,20.5,0,0,468,88898198,115567657.5,7,74,6,318.5,25.5,36.5,1,0,2,23.5,87.5,0,0,7,27,0,0,0,0,436.5,1755,737,258.5,478.5,776.5,273.5,503,493,344.5,149,122.5,39.5,15,24.5,171,85.5,85.5,21,11,10,626,313.5,312.5,578.5,247,330.5,0,0,0,67.5,49.5,17.5,1871.5,39.5,167.5,201.5,193.5,173.5,157.5,146.5,123,117,111,100,88.5,75.5,62.5,44.5,29.5,21,18.5,906,19,81.5,98,92,82.5,76.5,70.5,58.5,55.5,53.5,48.5,42.5,37,31,22,16,11.5,11,965.5,20.5,85.5,103.5,102,91,81,76,65.5,62.5,57.5,51.5,45.5,38.5,31.5,22,14,10,8,121.5,77.5,411.5,7,408.5,367,919,176,198.5,174.5,442.5,91.5,209.5,193,478,85.5
73,SamalCity_SanAntonio,Samal City,San Antonio,rural,5.99,113.5,122,438.5,564.5,14.5,0,77.5,48,29,2,24,0,0,545.5,103673384.5,134775400.5,8,86.5,7.5,371,29.5,42.5,1,0,2,27,102,0,0,8.5,31.5,0,0.5,0,0,509,2046.5,859.5,301.5,558,905.5,318.5,587,575,401.5,173.5,143,46.5,17.5,28.5,199.5,100,99.5,24,13,11,729.5,365.5,364,674,288.5,386,1,0,0,78.5,57.5,20.5,2182.5,46.5,195.5,235,225.5,202.5,183.5,171,144,137,130,116,103,88,73.5,51.5,34.5,25,22,1056.5,22,95,114,107,96,89.5,82.5,67.5,64.5,62.5,56.5,49.5,43,36.5,26,18,13.5,12.5,1126,24,100,121,119,106.5,94.5,88.5,76,72.5,67.5,59.5,53.5,45,36.5,26,16,11,9,142,90.5,480,8.5,477,428,1072.5,206.5,231,203,515.5,106.5,245,225.5,557,98.5
74,SamalCity_SanIsidro1,Samal City,San Isidro (Babak),rural,6.43,122,130,470,605.5,15.5,0,82.5,51.5,31,2,25.5,0,0,585.5,111184516.5,144539871.5,8,92.5,8,398,32,45.5,1,0,2,29,109.5,0,0,9,34,0,1,0,0,546.5,2194.5,921.5,323,599,971,342,629.5,617,431,186,153,49.5,19,30.5,214,107,107,26,14,12,782.5,392,391,723,309.5,413.5,1,0,0,84,62.5,22,2340.5,49.5,209.5,252,242,217,197.5,183.5,154,147,139,125,110.5,94.5,78.5,55.5,37,26.5,23,1133,24,102,122,115,103,96,88.5,72.5,69.5,66.5,60.5,53.5,46,39,28,19.5,14.5,13.5,1207.5,26,107,129,127,114,101,95,81.5,77.5,72.5,64.5,57.5,48.5,39.5,28,17,12,10,152,97,515,9,511,459,1151,220.5,248,218,553,114.5,262,241,598,106.5
75,SamalCity_SanIsidro2,Samal City,San Isidro (Kaputian),rural,4.45,84.5,90.5,325.5,418.5,11,0,57.5,35.5,21,1,18,0,0,404.5,76890270.5,99957351,6,63.5,6,275,22,31.5,1,0,1,20,75.5,0,0,6,23.5,0,0,0,0,378,1518,637,223,414,672,236,435,426.5,297.5,129,106,34,13,21,148,74.5,74,18,10,8,541,271,270,500,214,286,0,0,0,58,43,15,1619,34.5,145,174,167.5,150,136,127,106.5,101.5,96,86.5,76.5,65.5,54.5,38.5,25.5,18.5,16,784,16.5,70.5,84.5,79.5,71.5,66.5,61.5,50.5,48,46.5,41.5,37,32,27,19,13.5,10,9,835,18,74.5,89.5,88,79,70,65.5,56.5,53.5,50,44.5,39.5,33.5,27,19,12,8.5,7,105,67.5,356,6,353.5,317.5,795.5,153,171.5,151,383.5,78.5,182,167,413,73.5
76,SamalCity_SanJose,Samal City,San Jose (San Lapuz),rural,5.01,95,101.5,366.5,472,12,0,64.5,40,24,1,20,0,0,456.5,86674507.5,112676859.5,6.5,72.5,6,310.5,25,35.5,1,0,1.5,23,85.5,0,0,7,26.5,0,0,0,0,425.5,1710.5,718.5,251.5,466.5,757.5,266.5,491,481,335.5,145,119,38.5,15,24,167,83.5,83.5,20,11,9,610,305.5,304.5,563.5,241,322.5,0,0,0,65.5,48.5,17,1824.5,38.5,163,196.5,188.5,169,154,143,120,114.5,108.5,97,86.5,73.5,61.5,43.5,28.5,21,18,883,18.5,79.5,95.5,89.5,80,74.5,69,56.5,54,52.5,47.5,41.5,36,30.5,21.5,15,11,10.5,941.5,20,83.5,101,99,89,78.5,74,63.5,60.5,56.5,50.5,44.5,37.5,30.5,22,13.5,9.5,8,118.5,75.5,401.5,7,398,357.5,897,172.5,193.5,169.5,431.5,88.5,204.5,188,465.5,83.5
77,SamalCity_SanMiguel,Samal City,San Miguel (Magamono),rural,4.7,89,95.5,343.5,442.5,11,0,60.5,37.5,22.5,1,18.5,0,0,427.5,81238820,105610466,6,67.5,6,291,23,33.5,1,0,1,21,80,0,0,7,25,0,0,0,0,399,1603.5,673.5,236,437.5,709.5,249.5,459.5,451,315,136,112,36,14,22.5,156.5,78.5,78,19,10,9,571.5,286.5,285.5,528,226,302.5,0,0,0,61.5,45.5,16,1710.5,36.5,153,183.5,176.5,158.5,144,134,112.5,107,101.5,91,80.5,68.5,57.5,40.5,27,19.5,17,828.5,17.5,74.5,89.5,84,75.5,70.5,64.5,53.5,50.5,49,44.5,39,33.5,28.5,20,14,10.5,10,882,19,78.5,94.5,93,83.5,73.5,69.5,59.5,56.5,52.5,47,41.5,35.5,29,20.5,12.5,9,7,111,71,376,6.5,373,335,839,161.5,181.5,159.5,405,83,192,176.5,435.5,78
78,SamalCity_SanRemigio,Samal City,San Remigio,rural,6.25,118,127,457,588.5,15,0,80.5,50,30,2,25,0,0,568.5,108071350,140492755,8,90,8,387,31,44.5,1,0,2,28.5,106.5,0,0,9,33,0,1,0,0,531,2133,895.5,314,581.5,944,332.5,612,600,418.5,181,148.5,48.5,18,30,208,104,104,25.5,14,12,761,381,380,702.5,300.5,402,1,0,0,81.5,60.5,21,2275,48.5,203.5,245,235,210.5,191.5,178.5,150,143,135,121,107.5,91.5,76.5,54.5,36,26,22.5,1101.5,23,99,119,111.5,100,93.5,86,70.5,67.5,65.5,58.5,51.5,44.5,38,27,19,14,13,1173.5,25,104,126,124,111,98.5,92.5,79,75.5,70.5,62.5,55.5,47,38.5,27,17,12,10,148,94.5,500.5,8.5,497,445.5,1118,215.5,241,211.5,537.5,111,255,235,581,104.5
79,SamalCity_SantaCruz,Samal City,Santa Cruz (Talicod II),rural,10.9,206.5,221,797,1026.5,26.5,0,140,87.5,52.5,3,43.5,0,0,992,188470109,245011142,14,156.5,14,675,54,77.5,1,1,3,49.5,185.5,0,0,15.5,57.5,0,1,0,0,926,3720.5,1562,547.5,1015,1646.5,579,1066.5,1045.5,730,315,259.5,84,32,52.5,363,181.5,181.5,44.5,24,20.5,1326.5,664.5,662,1225.5,524.5,701,1,1,0,142,105,37,3967.5,84.5,354.5,426.5,410.5,367.5,334.5,310.5,261,249,236,211.5,187.5,160,133,94.5,62.5,45.5,39.5,1921,40.5,173,207.5,194.5,174.5,163,150,123,117,113.5,102.5,90.5,78,66.5,47,33,24.5,23,2047,43.5,181.5,219.5,215.5,193.5,171.5,161,138,131.5,122,109,97,82,66.5,47.5,29,21,17,257.5,164.5,873,15.5,865.5,778,1950,375,421,369,937.5,194,444.5,409,1012,181
80,SamalCity_SantoNino,Samal City,Santo Nino,rural,4.45,84.5,90.5,325.5,419.5,11,0,57.5,35.5,21.5,1,18,0,0,405,76989101,100085831,6,64.5,6,276,22,31.5,1,0,1,20,75.5,0,0,6,23.5,0,0,0,0,378,1520,638,224,414,672,237,436,427,298.5,129,106,34,13,21,148,74.5,74,18,10,8,542,271,270.5,501,214.5,286.5,0,0,0,58.5,43,15,1621,34.5,145,174.5,167.5,150,137,127,107,101.5,96.5,86.5,76.5,65.5,54.5,38.5,25.5,18.5,16,785,16.5,70.5,84.5,79.5,71.5,66.5,61.5,50.5,48,46.5,42,37,32,27,19,13.5,10,9,836,18,74.5,89.5,88,79,70,65.5,56.5,53.5,50,44.5,39.5,33.5,27,19,12,8.5,7,105,67.5,356.5,6,354,317.5,797.5,153,171.5,151,384,78.5,182,167,413,73.5
81,SamalCity_Sion,Samal City,Sion (Zion),rural,1.97,37.5,40,144,185.5,5,0,25.5,16,9.5,1,8,0,0,179.5,34096585,44325560.5,3,28.5,2,122,10,14,0,0,1,9,33.5,0,0,3,10,0,0,0,0,167.5,673,282.5,99,184,298,105,193,189,132,57,47,15.5,6,9.5,65.5,33,33,8,4,4,240,120,120,221.5,95,127,0,0,0,26,19,7,717.5,15,64.5,77.5,74.5,66.5,60.5,56.5,47.5,45,42.5,38.5,34,29,24,17,11,8,7,347.5,7,31.5,37.5,35,31.5,29.5,27,22,21,20.5,18.5,16,14,12,8.5,6,4,4,370,8,33,39.5,39,35,31,29,25,24,22,20,17.5,15,12,8.5,5,4,3,47,30,158,3,157,141,353.5,67,76,66.5,168.5,34.5,80.5,74,183.5,32.5
82,SamalCity_Tagbaobo,Samal City,Tagbaobo,rural,6.23,118,126,455.5,586.5,15,0,80,50,30,2,25,0,0,566.5,107676027,139978835.5,8,89.5,8,386,31,44,1,0,2,28,106,0,0,9,32.5,0,1,0,0,529,2125.5,892.5,312.5,579.5,940.5,331,609.5,597,417,180,148.5,48.5,18,29.5,207.5,104,103.5,25,13.5,12,758,380,378,700.5,299.5,400.5,1,0,0,81.5,60.5,21,2267,48.5,202.5,244,234.5,210,191.5,177.5,149,142,135,121,107,91.5,76,53.5,35.5,26,22.5,1097.5,23,99,118,111,99.5,93,85.5,70.5,67.5,64.5,58.5,51.5,44.5,37.5,27,19,14,13,1169.5,25,104,125,123,110.5,98,92,78.5,75.5,69.5,62.5,55.5,46.5,38,27,17,12,10,147,94,499,8.5,495,444.5,1114.5,213.5,240,210.5,535.5,110.5,254,233.5,578,104
83,SamalCity_Tagbay,Samal City,Tagbay,rural,4.02,76.5,81.5,294,379,10,0,51.5,32,19,1,16,0,0,366,69527384,90385599.5,5,57.5,5,249,20,28.5,1,0,1,18,68.5,0,0,6,21,0,0,0,0,341.5,1372.5,576,202,374,607,213.5,393.5,385.5,269,116.5,95.5,31,12,19,134,67,66.5,16,9,7.5,489,245,244,452.5,193.5,259,0,0,0,52.5,39,14,1463.5,31,131,157.5,151.5,136,123,115,96.5,92,87,78,69.5,59,49,35,23,17,14.5,708.5,15,63.5,76.5,71.5,64.5,60.5,55.5,45.5,43.5,42,38,33.5,29,24.5,17,12,9,8,755,16,67,81,79.5,71.5,63.5,59.5,51,48.5,45,40.5,36,30,24.5,17.5,11,8,6,95,60.5,322,5.5,319.5,287.5,720,138.5,155,136,347.5,70.5,164,151,374,67
84,SamalCity_TagbitanAg,Samal City,Tagbitan-Ag,rural,6.24,118,127,456,587.5,15,0,80.5,50,30,2,25,0,0,567.5,107873688.5,140235795.5,8,89.5,8,386,31,44.5,1,0,2,28.5,106,0,0,9,33,0,1,0,0,530,2129.5,894,313.5,580.5,942,331.5,611,598,418,180.5,148.5,48.5,18,29.5,207.5,104,104,25,14,12,759,380,379,701.5,300.5,401,1,0,0,81.5,60.5,21,2271,48.5,203,244,235,210.5,191.5,178,149.5,142.5,135,121,107,91.5,76,54,35.5,26,22.5,1099.5,23,99,119,111.5,100,93,86,70.5,67.5,64.5,58.5,51.5,44.5,38,27,19,14,13,1171.5,25,104,126,123,111,98,92,79,75.5,70,62.5,55.5,47,38.5,27,17,12,10,148,94.5,500,8.5,495.5,445.5,1116,214,241,211.5,536,111,255,234,579.5,104.5
85,SamalCity_Tagdaliao,Samal City,Tagdaliao,rural,2.19,41.5,44.5,160,206,5,0,28,17.5,10.5,1,9,0,0,199,37802735.5,49143556,3,31.5,3,135,11,15.5,0,0,1,10,37.5,0,0,3,11.5,0,0,0,0,185.5,746,313.5,110,203.5,330,116,214,210,146.5,63.5,52,16.5,6,10.5,72.5,36.5,36.5,9,5,4,266,133,133,246,105,140.5,0,0,0,28.5,21,7,796,17,71.5,85.5,82.5,73.5,67.5,62.5,52.5,50,47.5,42.5,37.5,32,26.5,19,12.5,9,8,385,8,34.5,41.5,39,35,32.5,30,25,23.5,23,20.5,18,16,13,9.5,7,5,5,410.5,9,36.5,44,43.5,38.5,34.5,32.5,27.5,26.5,24.5,22,19.5,16.5,13,9.5,6,4,3,52,33,175,3,174,156,392,75,84,74,188.5,39.5,89.5,82,203.5,35.5
86,SamalCity_Tagpopongan,Samal City,Tagpopongan,rural,4.03,76.5,81.5,294.5,379,10,0,51.5,32.5,19,1,16,0,0,366.5,69626215,90514079.5,5,57.5,5,249,20,28.5,1,0,1,18,68.5,0,0,6,21,0,0,0,0,342,1374.5,577,202.5,375,608,214,394,386.5,270,116.5,96,31,12,19,134,67.5,66.5,16,9,7.5,490,245,245,452.5,193.5,259,0,0,0,52.5,39,14,1465.5,31,131,157.5,151.5,136,123.5,115,96.5,92,87,78.5,69.5,59.5,49,35,23,17,14.5,709.5,15,63.5,76.5,71.5,64.5,60.5,55.5,45.5,43.5,42,38,33.5,29,24.5,17.5,12,9,8,756,16,67.5,81,79.5,71.5,63.5,59.5,51,48.5,45.5,40.5,36,30.5,24.5,17.5,11,8,6,95,60.5,322.5,5.5,319.5,287.5,721.5,138.5,155,136,347.5,71,164.5,151,375,67
87,SamalCity_Tambo1,Samal City,Tambo,rural,12.49,237,253,913,1176.5,30.5,0,160.5,100,59.5,3,49.5,0,0,1137,215994454,280792790,16,179.5,16,773.5,61.5,88.5,2,1,4,56.5,212.5,0,0,18,65.5,0,1,0,0,1061,4263.5,1790.5,627.5,1163,1886.5,664,1222.5,1198,836.5,361.5,297.5,96,36.5,60,416,208,207.5,50.5,27,23.5,1520,761,759,1404.5,601,803.5,1,1,0,163,121,42.5,4547,96.5,406.5,489,470.5,421.5,383,356,299.5,285.5,270,242,214.5,183.5,152.5,108,71.5,51.5,45.5,2201.5,46.5,198.5,237.5,223,199.5,186.5,171.5,141,134.5,130,117.5,103.5,89.5,75.5,54,38,28,26,2345.5,50,208.5,251.5,247,221.5,196.5,184.5,158,151,140,125,111,94,76.5,54.5,33.5,24,19,295,188.5,1000,17.5,992,892,2234,429,482.5,422.5,1074,221.5,510,468.5,1160,207.5
88,SamalCity_Tambo2,Samal City,Tambo,rural,12.49,237,253,913,1176.5,30.5,0,160.5,100,59.5,3,49.5,0,0,1137,215994454,280792790,16,179.5,16,773.5,61.5,88.5,2,1,4,56.5,212.5,0,0,18,65.5,0,1,0,0,1061,4263.5,1790.5,627.5,1163,1886.5,664,1222.5,1198,836.5,361.5,297.5,96,36.5,60,416,208,207.5,50.5,27,23.5,1520,761,759,1404.5,601,803.5,1,1,0,163,121,42.5,4547,96.5,406.5,489,470.5,421.5,383,356,299.5,285.5,270,242,214.5,183.5,152.5,108,71.5,51.5,45.5,2201.5,46.5,198.5,237.5,223,199.5,186.5,171.5,141,134.5,130,117.5,103.5,89.5,75.5,54,38,28,26,2345.5,50,208.5,251.5,247,221.5,196.5,184.5,158,151,140,125,111,94,76.5,54.5,33.5,24,19,295,188.5,1000,17.5,992,892,2234,429,482.5,422.5,1074,221.5,510,468.5,1160,207.5
89,SamalCity_Toril,Samal City,Toril,rural,8.94,169.5,181.5,653.5,841.5,21.5,0,115,71.5,42.5,2,35.5,0,0,813.5,154571186,200942541,11.5,129,11,553.5,44.5,63.5,1,1,3,40.5,152,0,0,13,47,0,1,0,0,759,3051,1281,449,832,1350,475,875,857.5,599,259,212.5,69,26,43,297.5,149,148.5,36.5,19.5,17,1087.5,544.5,543,1005,430.5,574.5,1,1,0,117,86.5,30.5,3254,69.5,291,350,336.5,301.5,274,255,214,204.5,193.5,173.5,153.5,131,109,77.5,51.5,37,32.5,1575.5,33.5,142,170,159.5,143,134,123,101,96.5,93,84,74.5,63.5,54.5,38.5,27,20,18.5,1678.5,36,149,180,176.5,158.5,141,132,113,108,100.5,89.5,79.5,67.5,54.5,38.5,24,17,14,211.5,135,716,12.5,710.5,638,1599,307.5,345.5,302.5,769.5,158.5,365,335,831,148
90,TagumCity_Apokon,Tagum City,Apokon,urban,22.88,3717.5,2856,3323.5,7615.5,100.5,0,1107,712.5,400.5,65.5,831.5,2,3,7140.5,1356649072,1763643794,101.5,1128,98.5,4858,389.5,555.5,10,13,47,505,2051,3,8,515,1789.5,4,15,0,0,6100.5,26792,12544,4396.5,8147.5,13219,4651.5,8567.5,8395.5,5863,2532.5,2084.5,675,255,420,2656.5,1333.5,1322.5,383.5,238.5,146,9822.5,4928.5,4893.5,10544,4929.5,5614.5,1,1,0,1069,822,246.5,30703,609,2513,3105,2862.5,3099,3086.5,2769.5,2403,2150.5,1850,1609,1348.5,1116,889.5,567.5,330,213.5,182,15267,293,1225.5,1494.5,1395,1572,1563,1381.5,1177.5,1043,897,796,682.5,572.5,459,296.5,179,125.5,112.5,15436,316,1287,1610,1467.5,1527.5,1523,1388,1225,1108,953,813,666,543.5,430.5,270.5,151,87.5,69.5,2069.5,1185.5,6755,122.5,6227,5961.5,16333,2182.5,3013,2967,8113,1172.5,3213,2995,8219.5,1009
91,TagumCity_Bincungan,Tagum City,Bincungan,rural,3.25,528.5,406,472,1082,14,0,157,101.5,56.5,9,118,0,0,1014.5,192803538,250644599,14,160,14,690.5,55.5,78.5,1,2,7,71.5,291.5,0,1,73.5,254.5,1,2,0,0,866.5,3807.5,1782.5,624.5,1158,1878.5,661,1217.5,1193,833,360,296.5,96,36,60,377.5,189.5,188,54.5,34,21,1396,700.5,695.5,1498.5,700.5,798,0,0,0,152,117,35,4363.5,86.5,357,441,406.5,440.5,438.5,393.5,341.5,306,263,228.5,191.5,159,126.5,80.5,47,30.5,26,2170,41.5,174,212.5,198,223.5,222.5,196.5,167,148,127.5,113,97,81.5,65.5,42,25.5,18,16,2194,45,183,228.5,208.5,217,216.5,197,174,157,135.5,115.5,94.5,77.5,61.5,38.5,21.5,12.5,10,294.5,168.5,960,17.5,884.5,847,2321.5,310.5,428,421.5,1153,167,456.5,425.5,1167.5,144
92,TagumCity_Busaon,Tagum City,Busaon,rural,2.19,356,273.5,318,729,10,0,106,68.5,38.5,6,79.5,0,0,683.5,129858451,168815986,10,108,9,465,37,53,1,1,4.5,48.5,196.5,0,1,49.5,171,0,1,0,0,584,2564.5,1200.5,421,780,1265.5,445.5,820,803.5,561.5,242.5,199.5,65,24,40,254.5,127.5,126.5,37,23,14,940,472,468,1009.5,472,537.5,0,0,0,102.5,78.5,23.5,2939,58.5,240.5,297,274,297,295.5,265,230,206,177,154,129,107,85.5,54.5,31.5,20.5,17.5,1461.5,28,117.5,143,133.5,150,150,132,112.5,99.5,85.5,76.5,65.5,54.5,44,28.5,17,12,11,1477.5,30,123,154,140.5,146,146,133,117.5,106,91.5,77.5,63.5,52,41,26,14.5,8,7,198,113.5,646.5,11.5,596,571,1563.5,209.5,288.5,283.5,776,112.5,307,286.5,787,96.5
93,TagumCity_Canocotan,Tagum City,Canocotan,urban,6.26,1017,781,909,2083,27.5,0,303,195,109.5,18,227.5,0,1,1953.5,371102338.5,482433040,28,309,27,1328.5,106.5,152,3,4,13,138,561.5,1,2,141,489.5,1,4,0,0,1668.5,7328.5,3431.5,1202.5,2229,3616,1272.5,2343.5,2296.5,1603.5,693,570,184.5,70,114.5,726.5,365,361.5,105,65.5,40,2687,1348.5,1338.5,2884.5,1348.5,1536,0,0,0,292,224.5,67.5,8398.5,166.5,687.5,849.5,783,847.5,844.5,757.5,657,588.5,506,440,369,305,243.5,155,90.5,58.5,49.5,4176.5,80.5,335,409,381.5,430,427.5,378,322,285.5,245.5,217.5,187,157,125.5,81.5,49,34.5,31,4222.5,86.5,352,440.5,401.5,417.5,416.5,379.5,335,303,260.5,222.5,182,149,118,74.5,41.5,24,19,566.5,324,1847.5,33,1703.5,1630.5,4467.5,597,824.5,811.5,2220,321.5,879,819,2248,277
94,TagumCity_Cuambogan,Tagum City,Cuambogan,urban,8.16,1326.5,1019.5,1185.5,2717,36,0,395.5,254.5,143,23,297,1,1,2547.5,484038596,629250174.5,36,402.5,35,1733,139,198,4,5,17,180,732,1,3,184,638.5,1,5,0,0,2176.5,9559,4475.5,1569,2907,4716.5,1659.5,3056.5,2995.5,2092,903.5,744,241,91,150,948,476,472,137,84.5,52,3504.5,1758.5,1746,3762,1759,2003.5,1,0,0,381.5,293,88,10954.5,217.5,896.5,1108,1021.5,1106,1101,988,857.5,767,660,574,481,398.5,317,202.5,118,76.5,64.5,5447.5,104.5,437.5,533.5,497.5,560.5,557.5,493,420,372.5,320,284,243.5,204.5,164,105.5,63.5,45,40,5507,112.5,459,574.5,523.5,544.5,543.5,495,437,395.5,340,290,237.5,194,154,96.5,54,31.5,25,738.5,423,2410,43.5,2222,2127.5,5827,778.5,1075.5,1058,2895,418,1146,1068,2932.5,361
95,TagumCity_LaFilipina,Tagum City,La Filipina,urban,11.84,1924,1478,1720,3941,52,0,573,368.5,207,34,430,1,1,3694.5,701974556.5,912566923,52.5,583.5,51,2514,201.5,287,5,7,24.5,261.5,1061.5,2,4,266.5,926,2,8,0,0,3156.5,13863,6491,2275,4216,6840,2407,4433,4344,3033.5,1310.5,1079,349.5,132,217.5,1374.5,690.5,684.5,198.5,123,75.5,5082.5,2550,2532,5456,2551,2905.5,1,1,0,553,425.5,127.5,15887,315,1300,1606.5,1481,1603.5,1597,1433,1243,1113,957,832.5,697.5,577.5,460,293.5,171,110.5,94,7900,152,634,773.5,721.5,813,809,714.5,609,539.5,464,412,353.5,296,237.5,153,92.5,65,58.5,7987,163,666,833,759.5,790,788,718.5,634,573,493,420.5,344.5,281,222.5,140,78.5,45.5,36,1071,613,3495,63,3221.5,3084.5,8450.5,1129,1559.5,1534.5,4197.5,606.5,1662,1549.5,4252.5,522.5
96,TagumCity_Liboganon,Tagum City,Liboganon,rural,1.75,285,218.5,254.5,583.5,8,0,84.5,54.5,30.5,5,63.5,0,0,547.5,103950618.5,135135803.5,8,86.5,7.5,372.5,30,42.5,1,1,4,38.5,157,0,1,39.5,137,0,1,0,0,467,2053,961,337,624.5,1013,356.5,656,643,449,194,160,51.5,20,32.5,203.5,102.5,101.5,29.5,18,11,752.5,377.5,375,808,377.5,430,0,0,0,81.5,63,19,2353,46.5,192.5,237.5,219.5,237.5,236.5,212.5,184,165,142,123.5,103.5,85.5,68.5,43.5,25,16,14,1169.5,22.5,94,114.5,107,120.5,120,106,90.5,79.5,68.5,61,52.5,44,35,23,14,10,9,1182.5,24,98.5,123.5,112.5,117,116.5,106.5,93.5,84.5,73,62.5,51,41.5,33,21,12,7,5,158.5,90.5,517.5,9.5,476.5,457,1252.5,167,231,227.5,622,91,246,229.5,629,78
97,TagumCity_Madaum1,Tagum City,Madaum,urban,8.25,1340.5,1029.5,1198,2745.5,36.5,0,399.5,256.5,144,23.5,300,1,1,2573.5,489010345,635713449,36.5,406.5,35.5,1751,140,200,4,5,17,182,739.5,1,3,185.5,645,1,5,0,0,2199,9657.5,4521.5,1584.5,2936.5,4764.5,1676.5,3088,3026,2113,913,751.5,243.5,92,151.5,957.5,481,477,138,85.5,52.5,3540.5,1776.5,1764,3801,1777,2024,1,0,0,385.5,296,88.5,11067,219.5,905.5,1119,1031.5,1117,1112.5,998.5,866.5,775,667,580,486,402.5,321,204.5,119,76.5,65.5,5503,105.5,442,538.5,503,566.5,563.5,498,424.5,376,323,287,246.5,206.5,165.5,107,64.5,45.5,40.5,5564,113.5,464,580.5,529,550.5,548.5,500,441.5,399.5,343.5,293,240.5,196,155,97.5,54.5,31.5,25,746.5,427.5,2434.5,44,2244,2148.5,5888,786.5,1086,1069.5,2925,423,1158,1079.5,2962.5,363.5
98,TagumCity_Madaum2,Tagum City,Madaum,urban,8.25,1340.5,1029.5,1198,2745.5,36.5,0,399.5,256.5,144,23.5,300,1,1,2573.5,489010345,635713449,36.5,406.5,35.5,1751,140,200,4,5,17,182,739.5,1,3,185.5,645,1,5,0,0,2199,9657.5,4521.5,1584.5,2936.5,4764.5,1676.5,3088,3026,2113,913,751.5,243.5,92,151.5,957.5,481,477,138,85.5,52.5,3540.5,1776.5,1764,3801,1777,2024,1,0,0,385.5,296,88.5,11067,219.5,905.5,1119,1031.5,1117,1112.5,998.5,866.5,775,667,580,486,402.5,321,204.5,119,76.5,65.5,5503,105.5,442,538.5,503,566.5,563.5,498,424.5,376,323,287,246.5,206.5,165.5,107,64.5,45.5,40.5,5564,113.5,464,580.5,529,550.5,548.5,500,441.5,399.5,343.5,293,240.5,196,155,97.5,54.5,31.5,25,746.5,427.5,2434.5,44,2244,2148.5,5888,786.5,1086,1069.5,2925,423,1158,1079.5,2962.5,363.5
99,TagumCity_Magdum,Tagum City,Magdum,urban,7.86,1277,981,1141.5,2615.5,34.5,0,380.5,244.5,137.5,22.5,285.5,1,1,2452.5,465976092.5,605768920,35,387.5,34,1668.5,133.5,191,4,4.5,16,173,704.5,1,3,177,615,1,5,0,0,2095.5,9202.5,4309,1510,2798.5,4540,1597.5,2942.5,2883.5,2013.5,870,716,232,88,144,912.5,458,454,132,81.5,50,3373.5,1693,1680.5,3622,1693,1928.5,0,0,0,367,282.5,84.5,10546,209,863.5,1066.5,983,1064.5,1060,951,825.5,738.5,635.5,552.5,463,383.5,306,195,113.5,73.5,62.5,5244,100.5,421,513.5,479,539.5,537,475,404.5,358.5,308,273.5,234.5,196.5,158,102,61.5,43,38.5,5302,108.5,442,553,504,524.5,523,477,420.5,380.5,327,279,228.5,186.5,148,93,52,30,24,711,407.5,2320,42,2139,2047.5,5609.5,750.5,1035,1018.5,2787.5,403,1103.5,1028.5,2822,347
100,TagumCity_Mankilam,Tagum City,Mankilam,urban,29.97,4870,3741.5,4353.5,9976.5,132,0,1450.5,933,524,85.5,1089,2,4,9353.5,1777195232,2310353803,133,1477.5,128.5,6363.5,509.5,727.5,14,17,61.5,661,2687,4,11,674.5,2344,5,19,0,0,7991.5,35097.5,16432.5,5759.5,10673.5,17317,6093.5,11223.5,10998,7680.5,3318,2731,884.5,334.5,550,3480,1747.5,1733,503,312,191,12867,6456,6410.5,13812.5,6458,7355,2,2,0,1400,1077,323,40220.5,797.5,3291.5,4067.5,3749.5,4059.5,4043,3628,3148,2817,2423.5,2108,1767,1462,1165.5,743,432.5,279.5,238.5,20000,384,1605.5,1958.5,1827.5,2059,2048,1809.5,1542.5,1366.5,1175.5,1042.5,894.5,750,601.5,388.5,234.5,164.5,147,20221,413.5,1686,2109.5,1922.5,2000.5,1995,1818,1605,1451,1248.5,1065,872.5,711.5,564.5,354.5,198,115,90.5,2711.5,1553,8848.5,160,8156.5,7809,21396.5,2859,3948,3886.5,10629,1536,4209,3923,10766.5,1322.5
101,TagumCity_NewBalamban,Tagum City,New Balamban,rural,1.13,183,140.5,164,374.5,5,0,54.5,35,20,3,41,0,0,351.5,66776527,86809485,5,55.5,5,239.5,19,27.5,1,1,2,25,101,0,0,25.5,88.5,0,1,0,0,300,1318.5,617.5,216.5,401,650.5,229,421.5,413.5,289,124.5,102.5,33,13,21,131,65.5,65.5,19,12,7,483.5,242.5,240.5,519,242.5,276.5,0,0,0,52.5,40.5,12,1511.5,30,123.5,153,141,153,152,136,118.5,106,91,79.5,66.5,55,44,28,16,10.5,9,751.5,14.5,60.5,73.5,68.5,77.5,76.5,68,58,51.5,44,39,33.5,28,22.5,15,9,6,6,760,15.5,63.5,79.5,72.5,75.5,74.5,68.5,60.5,54.5,47,40,33,27,21,13,7,4,3,102,58.5,332.5,6,306.5,294,804.5,107.5,148.5,146,398.5,58.5,158.5,148,405,48
102,TagumCity_NuevaFuerza,Tagum City,Nueva Fuerza,rural,1.5,244,187.5,218.5,500,7,0,72.5,46.5,26,4,54.5,0,0,469,89035369,115745980,7,74.5,6,319,25.5,36.5,1,1,3,33,134.5,0,1,34,117.5,0,1,0,0,400.5,1758.5,823,288.5,534.5,867.5,305.5,562,551,385,166.5,137,44.5,17,27.5,174,87.5,86.5,25,16,10,645,323.5,321,692,323.5,368.5,0,0,0,70.5,54,16,2015,40,165,203.5,188,203.5,202.5,182,158,141,121.5,105.5,88.5,73.5,58.5,37,22,14,12,1002,19,80.5,98,91.5,103.5,102.5,90.5,77.5,68.5,59,52.5,45,37.5,30,19.5,12,8,7,1013,21,84.5,105.5,96.5,100.5,100,91.5,80.5,72.5,62.5,53.5,43.5,35.5,28,18,10,6,5,136,77.5,443,8,408.5,391.5,1072.5,143.5,197.5,195,533,76.5,211,197,539.5,67
103,TagumCity_Pagsabangan,Tagum City,Pagsabangan,rural,4.04,656,504,586.5,1344.5,18,0,195.5,126,70.5,11.5,147,0,0.5,1260,239465004.5,311304506,18,199,17,857.5,68.5,98,2,2,8,89.5,362,1,1,90.5,316,1,3,0,0,1077,4729,2214,776,1438.5,2333.5,821,1512,1481.5,1035,447,368,119.5,45,74.5,469,235.5,233.5,67.5,42,26,1734,869.5,863.5,1861,870.5,991,0,0,0,188.5,145,43.5,5419.5,107.5,443.5,548.5,505,547,544.5,489,424,379.5,327,284,238.5,197,157,100.5,58.5,37.5,32,2695,51.5,216.5,264,246.5,277.5,276,243.5,208,184,158,140.5,120.5,101,81.5,52.5,31.5,22,20,2724.5,55.5,227.5,284,259,269.5,269,245,216.5,195.5,168,143.5,117.5,96,76,47.5,27,15.5,12,365,209.5,1192.5,21.5,1099.5,1052,2883.5,385.5,532,524,1431.5,207.5,567,528.5,1451,178
104,TagumCity_Pandapan,Tagum City,Pandapan,rural,1.84,298,229.5,266.5,611,8,0,88.5,57.5,32,5,66.5,0,0,572.5,108831143,141480486,8,90.5,8,389.5,31,44.5,1,1,4,40.5,165,0,1,41.5,143.5,0,1,0,0,489,2149.5,1006,353,653.5,1060.5,373,687.5,673.5,470.5,203,167.5,54.5,20,33.5,213,107,106,31,19,12,788,395.5,392.5,845.5,395.5,450.5,0,0,0,85.5,66,20,2463,49,201.5,249,229.5,248.5,247.5,222.5,193,172.5,148,129,108.5,89.5,71.5,45.5,26.5,17,14.5,1225,23.5,98.5,120,112,126,125.5,111,94.5,83.5,72,63.5,54.5,46,37,24,14,10,9,1238,25,103.5,129,117.5,122.5,122,111.5,98.5,88.5,76.5,65.5,53.5,43.5,34.5,22,12,7,6,166,95,541.5,10,499.5,478,1310.5,175,242,238,650.5,94,257.5,240,659.5,81.5
105,TagumCity_MagugpoPoblacion,Tagum City,Magugpo Poblacion,urban,2.43,395.5,304,353.5,810.5,11,0,118,75.5,42.5,7,88.5,0,0,760,144363188.5,187672145,11,120,10.5,517,41.5,59,1,1,5,53.5,218.5,0,1,54.5,190.5,0,2,0,0,649,2851,1334.5,468,867,1406.5,495,912,893,624,269.5,221.5,72,27,45,282.5,142,141,41,25,15.5,1045.5,524.5,520.5,1122,524.5,597.5,0,0,0,113.5,87.5,26,3267,64.5,267.5,330,305,330,328.5,295,255.5,228.5,197,171,143.5,119,94.5,60.5,35,23,19,1624.5,31,130.5,159,148,167,166,147,125.5,111,95.5,84.5,72.5,61,49,31.5,19,13,12,1642.5,33.5,137,171,156,162.5,162,148,130.5,118,101.5,86.5,70.5,57.5,46,29,16,9,7,220,126,718.5,13,662,635,1738,232,320.5,315,863,124.5,341.5,318.5,874.5,107
106,TagumCity_SanAgustin,Tagum City,San Agustin,rural,0.86,139,107,124.5,285.5,4,0,41.5,27,15,2,31,0,0,267.5,50857805.5,66115147.5,4,42.5,4,182,14.5,21,0,0,2,19,76.5,0,0,19,67.5,0,1,0,0,228.5,1004.5,470.5,165,305.5,495.5,174.5,321.5,314.5,220,94.5,78,25.5,10,15.5,99.5,50,49.5,14,9,5,368.5,185,183.5,395.5,185,210.5,0,0,0,40,31,9,1151,23,94.5,116.5,107.5,116,115.5,103.5,90.5,80.5,69.5,60.5,50.5,42,33.5,21,12,8,7,572.5,11,46,56,52.5,59,58.5,51.5,44,39,33.5,30,25.5,21.5,17,11,7,5,4,578.5,12,48.5,60.5,55,57.5,57,52,46,41.5,35.5,30.5,25,20.5,16,10,6,3,3,77.5,44.5,253.5,4.5,234,223.5,612.5,81.5,113,111.5,303.5,44,121,112.5,308,38
107,TagumCity_SanIsidro,Tagum City,San Isidro,rural,3.69,599.5,460.5,536,1228,16,0,178.5,115,64.5,10.5,134,0,0,1151.5,218756983,284384078,16,182,16,783,62.5,89.5,2,2,8,81.5,331,0,1,83.5,288.5,1,2,0,0,983.5,4320.5,2022.5,709,1313.5,2131.5,750,1381.5,1353.5,945.5,408.5,336,109,41,68,428.5,215,213.5,61.5,38.5,23.5,1584,795,789,1700,795,905.5,0,0,0,172,132.5,40,4950.5,98.5,405.5,500.5,461.5,500,498,446.5,387.5,347,298,259.5,217.5,180,143.5,91.5,53.5,34.5,29,2461.5,47.5,197.5,241.5,224.5,253.5,252,222.5,190,168,145,128.5,110,92.5,74,48,29,20,18,2489,51,207.5,259.5,236.5,246.5,245.5,223.5,197.5,178.5,154,131,107.5,87.5,69.5,43.5,24.5,14,11,333.5,191,1089,19.5,1004.5,961.5,2634,352,486.5,478,1308.5,189,518,483,1325,162.5
108,TagumCity_SanMiguel,Tagum City,San Miguel (Camp 4),urban,13.32,2164.5,1663,1935,4434,58.5,0,645,414.5,232.5,38,484,1,2,4157.5,789869615.5,1026830501,59,657,57.5,2828,226.5,323,6,8,27.5,294,1194.5,2,5,300,1041.5,2,9,0,0,3551.5,15599,7303,2559.5,4743.5,7696.5,2708.5,4988,4888,3413,1474.5,1213.5,393,148.5,244.5,1547,777,770,223.5,139,84.5,5718.5,2869.5,2849,6139,2870,3269,1,1,0,622,479,144,17876,354.5,1463,1807.5,1666.5,1804.5,1797,1612.5,1399,1252,1077,937,785,650,518,330,192,124,106,8888.5,171,713.5,870.5,812,915,910,804,685.5,607,522.5,463.5,397.5,333.5,267.5,173,104,73.5,65.5,8987,184,749.5,937,854.5,889.5,886.5,808,713.5,645,554.5,473,387.5,316,250.5,158,88,51,40.5,1205,690,3933,71,3625,3471,9509.5,1270,1755,1727,4723.5,683.5,1870.5,1744,4784,588
109,TagumCity_VisayanVillage,Tagum City,Visayan Village,urban,31,5037,3869.5,4502.5,10318.5,136.5,0,1500.5,965,542,88.5,1126.5,2,4,9673.5,1838042150,2389454795,137,1528.5,133,6581.5,527,752.5,14,18,63.5,684,2779.5,4,11,697.5,2424.5,5,20,0,0,8264.5,36299.5,16995,5956.5,11038.5,17909.5,6302,11607.5,11374.5,7943,3431.5,2824.5,914.5,345.5,569,3599,1807.5,1792,520,323,197.5,13307.5,6677.5,6630,14285.5,6678.5,7607,2,2,0,1448,1114,334,41598,825,3404.5,4206.5,3878,4198.5,4181.5,3752,3255.5,2913.5,2507,2180,1827.5,1512.5,1205.5,769,447,289,246.5,20684.5,397.5,1660.5,2025,1890,2129.5,2118.5,1872,1595.5,1413,1215.5,1078.5,925,776,622,401.5,242.5,170,152.5,20913,427.5,1744,2181,1988.5,2069,2063,1880,1659.5,1500.5,1291,1101.5,902,736.5,583.5,367,205,119,93.5,2804,1606,9151.5,166,8436,8076.5,22129.5,2957,4083,4019.5,10994,1588.5,4352.5,4057.5,11134,1368
110,TagumCity_MagugpoEast,Tagum City,Magugpo East,urban,11.1,1803.5,1385.5,1612,3694.5,49,0,537.5,345.5,194,31.5,403.5,1,1,3463,658049832.5,855464782,49,547.5,47.5,2356,189,269.5,5,6,23,244.5,995,1,4,249.5,867.5,2,7,0,0,2959,12995.5,6084.5,2132.5,3952,6412,2256,4155.5,4072,2843.5,1228.5,1011,327.5,124,203.5,1288.5,647,641.5,186,115.5,70.5,4764.5,2390.5,2374,5114.5,2391,2723.5,1,1,0,518.5,398.5,119.5,14892.5,295,1219,1506.5,1388.5,1503.5,1497.5,1343.5,1165.5,1043.5,897.5,780.5,654,541.5,431.5,275,160,103.5,88.5,7405,142,594.5,725.5,676.5,762.5,758.5,670,571.5,506,435,386.5,331,278,222.5,144,86.5,61,54.5,7487.5,153,624,781,711.5,740.5,738.5,673,594.5,537.5,462,394.5,323,263.5,209,131.5,73.5,42.5,33.5,1004,575,3276.5,59,3020.5,2892,7923.5,1058.5,1462,1439,3936.5,568.5,1558,1452,3986.5,490
111,TagumCity_MagugpoNorth,Tagum City,Magugpo North,urban,7.19,1168,897.5,1044,2392.5,31.5,0,348,223.5,125.5,20.5,261.5,1,1,2243,426202096,554062724,32,354.5,31,1526,122,174.5,3,4,15,159,644.5,1,3,162,562.5,1,5,0,0,1916.5,8417,3941,1381,2559.5,4152.5,1461.5,2691.5,2637.5,1842,795.5,655,212,80,132,834.5,419,415.5,120.5,74.5,45.5,3085.5,1548.5,1537.5,3312.5,1548.5,1764,0,0,0,336,258.5,77.5,9645.5,191,789,975.5,899.5,973.5,969.5,870,755,675.5,581.5,505.5,423.5,350.5,279.5,178,103.5,67,57,4796.5,92.5,385,470,438,494,491,434,370,328,282,250.5,214.5,180,144,93.5,56.5,39.5,35.5,4849.5,99.5,404.5,506,461,480,478,436,384.5,348,299,255.5,209.5,171,135,85.5,47.5,27.5,22,650.5,372.5,2122.5,38.5,1955.5,1873,5131,685,947.5,932,2550,369,1010,941,2581.5,317.5
112,TagumCity_MagugpoSouth,Tagum City,Magugpo South,urban,8.33,1354,1040.5,1210.5,2773.5,36.5,0,403.5,259.5,146,24,303,1,1,2600.5,494073319.5,642295315.5,37,410.5,36,1769,142,202.5,4,5,17,184,747,1,3,187.5,652,1,5,0,0,2222,9757,4568.5,1601,2967,4814.5,1694.5,3120,3057.5,2135,922,759.5,245.5,93,153,967.5,486,482,140,86.5,53,3577,1795,1782,3840,1795.5,2045,1,0,0,389.5,299.5,89.5,11182,221.5,915,1131,1042.5,1128.5,1124,1008.5,875.5,783,674,586,491,406.5,324,206.5,120,77.5,66.5,5560,106.5,446.5,544.5,508,572.5,569.5,503,429,379.5,327,290,248.5,208.5,167,108,65.5,45.5,41,5621.5,115,469,586.5,534.5,556.5,554.5,505.5,446,403.5,347,296,242.5,198,157,98.5,55,32,25,753.5,431.5,2460,44.5,2267.5,2171,5948.5,794.5,1097.5,1080.5,2955,427,1170.5,1091,2993,367.5
113,TagumCity_MagugpoWest,Tagum City,Magugpo West,urban,10.74,1746,1341.5,1560.5,3575.5,47.5,0,520,334.5,188,30.5,390.5,1,1,3352.5,636976912,828069985.5,47.5,529.5,46,2280.5,183,260.5,5,6,22,237.5,963,1,4,241.5,840.5,2,7,0,0,2864,12579.5,5890,2064,3825.5,6206.5,2184,4022.5,3942,2753,1189,979,316.5,120,197.5,1247,626,621,180,112,68.5,4611.5,2314,2297.5,4950.5,2314.5,2636,1,1,0,502,386,116,14415.5,286,1179.5,1458,1343.5,1455,1449,1300.5,1128,1009.5,868.5,755.5,633,524,417.5,266.5,155,100.5,85.5,7168.5,138,575.5,701.5,655,738,734,649,552.5,490,421.5,373.5,321,269,215.5,139,83.5,59,53,7247.5,148,604,756,689,717.5,715.5,651.5,575.5,520,447.5,381.5,313,255.5,202,127,71,41,32.5,971.5,556.5,3171.5,57.5,2923.5,2798.5,7668,1025,1415,1393,3810.5,550,1508,1406.5,3860,473.5