,crime,barangay,city,Temp (deg celsius),Feels Like (deg celsius),Wind (km/h),Cloud,Humidity,Precip (mm),Pressure (mb),Bank,Bar,Beach,Bridge,Cemetery,Church,Clinic,Commercial Building,Community Center,Convenience Store,Fire Station,Gas Station,Government Office,Greenfield,Highway,Highway Pedestrian,Highway Primary,Highway Residential,Highway Secondary,Highway Tertiary,Hospital,Hotel,Industrial Building,Mall,Marketplace,Park,Parking Area,Pawnshop,Pharmacy,Police Station,Post Office,Private Office,Recreational Area,Residential Building,Restaurant,Road,School,Sports Center,Tourist Attraction,Transport Terminal,php-usd-rate,PSE-index-Close,"Education,Baccalauate graduate","Education,College undergraduate","Education,Elementary","Education,High school","Education,No grade completed","Education,Out of school youth","Education,Post baccalaureate","Education,Postsecondary","Household,number of households","Housing,dwelling tenure status,Own house rent lot","Housing,dwelling tenure status,Own house rent,free lot with consent of owner","Housing,dwelling tenure status,Own house rent,free lot without consent of owner","Housing,dwelling tenure status,Own or owner,like possession of house and lot","Housing,dwelling tenure status,Rent house/ room including lot","Housing,dwelling tenure status,Rent,free house and lot with consent of owner","Housing,dwelling tenure status,Rent,free house and lot without consent of owner","Labor,Employed","Labor,In the Labor Force","Labor,Not in the Labor Force","Labor,Underemployed","Labor,Unemployed","Poverty,poverty incidence by employed","Poverty,poverty incidence by household","Poverty,poverty incidence by population","Poverty,poverty incidence by unemployed",Consumer Price Index  - all items,Consumer Price Index -Alcoholic beverages and tobacco,Consumer Price Index -transport,"Consumer Price Index -Housing, water, electricity, gas, and other fuels",Consumer Price Index -Restaurant and miscellaneous goods and services,inflation rate,savings deposit interest rate,bank lending rates,time_epoch_After Midnight,time_epoch_After Work-Hours,time_epoch_Afternoon,time_epoch_Early Morning,time_epoch_Evening,time_epoch_Morning,day_Friday,day_Monday,day_Saturday,day_Sunday,day_Thursday,day_Tuesday,day_Wednesday,Weather_Clear,Weather_Cloudy,Weather_Rainy,day_night_daylight,day_night_nighttime,placetype_rural,placetype_urban,Children Population,Teenage Population,Adult Population,Retiree Population,Female Children Population,Female Teenage Population,Female Adult Population,Female Retiree Population,Male Children Population,Male Teenage Population,Male Adult Population,Male Retiree Population,crime_label
4,Drug Related Incident (RA 9165),New Visayas,Panabo City,39.0,51.0,9.0,9.0,52.0,0.0,1009.0,0,0,0,0,0,0,0,1,0,0,0,0,0,0,1,0,0,1,0,1,0,0,0,0,0,0,0,0,0,0,0,0,0,1,0,0,0,0,0,0,50.582,8018.049805,1522.0,1329.5,2094.5,4698.5,49.5,611.5,14.0,293.5,3959.0,56.0,625.5,54.5,2693.5,216.0,308.0,6.0,6747.0,7110.0,4515.5,1121.0,363.5,1113.5,657.5,3745.5,66.0,159.2,183.6,140.2,143.6,137.4,2.2,0.7070000000000001,5.672999999999999,0,0,1,0,0,0,0,1,0,0,0,0,0,0,1,0,1,0,0,1,3677.0,3337.5,8807.0,1201.5,1795.5,1651.0,4304.0,632.0,1882.0,1686.5,4502.5,569.5,1
9,Drug Related Incident (RA 9165),Gredu (Pob.),Panabo City,29.0,29.0,1.0,41.0,79.0,0.3,1011.0,0,0,0,0,0,0,0,1,0,0,0,0,0,0,0,0,0,1,0,1,0,1,0,0,0,0,0,0,0,0,0,0,0,1,0,1,1,0,0,0,50.501999999999995,7906.600098000001,1520.0,1328.0,2091.5,4692.0,49.5,610.5,14.0,293.0,3953.5,56.0,624.5,54.5,2689.5,215.5,307.5,6.0,6737.5,7100.0,4509.0,1120.0,362.5,1111.5,656.5,3740.0,66.0,159.6,183.7,140.6,143.7,137.5,2.4,0.713,5.687,1,0,0,0,0,0,0,0,0,0,0,1,0,0,1,0,0,1,0,1,3672.5,3333.5,8795.0,1200.0,1793.0,1649.0,4298.0,631.5,1880.0,1684.5,4496.0,569.0,1
14,Drug Related Incident (RA 9165),Cagangohan,Panabo City,35.0,38.0,4.0,28.0,63.0,0.0,1010.0,0,0,0,0,0,0,0,1,0,0,0,0,0,0,1,0,0,1,0,0,0,0,0,0,0,0,0,0,0,0,0,0,0,1,0,0,0,0,0,0,50.397,7872.649901999999,1266.0,1106.0,1741.5,3907.5,41.0,508.5,12.0,244.0,3292.0,46.5,520.0,45.5,2240.0,179.0,256.0,5.0,5610.5,5913.0,3755.0,932.5,302.0,926.0,546.5,3114.5,54.5,159.6,183.7,140.6,143.7,137.5,2.4,0.713,5.687,0,0,0,0,0,1,0,0,0,0,0,0,1,0,1,0,1,0,0,1,3058.5,2775.5,7324.0,999.0,1493.0,1373.5,3580.5,525.5,1565.0,1403.0,3744.5,473.5,1
15,Drug Related Incident (RA 9165),Gredu (Pob.),Panabo City,36.0,47.0,7.0,54.0,58.0,0.3,1008.0,0,0,0,0,0,0,0,1,0,0,0,0,0,0,0,0,0,1,0,0,0,0,0,0,0,0,0,0,0,0,0,0,0,1,0,1,0,0,0,0,50.397,7872.649901999999,1520.0,1328.0,2091.5,4692.0,49.5,610.5,14.0,293.0,3953.5,56.0,624.5,54.5,2689.5,215.5,307.5,6.0,6737.5,7100.0,4509.0,1120.0,362.5,1111.5,656.5,3740.0,66.0,159.6,183.7,140.6,143.7,137.5,2.4,0.713,5.687,0,0,1,0,0,0,0,0,0,0,0,0,1,0,0,1,1,0,0,1,3672.5,3333.5,8795.0,1200.0,1793.0,1649.0,4298.0,631.5,1880.0,1684.5,4496.0,569.0,1
19,Murder/Homicide,San Francisco (Pob.),Panabo City,32.0,35.0,1.0,18.0,75.0,0.5,1009.0,0,0,0,0,0,0,0,1,0,0,0,1,0,0,1,0,0,1,0,1,1,0,0,0,0,0,0,0,0,0,0,0,0,1,0,0,0,0,0,0,50.422,7876.660156,1178.5,1030.0,1622.5,3639.5,38.5,473.5,11.0,227.5,3066.5,43.5,484.5,42.0,2086.5,167.0,238.5,4.0,5226.0,5507.5,3497.5,868.5,281.0,862.5,509.0,2901.0,50.5,159.6,183.7,140.6,143.7,137.5,2.4,0.713,5.687,0,0,0,0,1,0,0,0,0,0,1,0,0,1,0,0,0,1,0,1,2849.0,2585.5,6821.5,930.5,1390.5,1279.5,3333.5,489.5,1458.0,1306.0,3487.5,441.5,2
24,Theft,Kiotoy,Panabo City,35.0,39.0,5.0,0.0,63.0,0.0,1012.0,0,0,0,0,0,0,0,1,0,0,0,0,0,1,0,0,0,0,0,0,0,0,0,0,0,0,0,0,0,0,0,0,0,0,0,0,0,0,0,0,50.185,7992.27002,138.0,120.5,190.0,425.5,4.5,55.5,1.0,26.5,359.0,5.0,56.5,5.0,244.0,19.5,28.0,1.0,611.0,644.0,409.0,101.5,33.0,101.0,59.5,339.0,6.0,159.6,183.7,140.6,143.7,137.5,2.4,0.713,5.687,0,0,0,0,0,1,0,1,0,0,0,0,0,1,0,0,1,0,1,0,333.5,302.5,798.0,108.0,162.0,149.5,389.5,58.0,170.0,153.0,408.0,51.0,6
29,Physical Injuries,New Pandan (Pob.),Panabo City,36.0,44.0,13.0,0.0,56.0,0.0,1010.0,0,0,0,0,0,1,0,1,1,1,1,0,1,1,1,1,0,1,1,1,1,1,0,1,1,1,0,0,0,1,1,0,0,1,1,1,0,1,0,1,50.31,7986.509765999999,609.5,533.0,839.0,1882.0,20.0,245.0,6.0,117.5,1586.0,22.5,250.5,22.0,1079.0,86.5,123.5,2.0,2703.0,2848.0,1809.0,449.0,145.5,446.0,263.5,1500.0,26.5,159.6,183.7,140.6,143.7,137.5,2.4,0.713,5.687,0,1,0,0,0,0,0,0,0,0,0,1,0,1,0,0,1,0,0,1,1473.5,1337.0,3528.5,481.0,719.0,661.5,1724.5,253.5,753.0,675.5,1803.0,229.0,3
32,Murder/Homicide,New Malitbog,Panabo City,34.0,29.0,3.0,0.0,79.0,0.0,1012.0,0,0,0,0,0,0,0,1,0,0,0,0,0,1,1,0,1,1,0,0,0,0,0,0,0,0,0,0,0,0,0,0,0,0,0,1,1,0,0,0,50.38800000000001,7985.830078,301.0,263.0,414.0,929.0,10.0,121.0,3.0,58.0,783.0,11.0,123.5,11.0,533.0,42.5,61.0,1.0,1334.5,1406.5,893.0,222.0,72.0,220.0,130.0,741.0,13.0,159.6,183.7,140.6,143.7,137.5,2.4,0.713,5.687,0,0,0,0,0,1,0,0,0,0,0,0,1,1,0,0,1,0,1,0,727.0,660.0,1741.5,237.5,355.0,326.5,852.0,125.0,372.0,333.0,890.5,112.5,2
34,Physical Injuries,New Malitbog,Panabo City,38.0,46.0,5.0,0.0,46.0,0.0,1010.0,0,0,0,0,0,0,0,1,0,0,0,0,0,0,1,0,0,1,0,0,0,0,0,0,0,0,0,0,0,0,0,0,0,0,0,1,1,0,0,0,50.38800000000001,7985.830078,301.0,263.0,414.0,929.0,10.0,121.0,3.0,58.0,783.0,11.0,123.5,11.0,533.0,42.5,61.0,1.0,1334.5,1406.5,893.0,222.0,72.0,220.0,130.0,741.0,13.0,159.6,183.7,140.6,143.7,137.5,2.4,0.713,5.687,0,0,1,0,0,0,0,0,0,0,0,0,1,1,0,0,1,0,1,0,727.0,660.0,1741.5,237.5,355.0,326.5,852.0,125.0,372.0,333.0,890.5,112.5,3
37,Drug Related Incident (RA 9165),J.P. Laurel,Panabo City,38.0,46.0,4.0,0.0,46.0,0.0,1010.0,0,0,0,0,0,0,0,1,0,0,0,0,0,0,0,0,0,1,0,0,0,0,0,0,0,0,0,0,0,0,0,0,1,0,0,0,1,0,0,0,50.688,7928.430176000003,602.5,527.0,829.5,1861.0,20.0,242.0,6.0,116.5,1568.0,22.0,247.5,21.5,1067.0,85.5,122.0,2.0,2672.0,2816.0,1788.5,444.5,144.0,441.0,260.5,1483.0,26.0,159.6,183.7,140.6,143.7,137.5,2.4,0.713,5.687,0,0,1,0,0,0,1,0,0,0,0,0,0,1,0,0,1,0,0,1,1456.5,1322.0,3487.5,475.5,711.0,654.0,1703.5,250.0,745.5,668.0,1783.0,225.5,1
39,Theft,San Pedro,Panabo City,32.0,32.0,8.0,21.0,81.0,0.6,1011.0,0,0,0,0,0,0,0,1,0,0,0,0,0,0,0,0,0,0,0,1,0,0,0,0,0,0,0,0,0,0,0,0,0,0,0,0,0,0,0,0,50.688,7928.430176000003,385.0,336.5,530.0,1189.5,12.5,155.0,4.0,74.5,1002.5,14.0,158.0,14.0,681.5,54.5,78.0,1.0,1708.0,1799.5,1142.5,283.5,92.0,281.5,166.0,948.0,16.5,159.6,183.7,140.6,143.7,137.5,2.4,0.713,5.687,0,0,0,0,1,0,0,0,1,0,0,0,0,0,1,0,0,1,0,1,931.0,845.0,2230.0,304.0,454.0,418.0,1090.5,159.5,476.5,427.0,1138.5,144.0,6
44,Theft,Santo Niño (Pob.),Panabo City,36.0,43.0,12.0,0.0,50.0,0.0,1009.0,0,0,0,0,0,0,0,1,0,0,0,1,0,1,0,1,0,1,0,1,0,0,0,1,1,0,0,0,0,0,0,0,0,0,0,0,1,0,0,0,50.688,7928.430176000003,398.0,348.0,548.0,1228.5,13.0,160.0,4.0,76.5,1035.5,15.0,163.5,14.0,704.5,56.5,80.5,2.0,1764.5,1859.5,1180.5,293.5,95.0,291.0,172.0,979.5,17.5,159.6,183.7,140.6,143.7,137.5,2.4,0.713,5.687,0,1,0,0,0,0,0,0,0,1,0,0,0,1,0,0,1,0,0,1,962.0,873.0,2302.5,314.5,469.5,432.0,1125.5,165.5,492.0,441.0,1177.0,149.5,6
45,Drug Related Incident (RA 9165),J.P. Laurel,Panabo City,32.0,34.0,7.0,0.0,78.0,0.0,1011.0,0,0,0,0,0,0,0,1,0,0,0,0,0,0,1,1,0,1,0,0,0,0,1,0,0,0,1,0,0,1,0,0,0,0,1,0,0,0,0,0,50.688,7928.430176000003,602.5,527.0,829.5,1861.0,20.0,242.0,6.0,116.5,1568.0,22.0,247.5,21.5,1067.0,85.5,122.0,2.0,2672.0,2816.0,1788.5,444.5,144.0,441.0,260.5,1483.0,26.0,159.6,183.7,140.6,143.7,137.5,2.4,0.713,5.687,0,0,0,0,1,0,0,0,0,1,0,0,0,1,0,0,0,1,0,1,1456.5,1322.0,3487.5,475.5,711.0,654.0,1703.5,250.0,745.5,668.0,1783.0,225.5,1
50,Theft,Kauswagan,Panabo City,37.0,43.0,9.0,0.0,47.0,0.0,1010.0,0,0,0,0,0,0,0,0,0,0,0,0,0,0,0,0,0,0,0,0,0,0,0,0,0,0,0,0,0,0,0,0,0,0,0,0,0,0,0,0,51.00899999999999,7962.120117,130.5,114.0,179.0,402.5,4.0,52.5,1.0,25.0,339.0,5.0,53.5,5.0,230.5,18.5,26.5,0.0,578.0,609.0,387.0,96.0,31.0,95.5,56.5,321.0,5.5,159.6,183.7,140.6,143.7,137.5,2.4,0.713,5.687,0,0,1,0,0,0,0,1,0,0,0,0,0,1,0,0,1,0,1,0,315.0,286.0,754.5,103.0,154.0,141.5,369.0,54.0,161.5,144.5,386.0,48.5,6
55,Drug Related Incident (RA 9165),Quezon,Panabo City,34.0,43.0,7.0,34.0,61.0,0.1,1009.0,0,0,0,0,0,0,0,1,0,0,0,0,0,1,1,0,0,1,0,0,0,0,0,0,0,0,0,0,0,0,0,0,0,0,0,0,0,0,0,0,50.983000000000004,8009.410156,427.0,373.0,588.0,1318.5,14.0,172.0,4.0,82.5,1111.0,16.0,175.5,15.0,756.0,60.5,86.5,2.0,1893.5,1995.5,1267.0,314.5,102.0,312.5,184.0,1051.0,18.5,159.6,183.7,140.6,143.7,137.5,2.4,0.713,5.687,0,1,0,0,0,0,0,0,0,0,0,1,0,0,1,0,1,0,1,0,1032.5,936.5,2470.5,337.0,503.5,463.5,1208.0,178.0,528.5,473.5,1262.5,160.5,1
56,Drug Related Incident (RA 9165),Quezon,Panabo City,34.0,43.0,7.0,34.0,61.0,0.1,1009.0,0,0,0,0,0,0,0,1,0,0,0,0,0,1,1,0,0,1,0,0,0,0,0,0,0,0,0,0,0,0,0,0,0,0,0,0,0,0,0,0,50.983000000000004,8009.410156,427.0,373.0,588.0,1318.5,14.0,172.0,4.0,82.5,1111.0,16.0,175.5,15.0,756.0,60.5,86.5,2.0,1893.5,1995.5,1267.0,314.5,102.0,312.5,184.0,1051.0,18.5,159.6,183.7,140.6,143.7,137.5,2.4,0.713,5.687,0,1,0,0,0,0,0,0,0,0,0,1,0,0,1,0,1,0,1,0,1032.5,936.5,2470.5,337.0,503.5,463.5,1208.0,178.0,528.5,473.5,1262.5,160.5,1
62,Theft,New Pandan (Pob.),Panabo City,32.0,26.0,3.0,56.0,79.0,0.0,1009.0,1,0,0,0,0,0,1,1,1,1,1,0,1,1,1,1,0,1,0,1,1,0,0,0,1,1,0,1,0,1,1,0,0,0,1,0,1,0,0,0,51.217,8046.589844,609.5,533.0,839.0,1882.0,20.0,245.0,6.0,117.5,1586.0,22.5,250.5,22.0,1079.0,86.5,123.5,2.0,2703.0,2848.0,1809.0,449.0,145.5,446.0,263.5,1500.0,26.5,159.6,183.7,140.6,143.7,137.5,2.4,0.713,5.687,0,0,0,1,0,0,0,0,0,0,0,0,1,0,1,0,0,1,0,1,1473.5,1337.0,3528.5,481.0,719.0,661.5,1724.5,253.5,753.0,675.5,1803.0,229.0,6
69,Drug Related Incident (RA 9165),Gredu (Pob.),Panabo City,33.0,33.0,2.0,0.0,71.0,0.1,1010.0,0,0,0,0,0,0,0,1,0,0,0,0,0,0,0,0,0,1,1,0,0,0,0,0,0,0,0,0,0,0,0,0,0,1,0,1,0,0,0,0,51.301,8016.72998,1520.0,1328.0,2091.5,4692.0,49.5,610.5,14.0,293.0,3953.5,56.0,624.5,54.5,2689.5,215.5,307.5,6.0,6737.5,7100.0,4509.0,1120.0,362.5,1111.5,656.5,3740.0,66.0,159.6,183.7,140.6,143.7,137.5,2.4,0.713,5.687,0,0,0,0,1,0,0,0,1,0,0,0,0,1,0,0,0,1,0,1,3672.5,3333.5,8795.0,1200.0,1793.0,1649.0,4298.0,631.5,1880.0,1684.5,4496.0,569.0,1
79,Drug Related Incident (RA 9165),J.P. Laurel,Panabo City,35.0,42.0,14.0,0.0,61.0,0.0,1007.0,0,0,0,0,0,0,0,1,0,0,0,0,0,1,0,0,0,0,0,0,0,0,0,0,0,0,0,0,0,0,0,0,0,0,0,0,0,0,0,0,51.494,8015.930176000003,602.5,527.0,829.5,1861.0,20.0,242.0,6.0,116.5,1568.0,22.0,247.5,21.5,1067.0,85.5,122.0,2.0,2672.0,2816.0,1788.5,444.5,144.0,441.0,260.5,1483.0,26.0,159.6,183.7,140.6,143.7,137.5,2.4,0.713,5.687,0,1,0,0,0,0,0,0,0,0,0,1,0,1,0,0,1,0,0,1,1456.5,1322.0,3487.5,475.5,711.0,654.0,1703.5,250.0,745.5,668.0,1783.0,225.5,1
88,Drug Related Incident (RA 9165),Datu Abdul Dadia,Panabo City,36.0,44.0,12.0,46.0,57.0,0.0,1010.0,0,0,0,0,0,0,0,0,0,0,0,0,0,0,0,0,0,0,0,0,0,0,0,0,0,0,0,0,0,0,0,0,0,0,0,0,0,0,0,0,51.376999999999995,7998.75,532.0,465.0,732.0,1643.0,17.0,214.0,5.0,102.5,1384.5,20.0,219.0,19.0,942.0,75.5,107.5,2.0,2359.5,2486.5,1579.0,392.0,127.0,389.0,230.0,1310.0,23.0,159.6,183.7,140.6,143.7,137.5,2.4,0.713,5.687,0,1,0,0,0,0,0,0,0,0,0,0,1,0,1,0,1,0,0,1,1286.5,1167.0,3080.0,419.5,628.0,578.0,1504.5,220.5,658.0,590.0,1576.0,199.0,1
90,Physical Injuries,A. O. Floirendo,Panabo City,36.0,39.0,6.0,33.0,60.0,0.1,1012.0,0,0,0,0,0,0,0,0,0,0,0,0,0,0,0,0,0,0,0,1,0,0,0,0,0,0,0,0,0,0,0,0,0,0,0,0,0,0,0,0,51.202,8004.930176000003,445.5,389.0,613.0,1375.5,14.5,179.0,4.0,85.5,1158.5,16.5,183.0,16.0,788.5,63.0,90.5,2.0,1974.5,2081.0,1321.5,328.0,106.0,325.5,192.0,1096.0,19.5,159.6,183.7,140.6,143.7,137.5,2.4,0.713,5.687,0,0,0,0,0,1,0,0,0,0,1,0,0,0,1,0,1,0,0,1,1075.5,977.0,2577.0,351.0,525.5,483.5,1260.5,184.5,551.0,493.5,1317.5,167.0,3
97,Theft,Santo Niño (Pob.),Panabo City,35.0,40.0,5.0,0.0,59.0,0.0,1010.0,0,0,0,0,0,0,0,1,0,0,0,1,0,1,0,1,0,1,0,1,0,0,0,1,1,0,0,0,0,0,0,0,0,0,0,0,1,0,0,0,51.05,8015.140137,398.0,348.0,548.0,1228.5,13.0,160.0,4.0,76.5,1035.5,15.0,163.5,14.0,704.5,56.5,80.5,2.0,1764.5,1859.5,1180.5,293.5,95.0,291.0,172.0,979.5,17.5,159.6,183.7,140.6,143.7,137.5,2.4,0.713,5.687,0,0,0,0,0,1,0,0,1,0,0,0,0,1,0,0,1,0,0,1,962.0,873.0,2302.5,314.5,469.5,432.0,1125.5,165.5,492.0,441.0,1177.0,149.5,6
116,Drug Related Incident (RA 9165),J.P. Laurel,Panabo City,32.0,34.0,6.0,0.0,81.0,0.0,1011.0,0,0,0,0,0,0,0,1,0,0,0,0,0,1,1,0,0,0,0,1,0,0,0,0,0,0,0,0,0,0,0,0,0,0,0,0,0,0,0,0,51.166000000000004,7958.569823999997,602.5,527.0,829.5,1861.0,20.0,242.0,6.0,116.5,1568.0,22.0,247.5,21.5,1067.0,85.5,122.0,2.0,2672.0,2816.0,1788.5,444.5,144.0,441.0,260.5,1483.0,26.0,159.6,183.7,140.6,143.7,137.5,2.4,0.713,5.687,0,0,0,0,1,0,0,0,0,0,1,0,0,1,0,0,0,1,0,1,1456.5,1322.0,3487.5,475.5,711.0,654.0,1703.5,250.0,745.5,668.0,1783.0,225.5,1
117,Drug Related Incident (RA 9165),Santo Niño (Pob.),Panabo City,32.0,34.0,6.0,0.0,81.0,0.0,1011.0,0,0,0,0,0,0,0,1,0,0,0,0,0,0,0,0,0,1,0,0,0,0,0,0,0,0,0,0,0,0,0,0,0,0,0,0,0,1,0,0,51.166000000000004,7958.569823999997,398.0,348.0,548.0,1228.5,13.0,160.0,4.0,76.5,1035.5,15.0,163.5,14.0,704.5,56.5,80.5,2.0,1764.5,1859.5,1180.5,293.5,95.0,291.0,172.0,979.5,17.5,159.6,183.7,140.6,143.7,137.5,2.4,0.713,5.687,0,0,0,0,1,0,0,0,0,0,1,0,0,1,0,0,0,1,0,1,962.0,873.0,2302.5,314.5,469.5,432.0,1125.5,165.5,492.0,441.0,1177.0,149.5,1
130,Robbery,Nanyo,Panabo City,32.0,33.0,11.0,0.0,67.0,0.0,1010.0,0,0,0,0,0,0,0,1,0,0,0,0,0,1,1,0,1,0,0,0,0,0,0,0,0,0,0,0,0,0,0,0,0,1,0,0,0,0,0,0,51.183,8049.350098000001,353.0,308.5,486.5,1091.0,11.5,142.0,3.0,68.5,919.0,13.0,145.0,13.0,625.5,50.0,71.5,1.0,1567.0,1651.5,1048.5,260.5,84.5,258.5,152.5,869.5,15.5,160.1,184.0,141.5,145.2,137.6,3.0,0.674,5.609,0,1,0,0,0,0,0,0,0,0,0,1,0,1,0,0,0,1,1,0,854.5,775.0,2045.0,279.0,417.0,383.0,1000.5,146.5,437.0,391.5,1044.5,132.0,5
131,Drug Related Incident (RA 9165),Cagangohan,Panabo City,32.0,33.0,11.0,0.0,67.0,0.0,1010.0,0,0,0,0,0,0,0,1,0,0,0,0,0,1,0,0,0,1,0,1,0,0,0,0,0,0,0,0,0,0,0,0,0,1,0,0,0,0,0,0,51.183,8049.350098000001,1266.0,1106.0,1741.5,3907.5,41.0,508.5,12.0,244.0,3292.0,46.5,520.0,45.5,2240.0,179.0,256.0,5.0,5610.5,5913.0,3755.0,932.5,302.0,926.0,546.5,3114.5,54.5,160.1,184.0,141.5,145.2,137.6,3.0,0.674,5.609,0,1,0,0,0,0,0,0,0,0,0,1,0,1,0,0,0,1,0,1,3058.5,2775.5,7324.0,999.0,1493.0,1373.5,3580.5,525.5,1565.0,1403.0,3744.5,473.5,1
132,Drug Related Incident (RA 9165),New Visayas,Panabo City,31.0,29.0,6.0,0.0,79.0,0.0,1012.0,0,0,0,0,0,0,0,1,0,0,0,0,0,1,0,1,0,1,0,1,0,0,0,0,0,0,0,0,0,0,0,0,0,0,0,0,0,0,0,0,51.183,8049.350098000001,1522.0,1329.5,2094.5,4698.5,49.5,611.5,14.0,293.5,3959.0,56.0,625.5,54.5,2693.5,216.0,308.0,6.0,6747.0,7110.0,4515.5,1121.0,363.5,1113.5,657.5,3745.5,66.0,160.1,184.0,141.5,145.2,137.6,3.0,0.674,5.609,0,0,0,0,1,0,0,0,0,0,0,1,0,1,0,0,0,1,0,1,3677.0,3337.5,8807.0,1201.5,1795.5,1651.0,4304.0,632.0,1882.0,1686.5,4502.5,569.5,1
133,Robbery,Nanyo,Panabo City,32.0,33.0,11.0,0.0,67.0,0.0,1010.0,0,0,0,0,0,0,0,1,0,0,0,0,0,1,1,0,1,1,0,0,0,0,0,0,0,0,0,0,0,0,0,0,0,1,0,0,1,0,0,0,51.183,8049.350098000001,353.0,308.5,486.5,1091.0,11.5,142.0,3.0,68.5,919.0,13.0,145.0,13.0,625.5,50.0,71.5,1.0,1567.0,1651.5,1048.5,260.5,84.5,258.5,152.5,869.5,15.5,160.1,184.0,141.5,145.2,137.6,3.0,0.674,5.609,0,1,0,0,0,0,0,0,0,0,0,1,0,1,0,0,0,1,1,0,854.5,775.0,2045.0,279.0,417.0,383.0,1000.5,146.5,437.0,391.5,1044.5,132.0,5
141,Drug Related Incident (RA 9165),Salvacion,Panabo City,31.0,30.0,5.0,0.0,80.0,0.0,1011.0,0,0,0,0,0,0,0,1,0,0,0,0,0,0,0,0,0,1,0,0,0,0,0,0,0,0,0,0,0,0,0,0,0,0,0,0,0,0,0,0,51.136,8022.97998,874.5,764.0,1203.5,2700.5,28.5,351.0,8.0,169.0,2275.5,32.0,359.5,31.0,1548.0,124.0,177.0,3.0,3878.0,4086.0,2595.0,644.5,209.0,640.0,378.0,2152.5,38.0,160.1,184.0,141.5,145.2,137.6,3.0,0.674,5.609,0,0,0,0,1,0,0,0,0,0,1,0,0,1,0,0,0,1,0,1,2114.0,1918.0,5061.5,691.0,1032.0,949.0,2474.5,363.0,1082.0,969.0,2588.0,328.0,1
158,Theft,Santo Niño (Pob.),Panabo City,33.0,36.0,13.0,0.0,55.0,0.0,1007.0,0,0,0,0,0,0,0,1,0,0,0,1,0,1,0,1,0,1,0,1,1,0,0,1,1,0,0,0,0,0,0,0,0,0,0,0,1,0,0,0,50.76300000000001,8049.310059,398.0,348.0,548.0,1228.5,13.0,160.0,4.0,76.5,1035.5,15.0,163.5,14.0,704.5,56.5,80.5,2.0,1764.5,1859.5,1180.5,293.5,95.0,291.0,172.0,979.5,17.5,160.1,184.0,141.5,145.2,137.6,3.0,0.674,5.609,0,1,0,0,0,0,0,1,0,0,0,0,0,1,0,0,1,0,0,1,962.0,873.0,2302.5,314.5,469.5,432.0,1125.5,165.5,492.0,441.0,1177.0,149.5,6
168,Drug Related Incident (RA 9165),New Visayas,Panabo City,34.0,36.0,4.0,0.0,58.0,0.0,1011.0,0,0,0,0,0,0,0,1,0,0,0,0,0,0,0,0,0,1,0,0,0,0,0,0,0,0,0,0,0,0,0,0,0,1,0,1,0,0,0,0,51.143,8180.850098000001,1522.0,1329.5,2094.5,4698.5,49.5,611.5,14.0,293.5,3959.0,56.0,625.5,54.5,2693.5,216.0,308.0,6.0,6747.0,7110.0,4515.5,1121.0,363.5,1113.5,657.5,3745.5,66.0,160.1,184.0,141.5,145.2,137.6,3.0,0.674,5.609,0,0,0,0,0,1,0,0,1,0,0,0,0,1,0,0,1,0,0,1,3677.0,3337.5,8807.0,1201.5,1795.5,1651.0,4304.0,632.0,1882.0,1686.5,4502.5,569.5,1
169,Drug Related Incident (RA 9165),New Pandan (Pob.),Panabo City,33.0,34.0,9.0,0.0,65.0,0.0,1010.0,0,0,0,0,0,1,0,1,1,1,1,0,1,1,1,1,0,1,1,1,1,1,0,0,1,1,0,0,0,1,1,0,0,1,1,1,0,1,0,1,51.143,8180.850098000001,609.5,533.0,839.0,1882.0,20.0,245.0,6.0,117.5,1586.0,22.5,250.5,22.0,1079.0,86.5,123.5,2.0,2703.0,2848.0,1809.0,449.0,145.5,446.0,263.5,1500.0,26.5,160.1,184.0,141.5,145.2,137.6,3.0,0.674,5.609,0,1,0,0,0,0,0,0,1,0,0,0,0,1,0,0,0,1,0,1,1473.5,1337.0,3528.5,481.0,719.0,661.5,1724.5,253.5,753.0,675.5,1803.0,229.0,1
180,Drug Related Incident (RA 9165),Santo Niño (Pob.),Panabo City,31.0,34.0,7.0,59.0,68.0,0.0,1009.0,0,0,0,0,0,1,0,1,0,1,0,0,0,0,0,0,0,1,0,1,0,0,0,0,0,0,0,0,0,0,0,0,0,0,0,0,0,0,0,0,51.036,8219.320313,398.0,348.0,548.0,1228.5,13.0,160.0,4.0,76.5,1035.5,15.0,163.5,14.0,704.5,56.5,80.5,2.0,1764.5,1859.5,1180.5,293.5,95.0,291.0,172.0,979.5,17.5,160.1,184.0,141.5,145.2,137.6,3.0,0.674,5.609,0,1,0,0,0,0,0,0,0,0,0,0,1,0,1,0,0,1,0,1,962.0,873.0,2302.5,314.5,469.5,432.0,1125.5,165.5,492.0,441.0,1177.0,149.5,1
198,Murder/Homicide,New Pandan (Pob.),Panabo City,28.0,27.0,3.0,63.0,86.0,0.0,1010.0,0,0,0,0,0,0,0,1,1,0,0,0,1,0,0,1,0,1,0,1,1,1,0,0,0,1,0,0,0,0,0,0,0,1,0,1,1,0,1,0,50.856,8244.730469,609.5,533.0,839.0,1882.0,20.0,245.0,6.0,117.5,1586.0,22.5,250.5,22.0,1079.0,86.5,123.5,2.0,2703.0,2848.0,1809.0,449.0,145.5,446.0,263.5,1500.0,26.5,160.1,184.0,141.5,145.2,137.6,3.0,0.674,5.609,0,0,0,1,0,0,0,1,0,0,0,0,0,0,1,0,1,0,0,1,1473.5,1337.0,3528.5,481.0,719.0,661.5,1724.5,253.5,753.0,675.5,1803.0,229.0,2
200,Drug Related Incident (RA 9165),Santo Niño (Pob.),Panabo City,31.0,31.0,10.0,39.0,66.0,0.0,1009.0,1,0,0,0,0,0,0,1,0,1,0,1,0,0,1,1,0,1,1,1,1,0,0,1,1,0,0,1,1,1,0,0,0,0,1,0,1,0,0,0,50.856,8244.730469,398.0,348.0,548.0,1228.5,13.0,160.0,4.0,76.5,1035.5,15.0,163.5,14.0,704.5,56.5,80.5,2.0,1764.5,1859.5,1180.5,293.5,95.0,291.0,172.0,979.5,17.5,160.1,184.0,141.5,145.2,137.6,3.0,0.674,5.609,0,1,0,0,0,0,0,1,0,0,0,0,0,0,1,0,0,1,0,1,962.0,873.0,2302.5,314.5,469.5,432.0,1125.5,165.5,492.0,441.0,1177.0,149.5,1
202,Robbery,Maduao,Panabo City,30.0,28.0,3.0,37.0,77.0,0.0,1011.0,0,0,0,0,0,0,0,1,0,0,0,0,0,0,1,1,0,0,0,0,0,0,0,0,0,0,0,0,0,0,0,0,0,0,0,1,0,0,0,0,50.629,8170.140137,286.5,250.0,394.0,883.0,9.0,115.0,3.0,55.0,744.0,11.0,117.5,10.0,506.5,40.5,58.0,1.0,1268.0,1336.5,849.0,211.0,68.0,209.0,123.5,704.0,12.5,160.1,184.0,141.5,145.2,137.6,3.0,0.674,5.609,1,0,0,0,0,0,0,0,0,0,0,1,0,0,1,0,0,1,1,0,691.0,627.5,1654.5,225.0,337.5,310.5,809.0,119.0,353.5,317.0,846.5,107.0,5
210,Drug Related Incident (RA 9165),Cagangohan,Panabo City,35.0,38.0,7.0,45.0,49.0,0.0,1010.0,0,0,0,0,0,0,0,0,0,0,0,0,0,1,0,0,0,0,0,0,0,0,0,0,0,0,0,0,0,0,0,0,0,0,0,0,0,0,0,0,51.073,8171.430176000003,1266.0,1106.0,1741.5,3907.5,41.0,508.5,12.0,244.0,3292.0,46.5,520.0,45.5,2240.0,179.0,256.0,5.0,5610.5,5913.0,3755.0,932.5,302.0,926.0,546.5,3114.5,54.5,160.1,184.0,141.5,145.2,137.6,3.0,0.674,5.609,0,0,1,0,0,0,1,0,0,0,0,0,0,0,1,0,1,0,0,1,3058.5,2775.5,7324.0,999.0,1493.0,1373.5,3580.5,525.5,1565.0,1403.0,3744.5,473.5,1
212,Murder/Homicide,San Pedro,Panabo City,31.0,28.0,2.0,31.0,80.0,0.0,1011.0,0,0,0,0,0,0,0,1,0,0,0,0,0,0,1,0,0,1,0,1,0,0,0,0,0,0,0,0,0,0,0,0,0,0,1,0,0,0,0,0,51.073,8171.430176000003,385.0,336.5,530.0,1189.5,12.5,155.0,4.0,74.5,1002.5,14.0,158.0,14.0,681.5,54.5,78.0,1.0,1708.0,1799.5,1142.5,283.5,92.0,281.5,166.0,948.0,16.5,160.1,184.0,141.5,145.2,137.6,3.0,0.674,5.609,0,0,0,1,0,0,0,0,1,0,0,0,0,1,0,0,0,1,0,1,931.0,845.0,2230.0,304.0,454.0,418.0,1090.5,159.5,476.5,427.0,1138.5,144.0,2
221,Drug Related Incident (RA 9165),San Vicente,Panabo City,30.0,30.0,5.0,29.0,75.0,0.0,1010.0,0,0,0,0,0,0,0,1,0,0,0,0,0,0,0,0,0,1,0,0,0,0,0,0,0,0,0,0,0,0,0,0,0,0,0,0,0,0,0,0,50.83,8256.280273,1327.5,1159.5,1827.0,4098.0,43.5,533.0,12.0,256.0,3453.0,49.0,546.0,47.5,2349.0,188.0,268.5,5.0,5885.0,6201.5,3938.0,978.0,316.5,971.0,573.0,3266.5,57.5,160.9,185.7,140.7,144.8,137.9,2.8,0.7040000000000001,5.73,0,0,0,0,1,0,0,1,0,0,0,0,0,0,1,0,0,1,0,1,3208.0,2911.5,7681.0,1048.0,1566.5,1440.5,3754.5,551.0,1641.5,1471.0,3927.5,496.5,1
222,Drug Related Incident (RA 9165),San Vicente,Panabo City,30.0,30.0,5.0,29.0,75.0,0.0,1010.0,0,0,0,0,0,0,0,1,0,0,0,0,0,0,1,0,0,1,0,0,0,0,0,0,0,0,0,0,0,0,0,0,0,1,0,0,0,0,0,0,50.83,8256.280273,1327.5,1159.5,1827.0,4098.0,43.5,533.0,12.0,256.0,3453.0,49.0,546.0,47.5,2349.0,188.0,268.5,5.0,5885.0,6201.5,3938.0,978.0,316.5,971.0,573.0,3266.5,57.5,160.9,185.7,140.7,144.8,137.9,2.8,0.7040000000000001,5.73,0,0,0,0,1,0,0,1,0,0,0,0,0,0,1,0,0,1,0,1,3208.0,2911.5,7681.0,1048.0,1566.5,1440.5,3754.5,551.0,1641.5,1471.0,3927.5,496.5,1
229,Drug Related Incident (RA 9165),Santo Niño (Pob.),Panabo City,34.0,38.0,12.0,0.0,51.0,0.0,1009.0,0,0,0,0,0,0,0,1,0,0,0,0,0,0,1,0,0,1,0,1,0,0,0,0,0,0,0,0,0,0,0,0,0,0,0,0,0,0,0,0,51.178000000000004,8344.049805,398.0,348.0,548.0,1228.5,13.0,160.0,4.0,76.5,1035.5,15.0,163.5,14.0,704.5,56.5,80.5,2.0,1764.5,1859.5,1180.5,293.5,95.0,291.0,172.0,979.5,17.5,160.9,185.7,140.7,144.8,137.9,2.8,0.7040000000000001,5.73,0,1,0,0,0,0,0,0,0,0,0,0,1,1,0,0,0,1,0,1,962.0,873.0,2302.5,314.5,469.5,432.0,1125.5,165.5,492.0,441.0,1177.0,149.5,1
231,Theft,Gredu (Pob.),Panabo City,35.0,37.0,3.0,29.0,58.0,0.0,1010.0,0,0,0,0,0,0,0,1,0,0,0,1,0,0,1,0,0,1,0,1,1,0,0,0,0,0,0,0,0,0,0,0,0,0,1,0,0,0,0,0,51.018,8310.879883,1520.0,1328.0,2091.5,4692.0,49.5,610.5,14.0,293.0,3953.5,56.0,624.5,54.5,2689.5,215.5,307.5,6.0,6737.5,7100.0,4509.0,1120.0,362.5,1111.5,656.5,3740.0,66.0,160.9,185.7,140.7,144.8,137.9,2.8,0.7040000000000001,5.73,0,0,0,0,0,1,1,0,0,0,0,0,0,0,1,0,1,0,0,1,3672.5,3333.5,8795.0,1200.0,1793.0,1649.0,4298.0,631.5,1880.0,1684.5,4496.0,569.0,6
244,Theft,San Vicente,Panabo City,33.0,36.0,9.0,18.0,66.0,0.0,1005.0,0,0,0,0,0,0,0,1,0,0,0,0,0,0,0,0,0,1,0,0,0,0,0,0,0,0,0,0,0,0,0,0,0,0,0,0,0,0,0,0,51.308,8358.469727,1327.5,1159.5,1827.0,4098.0,43.5,533.0,12.0,256.0,3453.0,49.0,546.0,47.5,2349.0,188.0,268.5,5.0,5885.0,6201.5,3938.0,978.0,316.5,971.0,573.0,3266.5,57.5,160.9,185.7,140.7,144.8,137.9,2.8,0.7040000000000001,5.73,0,1,0,0,0,0,0,0,0,0,0,0,1,1,0,0,0,1,0,1,3208.0,2911.5,7681.0,1048.0,1566.5,1440.5,3754.5,551.0,1641.5,1471.0,3927.5,496.5,6
247,Murder/Homicide,Nanyo,Panabo City,34.0,39.0,12.0,0.0,50.0,0.0,1004.0,0,0,0,0,0,0,0,1,0,0,0,0,0,1,1,0,1,1,0,0,0,0,0,0,0,0,0,0,0,0,0,0,0,1,0,0,0,0,0,0,51.467,8402.80957,353.0,308.5,486.5,1091.0,11.5,142.0,3.0,68.5,919.0,13.0,145.0,13.0,625.5,50.0,71.5,1.0,1567.0,1651.5,1048.5,260.5,84.5,258.5,152.5,869.5,15.5,160.9,185.7,140.7,144.8,137.9,2.8,0.7040000000000001,5.73,0,1,0,0,0,0,0,0,0,0,1,0,0,1,0,0,0,1,1,0,854.5,775.0,2045.0,279.0,417.0,383.0,1000.5,146.5,437.0,391.5,1044.5,132.0,2
249,Rape (Art. 266-A RC & R.A.8353),Quezon,Panabo City,33.0,37.0,10.0,15.0,59.0,0.0,1007.0,0,0,0,0,0,0,0,1,0,0,0,0,0,1,0,0,0,1,0,0,0,1,0,0,0,0,0,0,0,0,0,0,0,0,1,0,0,0,0,0,51.385,8447.94043,427.0,373.0,588.0,1318.5,14.0,172.0,4.0,82.5,1111.0,16.0,175.5,15.0,756.0,60.5,86.5,2.0,1893.5,1995.5,1267.0,314.5,102.0,312.5,184.0,1051.0,18.5,160.9,185.7,140.7,144.8,137.9,2.8,0.7040000000000001,5.73,0,0,0,0,0,1,1,0,0,0,0,0,0,0,1,0,1,0,1,0,1032.5,936.5,2470.5,337.0,503.5,463.5,1208.0,178.0,528.5,473.5,1262.5,160.5,4
252,Theft,Gredu (Pob.),Panabo City,33.0,37.0,3.0,13.0,65.0,0.0,1008.0,0,0,0,0,0,1,0,1,0,0,0,1,1,0,1,1,0,1,0,1,0,0,0,0,0,0,0,0,0,0,0,1,0,1,1,1,1,1,0,0,51.385,8447.94043,1520.0,1328.0,2091.5,4692.0,49.5,610.5,14.0,293.0,3953.5,56.0,624.5,54.5,2689.5,215.5,307.5,6.0,6737.5,7100.0,4509.0,1120.0,362.5,1111.5,656.5,3740.0,66.0,160.9,185.7,140.7,144.8,137.9,2.8,0.7040000000000001,5.73,0,0,0,0,0,1,0,0,1,0,0,0,0,0,1,0,1,0,0,1,3672.5,3333.5,8795.0,1200.0,1793.0,1649.0,4298.0,631.5,1880.0,1684.5,4496.0,569.0,6
256,Murder/Homicide,Maduao,Panabo City,24.0,28.0,5.0,26.0,82.0,0.0,1007.0,0,0,0,0,0,0,0,1,0,0,0,0,0,0,1,0,0,0,0,1,0,0,0,0,0,0,0,0,0,0,0,0,0,0,0,0,0,0,0,0,51.293,8431.730469,286.5,250.0,394.0,883.0,9.0,115.0,3.0,55.0,744.0,11.0,117.5,10.0,506.5,40.5,58.0,1.0,1268.0,1336.5,849.0,211.0,68.0,209.0,123.5,704.0,12.5,160.9,185.7,140.7,144.8,137.9,2.8,0.7040000000000001,5.73,0,0,0,0,1,0,0,0,0,0,0,0,1,0,1,0,0,1,1,0,691.0,627.5,1654.5,225.0,337.5,310.5,809.0,119.0,353.5,317.0,846.5,107.0,2
266,Theft,Gredu (Pob.),Panabo City,33.0,36.0,4.0,34.0,63.0,0.0,1012.0,0,0,0,0,0,0,0,1,0,0,0,1,0,0,1,0,0,1,0,1,1,0,0,0,0,0,0,0,0,0,0,0,0,0,1,0,0,0,0,0,51.51300000000001,8303.349609,1520.0,1328.0,2091.5,4692.0,49.5,610.5,14.0,293.0,3953.5,56.0,624.5,54.5,2689.5,215.5,307.5,6.0,6737.5,7100.0,4509.0,1120.0,362.5,1111.5,656.5,3740.0,66.0,160.9,185.7,140.7,144.8,137.9,2.8,0.7040000000000001,5.73,0,0,0,0,0,1,0,0,0,0,0,0,1,0,1,0,1,0,0,1,3672.5,3333.5,8795.0,1200.0,1793.0,1649.0,4298.0,631.5,1880.0,1684.5,4496.0,569.0,6
275,Physical Injuries,New Malitbog,Panabo City,31.0,32.0,2.0,24.0,76.0,1.0,1010.0,0,0,0,0,0,0,0,1,0,0,0,0,0,0,1,0,0,0,0,0,0,0,0,0,0,0,0,0,0,0,0,0,0,0,0,0,0,0,0,0,51.74100000000001,8295.950195,301.0,263.0,414.0,929.0,10.0,121.0,3.0,58.0,783.0,11.0,123.5,11.0,533.0,42.5,61.0,1.0,1334.5,1406.5,893.0,222.0,72.0,220.0,130.0,741.0,13.0,160.9,185.7,140.7,144.8,137.9,2.8,0.7040000000000001,5.73,0,0,0,0,1,0,0,0,0,1,0,0,0,0,1,0,0,1,1,0,727.0,660.0,1741.5,237.5,355.0,326.5,852.0,125.0,372.0,333.0,890.5,112.5,3
283,Theft,Santo Niño (Pob.),Panabo City,33.0,36.0,12.0,26.0,61.0,0.1,1008.0,1,1,0,1,0,1,0,1,1,1,0,1,0,1,1,1,1,1,0,1,0,0,0,0,1,0,0,0,0,0,0,0,0,0,1,0,1,1,0,0,51.799,8365.259766,398.0,348.0,548.0,1228.5,13.0,160.0,4.0,76.5,1035.5,15.0,163.5,14.0,704.5,56.5,80.5,2.0,1764.5,1859.5,1180.5,293.5,95.0,291.0,172.0,979.5,17.5,161.4,188.3,141.5,145.0,137.9,2.5,0.6509999999999999,5.566,0,0,1,0,0,0,0,0,0,0,0,0,1,0,1,0,1,0,0,1,962.0,873.0,2302.5,314.5,469.5,432.0,1125.5,165.5,492.0,441.0,1177.0,149.5,6
284,Theft,J.P. Laurel,Panabo City,33.0,36.0,12.0,26.0,61.0,0.1,1008.0,0,0,0,0,0,0,0,1,0,0,0,0,0,0,1,0,0,1,0,1,0,0,0,0,0,0,0,0,0,0,0,0,0,0,0,0,0,0,0,0,51.799,8365.259766,602.5,527.0,829.5,1861.0,20.0,242.0,6.0,116.5,1568.0,22.0,247.5,21.5,1067.0,85.5,122.0,2.0,2672.0,2816.0,1788.5,444.5,144.0,441.0,260.5,1483.0,26.0,161.4,188.3,141.5,145.0,137.9,2.5,0.6509999999999999,5.566,0,1,0,0,0,0,0,0,0,0,0,0,1,0,1,0,0,1,0,1,1456.5,1322.0,3487.5,475.5,711.0,654.0,1703.5,250.0,745.5,668.0,1783.0,225.5,6
290,Robbery,San Francisco (Pob.),Panabo City,32.0,29.0,4.0,22.0,77.0,0.0,1009.0,0,0,0,0,0,0,0,1,0,0,0,0,0,0,0,0,1,1,0,1,0,0,0,0,0,0,0,0,0,0,0,0,0,1,0,0,1,0,0,0,51.68600000000001,8516.019531,1178.5,1030.0,1622.5,3639.5,38.5,473.5,11.0,227.5,3066.5,43.5,484.5,42.0,2086.5,167.0,238.5,4.0,5226.0,5507.5,3497.5,868.5,281.0,862.5,509.0,2901.0,50.5,161.4,188.3,141.5,145.0,137.9,2.5,0.6509999999999999,5.566,0,0,0,1,0,0,0,0,0,0,1,0,0,1,0,0,1,0,0,1,2849.0,2585.5,6821.5,930.5,1390.5,1279.5,3333.5,489.5,1458.0,1306.0,3487.5,441.5,5
292,Theft,Santo Niño (Pob.),Panabo City,32.0,34.0,4.0,68.0,69.0,0.1,1007.0,0,0,0,0,0,0,0,1,0,0,0,1,0,1,0,1,0,1,0,1,1,0,0,1,1,0,0,0,0,0,0,0,0,0,0,0,1,0,0,0,51.488,8376.129883,398.0,348.0,548.0,1228.5,13.0,160.0,4.0,76.5,1035.5,15.0,163.5,14.0,704.5,56.5,80.5,2.0,1764.5,1859.5,1180.5,293.5,95.0,291.0,172.0,979.5,17.5,161.4,188.3,141.5,145.0,137.9,2.5,0.6509999999999999,5.566,0,1,0,0,0,0,0,0,1,0,0,0,0,0,1,0,0,1,0,1,962.0,873.0,2302.5,314.5,469.5,432.0,1125.5,165.5,492.0,441.0,1177.0,149.5,6
297,Physical Injuries,New Pandan (Pob.),Panabo City,30.0,30.0,4.0,32.0,78.0,0.0,1009.0,1,0,0,0,0,0,1,1,1,1,1,0,1,1,1,1,0,1,0,1,1,0,0,0,1,1,0,1,0,1,1,0,0,0,1,0,1,1,0,0,51.488,8376.129883,609.5,533.0,839.0,1882.0,20.0,245.0,6.0,117.5,1586.0,22.5,250.5,22.0,1079.0,86.5,123.5,2.0,2703.0,2848.0,1809.0,449.0,145.5,446.0,263.5,1500.0,26.5,161.4,188.3,141.5,145.0,137.9,2.5,0.6509999999999999,5.566,0,0,0,0,1,0,0,0,0,1,0,0,0,0,1,0,0,1,0,1,1473.5,1337.0,3528.5,481.0,719.0,661.5,1724.5,253.5,753.0,675.5,1803.0,229.0,3
310,Theft,Santo Niño (Pob.),Panabo City,29.0,33.0,14.0,71.0,69.0,0.3,1009.0,0,0,0,0,0,0,0,1,0,0,0,1,0,1,0,1,0,1,0,1,1,0,0,1,1,0,0,0,0,0,0,0,0,0,0,0,1,0,0,0,51.273,8433.480469,398.0,348.0,548.0,1228.5,13.0,160.0,4.0,76.5,1035.5,15.0,163.5,14.0,704.5,56.5,80.5,2.0,1764.5,1859.5,1180.5,293.5,95.0,291.0,172.0,979.5,17.5,161.4,188.3,141.5,145.0,137.9,2.5,0.6509999999999999,5.566,0,0,1,0,0,0,0,0,1,0,0,0,0,0,1,0,1,0,0,1,962.0,873.0,2302.5,314.5,469.5,432.0,1125.5,165.5,492.0,441.0,1177.0,149.5,6
311,Murder/Homicide,Gredu (Pob.),Panabo City,28.0,29.0,13.0,65.0,82.0,0.1,1008.0,0,0,0,0,0,1,0,1,0,0,0,1,1,0,1,1,0,1,0,1,0,0,0,0,0,0,0,0,0,0,0,1,0,1,1,1,1,1,0,1,51.273,8433.480469,1520.0,1328.0,2091.5,4692.0,49.5,610.5,14.0,293.0,3953.5,56.0,624.5,54.5,2689.5,215.5,307.5,6.0,6737.5,7100.0,4509.0,1120.0,362.5,1111.5,656.5,3740.0,66.0,161.4,188.3,141.5,145.0,137.9,2.5,0.6509999999999999,5.566,0,1,0,0,0,0,0,0,1,0,0,0,0,0,1,0,0,1,0,1,3672.5,3333.5,8795.0,1200.0,1793.0,1649.0,4298.0,631.5,1880.0,1684.5,4496.0,569.0,2
321,Murder/Homicide,Kauswagan,Panabo City,33.0,38.0,6.0,35.0,57.0,0.0,1007.0,0,0,0,0,0,0,0,1,0,0,0,0,0,0,0,0,0,0,0,0,0,0,0,0,0,0,0,0,0,0,0,0,0,0,0,0,0,0,0,0,51.239,8330.019531,130.5,114.0,179.0,402.5,4.0,52.5,1.0,25.0,339.0,5.0,53.5,5.0,230.5,18.5,26.5,0.0,578.0,609.0,387.0,96.0,31.0,95.5,56.5,321.0,5.5,161.4,188.3,141.5,145.0,137.9,2.5,0.6509999999999999,5.566,0,0,1,0,0,0,0,1,0,0,0,0,0,0,1,0,1,0,1,0,315.0,286.0,754.5,103.0,154.0,141.5,369.0,54.0,161.5,144.5,386.0,48.5,2
335,Physical Injuries,Little Panay,Panabo City,30.0,31.0,11.0,53.0,79.0,0.1,1009.0,0,0,0,0,0,0,0,1,0,0,0,0,0,1,1,0,0,0,0,0,0,0,0,0,0,0,0,0,0,0,0,0,0,0,0,0,0,0,0,0,50.913000000000004,8311.080078,223.5,195.0,307.5,690.5,7.0,89.5,2.0,43.0,582.0,8.0,91.5,8.0,396.0,32.0,45.0,1.0,991.5,1044.5,663.5,164.5,53.5,163.5,96.5,550.0,9.5,161.4,188.3,141.5,145.0,137.9,2.5,0.6509999999999999,5.566,0,1,0,0,0,0,0,0,0,1,0,0,0,0,1,0,0,1,1,0,540.0,490.0,1293.5,176.5,264.0,242.5,632.5,92.0,276.0,247.5,662.0,83.5,3
337,Robbery,San Vicente,Panabo City,27.0,27.0,8.0,25.0,92.0,0.0,1011.0,0,0,0,0,0,0,0,1,0,0,0,0,0,0,0,0,0,1,0,0,0,0,0,0,0,0,0,0,0,0,0,0,0,0,0,0,0,0,0,0,50.816,8321.980469,1327.5,1159.5,1827.0,4098.0,43.5,533.0,12.0,256.0,3453.0,49.0,546.0,47.5,2349.0,188.0,268.5,5.0,5885.0,6201.5,3938.0,978.0,316.5,971.0,573.0,3266.5,57.5,161.4,188.3,141.5,145.0,137.9,2.5,0.6509999999999999,5.566,1,0,0,0,0,0,0,1,0,0,0,0,0,0,1,0,0,1,0,1,3208.0,2911.5,7681.0,1048.0,1566.5,1440.5,3754.5,551.0,1641.5,1471.0,3927.5,496.5,5
345,Murder/Homicide,Santo Niño (Pob.),Panabo City,33.0,36.0,12.0,10.0,53.0,0.0,1009.0,0,0,0,0,0,1,0,1,0,0,0,0,0,0,1,1,0,1,0,1,0,1,0,1,0,0,0,0,0,0,0,0,0,1,0,0,0,0,0,0,50.614,8365.110352,398.0,348.0,548.0,1228.5,13.0,160.0,4.0,76.5,1035.5,15.0,163.5,14.0,704.5,56.5,80.5,2.0,1764.5,1859.5,1180.5,293.5,95.0,291.0,172.0,979.5,17.5,161.4,188.3,141.5,145.0,137.9,2.5,0.6509999999999999,5.566,0,0,1,0,0,0,1,0,0,0,0,0,0,0,1,0,1,0,0,1,962.0,873.0,2302.5,314.5,469.5,432.0,1125.5,165.5,492.0,441.0,1177.0,149.5,2
353,Robbery,Cagangohan,Panabo City,29.0,29.0,10.0,21.0,83.0,0.0,1009.0,0,0,0,0,0,0,0,1,0,0,0,0,0,1,1,0,0,1,0,1,0,0,0,0,0,0,0,0,0,0,0,0,0,1,0,0,0,0,0,0,50.64,8291.879883,1266.0,1106.0,1741.5,3907.5,41.0,508.5,12.0,244.0,3292.0,46.5,520.0,45.5,2240.0,179.0,256.0,5.0,5610.5,5913.0,3755.0,932.5,302.0,926.0,546.5,3114.5,54.5,161.4,188.3,141.5,145.0,137.9,2.5,0.6509999999999999,5.566,0,0,0,0,1,0,0,0,0,0,0,1,0,0,1,0,0,1,0,1,3058.5,2775.5,7324.0,999.0,1493.0,1373.5,3580.5,525.5,1565.0,1403.0,3744.5,473.5,5
362,Theft,Santo Niño (Pob.),Panabo City,30.0,36.0,1.0,14.0,72.0,0.0,1008.0,1,0,0,0,0,0,0,1,0,0,0,0,0,0,0,1,0,1,1,1,1,0,0,1,0,0,0,0,1,1,0,0,0,0,1,1,0,0,0,0,50.346000000000004,8144.02002,398.0,348.0,548.0,1228.5,13.0,160.0,4.0,76.5,1035.5,15.0,163.5,14.0,704.5,56.5,80.5,2.0,1764.5,1859.5,1180.5,293.5,95.0,291.0,172.0,979.5,17.5,162.2,190.9,143.4,145.1,137.9,2.9,0.7090000000000001,5.778,0,1,0,0,0,0,0,0,1,0,0,0,0,0,1,0,0,1,0,1,962.0,873.0,2302.5,314.5,469.5,432.0,1125.5,165.5,492.0,441.0,1177.0,149.5,6
370,Theft,Santo Niño (Pob.),Panabo City,32.0,34.0,4.0,56.0,72.0,0.1,1007.0,0,0,0,0,0,0,0,1,0,0,0,1,0,1,0,1,0,1,1,1,1,0,0,1,1,0,0,0,0,0,0,0,0,0,0,1,0,0,0,0,50.556999999999995,8093.629883,398.0,348.0,548.0,1228.5,13.0,160.0,4.0,76.5,1035.5,15.0,163.5,14.0,704.5,56.5,80.5,2.0,1764.5,1859.5,1180.5,293.5,95.0,291.0,172.0,979.5,17.5,162.2,190.9,143.4,145.1,137.9,2.9,0.7090000000000001,5.778,0,1,0,0,0,0,0,0,0,0,0,1,0,0,1,0,0,1,0,1,962.0,873.0,2302.5,314.5,469.5,432.0,1125.5,165.5,492.0,441.0,1177.0,149.5,6
372,Murder/Homicide,San Francisco (Pob.),Panabo City,31.0,28.0,9.0,18.0,85.0,0.0,1009.0,0,0,0,0,0,0,0,1,0,1,0,0,0,0,0,0,0,1,0,1,1,0,0,0,0,0,0,0,0,0,0,0,0,1,0,1,1,0,0,0,50.676,8174.930176000003,1178.5,1030.0,1622.5,3639.5,38.5,473.5,11.0,227.5,3066.5,43.5,484.5,42.0,2086.5,167.0,238.5,4.0,5226.0,5507.5,3497.5,868.5,281.0,862.5,509.0,2901.0,50.5,162.2,190.9,143.4,145.1,137.9,2.9,0.7090000000000001,5.778,0,0,0,0,0,1,0,0,0,0,1,0,0,0,1,0,1,0,0,1,2849.0,2585.5,6821.5,930.5,1390.5,1279.5,3333.5,489.5,1458.0,1306.0,3487.5,441.5,2
375,Murder/Homicide,San Francisco (Pob.),Panabo City,33.0,34.0,5.0,4.0,63.0,0.0,1008.0,0,0,0,0,0,0,0,1,0,0,0,0,0,0,0,0,0,1,0,1,0,0,0,0,0,0,0,0,0,0,0,0,0,0,0,0,0,0,0,0,50.676,8174.930176000003,1178.5,1030.0,1622.5,3639.5,38.5,473.5,11.0,227.5,3066.5,43.5,484.5,42.0,2086.5,167.0,238.5,4.0,5226.0,5507.5,3497.5,868.5,281.0,862.5,509.0,2901.0,50.5,162.2,190.9,143.4,145.1,137.9,2.9,0.7090000000000001,5.778,0,1,0,0,0,0,0,0,0,0,1,0,0,0,1,0,0,1,0,1,2849.0,2585.5,6821.5,930.5,1390.5,1279.5,3333.5,489.5,1458.0,1306.0,3487.5,441.5,2
389,Rape (Art. 266-A RC & R.A.8353),Sindaton,Panabo City,28.0,29.0,1.0,42.0,80.0,0.0,1006.0,0,0,0,0,0,0,0,0,0,0,0,0,0,0,0,0,0,0,0,0,0,0,0,0,0,0,0,0,0,0,0,0,0,0,0,0,0,0,0,0,50.435,8359.610352,312.0,272.5,429.5,963.0,10.0,125.5,3.0,60.0,811.5,11.5,128.5,11.0,552.0,44.0,63.0,1.0,1383.0,1457.5,925.5,229.5,74.5,228.0,134.5,768.0,13.5,162.2,190.9,143.4,145.1,137.9,2.9,0.7090000000000001,5.778,0,0,0,0,1,0,0,0,0,0,0,0,1,0,1,0,0,1,1,0,754.0,684.5,1806.0,246.0,368.0,338.0,883.0,130.5,386.0,346.0,922.0,117.5,4
390,Murder/Homicide,Salvacion,Panabo City,26.0,28.0,1.0,56.0,82.0,0.0,1006.0,0,0,0,0,0,1,0,1,0,0,0,1,0,0,1,0,0,1,0,0,0,0,1,0,0,0,0,0,0,0,0,0,0,1,0,0,0,0,0,0,50.475,8461.05957,874.5,764.0,1203.5,2700.5,28.5,351.0,8.0,169.0,2275.5,32.0,359.5,31.0,1548.0,124.0,177.0,3.0,3878.0,4086.0,2595.0,644.5,209.0,640.0,378.0,2152.5,38.0,162.2,190.9,143.4,145.1,137.9,2.9,0.7090000000000001,5.778,1,0,0,0,0,0,0,0,0,0,1,0,0,0,1,0,0,1,0,1,2114.0,1918.0,5061.5,691.0,1032.0,949.0,2474.5,363.0,1082.0,969.0,2588.0,328.0,2
396,Robbery,San Francisco (Pob.),Panabo City,33.0,33.0,5.0,17.0,59.0,0.0,1010.0,0,0,0,0,0,0,0,1,0,0,0,0,0,0,0,0,0,1,0,1,0,0,0,0,0,0,0,0,0,0,0,0,0,0,0,0,0,0,0,0,50.488,8422.820313,1178.5,1030.0,1622.5,3639.5,38.5,473.5,11.0,227.5,3066.5,43.5,484.5,42.0,2086.5,167.0,238.5,4.0,5226.0,5507.5,3497.5,868.5,281.0,862.5,509.0,2901.0,50.5,162.2,190.9,143.4,145.1,137.9,2.9,0.7090000000000001,5.778,0,0,0,0,0,1,0,1,0,0,0,0,0,0,1,0,1,0,0,1,2849.0,2585.5,6821.5,930.5,1390.5,1279.5,3333.5,489.5,1458.0,1306.0,3487.5,441.5,5
397,Theft,Santo Niño (Pob.),Panabo City,32.0,33.0,5.0,19.0,63.0,0.0,1009.0,0,0,0,0,0,0,0,1,0,0,0,1,0,1,0,1,0,1,0,1,0,0,0,1,1,0,0,0,0,0,0,0,0,0,0,0,1,0,0,0,50.488,8422.820313,398.0,348.0,548.0,1228.5,13.0,160.0,4.0,76.5,1035.5,15.0,163.5,14.0,704.5,56.5,80.5,2.0,1764.5,1859.5,1180.5,293.5,95.0,291.0,172.0,979.5,17.5,162.2,190.9,143.4,145.1,137.9,2.9,0.7090000000000001,5.778,0,0,0,0,1,0,0,1,0,0,0,0,0,0,1,0,0,1,0,1,962.0,873.0,2302.5,314.5,469.5,432.0,1125.5,165.5,492.0,441.0,1177.0,149.5,6
406,Theft,New Malitbog,Panabo City,30.0,34.0,11.0,55.0,68.0,0.1,1005.0,0,0,0,0,0,0,0,1,0,0,0,0,0,0,1,0,1,1,0,0,0,0,0,0,0,0,0,0,0,0,0,0,0,0,0,1,1,0,0,0,50.193999999999996,8432.30957,301.0,263.0,414.0,929.0,10.0,121.0,3.0,58.0,783.0,11.0,123.5,11.0,533.0,42.5,61.0,1.0,1334.5,1406.5,893.0,222.0,72.0,220.0,130.0,741.0,13.0,162.2,190.9,143.4,145.1,137.9,2.9,0.7090000000000001,5.778,0,1,0,0,0,0,0,0,1,0,0,0,0,0,1,0,1,0,1,0,727.0,660.0,1741.5,237.5,355.0,326.5,852.0,125.0,372.0,333.0,890.5,112.5,6
409,Carnapping (R.A. 6539),Nanyo,Panabo City,30.0,32.0,4.0,23.0,71.0,0.0,1007.0,0,0,0,0,0,0,0,1,0,0,0,0,0,1,1,0,1,1,0,0,0,0,0,0,0,0,0,0,0,0,0,0,0,1,0,0,1,0,0,0,50.193999999999996,8432.30957,353.0,308.5,486.5,1091.0,11.5,142.0,3.0,68.5,919.0,13.0,145.0,13.0,625.5,50.0,71.5,1.0,1567.0,1651.5,1048.5,260.5,84.5,258.5,152.5,869.5,15.5,162.2,190.9,143.4,145.1,137.9,2.9,0.7090000000000001,5.778,0,0,0,0,0,1,0,0,1,0,0,0,0,0,1,0,1,0,1,0,854.5,775.0,2045.0,279.0,417.0,383.0,1000.5,146.5,437.0,391.5,1044.5,132.0,0
419,Theft,Santo Niño (Pob.),Panabo City,29.0,30.0,14.0,82.0,79.0,0.2,1010.0,0,0,0,0,0,0,0,1,0,0,0,1,0,1,0,1,0,1,0,1,1,0,0,1,1,0,0,0,0,0,0,0,0,0,0,0,1,0,0,0,49.923,8558.419922,398.0,348.0,548.0,1228.5,13.0,160.0,4.0,76.5,1035.5,15.0,163.5,14.0,704.5,56.5,80.5,2.0,1764.5,1859.5,1180.5,293.5,95.0,291.0,172.0,979.5,17.5,162.2,190.9,143.4,145.1,137.9,2.9,0.7090000000000001,5.778,0,0,0,0,1,0,1,0,0,0,0,0,0,0,1,0,0,1,0,1,962.0,873.0,2302.5,314.5,469.5,432.0,1125.5,165.5,492.0,441.0,1177.0,149.5,6
441,Drug Related Incident (RA 9165),Santo Niño (Pob.),Panabo City,29.0,30.0,8.0,64.0,78.0,1.2,1009.0,0,0,0,0,0,0,0,1,0,0,0,1,0,1,0,0,0,1,0,1,1,0,0,1,1,0,0,0,0,0,0,0,0,0,0,0,0,0,0,0,50.232,8920.290039,398.0,348.0,548.0,1228.5,13.0,160.0,4.0,76.5,1035.5,15.0,163.5,14.0,704.5,56.5,80.5,2.0,1764.5,1859.5,1180.5,293.5,95.0,291.0,172.0,979.5,17.5,115.1,147.2,101.0,113.2,116.7,3.5,0.7979999999999999,5.726,0,0,0,0,1,0,0,0,0,0,0,0,1,0,1,0,0,1,0,1,962.0,873.0,2302.5,314.5,469.5,432.0,1125.5,165.5,492.0,441.0,1177.0,149.5,1
443,Drug Related Incident (RA 9165),San Pedro,Panabo City,30.0,34.0,2.0,11.0,70.0,0.0,1008.0,0,0,0,0,0,0,0,1,0,0,0,0,0,1,0,1,0,1,0,0,0,0,0,0,0,0,0,0,0,0,0,0,0,1,0,1,0,0,0,0,50.381,8813.25,385.0,336.5,530.0,1189.5,12.5,155.0,4.0,74.5,1002.5,14.0,158.0,14.0,681.5,54.5,78.0,1.0,1708.0,1799.5,1142.5,283.5,92.0,281.5,166.0,948.0,16.5,115.1,147.2,101.0,113.2,116.7,3.5,0.7979999999999999,5.726,0,1,0,0,0,0,0,0,0,0,1,0,0,0,1,0,0,1,0,1,931.0,845.0,2230.0,304.0,454.0,418.0,1090.5,159.5,476.5,427.0,1138.5,144.0,1
444,Murder/Homicide,Manay,Panabo City,26.0,27.0,11.0,31.0,88.0,0.0,1010.0,0,0,0,0,0,0,0,0,0,0,0,0,0,0,1,0,0,0,1,0,0,0,0,0,0,0,0,0,0,0,0,0,0,0,0,0,0,0,0,0,50.378,8814.620117,496.5,434.0,683.5,1533.5,16.0,199.5,5.0,95.5,1292.0,18.0,204.0,18.0,879.0,70.5,100.5,2.0,2201.5,2320.0,1473.5,366.0,118.5,363.5,214.5,1222.5,21.5,115.1,147.2,101.0,113.2,116.7,3.5,0.7979999999999999,5.726,1,0,0,0,0,0,0,0,1,0,0,0,0,0,1,0,0,1,0,1,1200.5,1089.5,2874.5,392.0,586.0,539.0,1404.5,206.0,613.5,550.0,1469.0,185.5,2
445,Drug Related Incident (RA 9165),Santo Niño (Pob.),Panabo City,26.0,27.0,10.0,70.0,90.0,0.1,1010.0,0,0,0,0,0,1,0,1,0,0,0,0,0,0,1,1,0,1,0,1,0,1,0,0,0,0,0,0,0,0,0,0,0,1,0,0,0,0,0,0,50.378,8814.620117,398.0,348.0,548.0,1228.5,13.0,160.0,4.0,76.5,1035.5,15.0,163.5,14.0,704.5,56.5,80.5,2.0,1764.5,1859.5,1180.5,293.5,95.0,291.0,172.0,979.5,17.5,115.1,147.2,101.0,113.2,116.7,3.5,0.7979999999999999,5.726,0,0,0,0,1,0,0,0,1,0,0,0,0,0,0,1,0,1,0,1,962.0,873.0,2302.5,314.5,469.5,432.0,1125.5,165.5,492.0,441.0,1177.0,149.5,1
495,Drug Related Incident (RA 9165),Cagangohan,Panabo City,31.0,33.0,17.0,25.0,56.0,0.0,1011.0,0,0,0,0,0,0,0,1,0,0,0,0,0,0,0,0,0,1,0,1,0,0,0,0,0,0,0,0,0,0,0,0,0,1,0,0,0,0,0,0,51.42100000000001,8764.009766,1266.0,1106.0,1741.5,3907.5,41.0,508.5,12.0,244.0,3292.0,46.5,520.0,45.5,2240.0,179.0,256.0,5.0,5610.5,5913.0,3755.0,932.5,302.0,926.0,546.5,3114.5,54.5,115.1,147.2,101.0,113.2,116.7,3.5,0.7979999999999999,5.726,0,0,1,0,0,0,0,0,0,0,0,0,1,0,1,0,1,0,0,1,3058.5,2775.5,7324.0,999.0,1493.0,1373.5,3580.5,525.5,1565.0,1403.0,3744.5,473.5,1
500,Theft,A. O. Floirendo,Panabo City,32.0,31.0,5.0,26.0,72.0,0.0,1011.0,0,0,0,0,0,0,0,0,0,0,0,0,0,0,1,0,0,0,0,1,0,0,0,0,0,0,0,0,0,0,0,0,0,0,0,0,0,0,0,0,51.49100000000001,8810.75,445.5,389.0,613.0,1375.5,14.5,179.0,4.0,85.5,1158.5,16.5,183.0,16.0,788.5,63.0,90.5,2.0,1974.5,2081.0,1321.5,328.0,106.0,325.5,192.0,1096.0,19.5,115.2,151.4,102.1,113.1,116.9,3.7,0.67,5.353,0,0,0,0,0,1,0,0,1,0,0,0,0,0,1,0,1,0,0,1,1075.5,977.0,2577.0,351.0,525.5,483.5,1260.5,184.5,551.0,493.5,1317.5,167.0,6
509,Drug Related Incident (RA 9165),Southern Davao,Panabo City,30.0,28.0,6.0,37.0,81.0,0.0,1009.0,0,0,0,0,0,0,0,1,0,0,0,0,0,0,0,0,0,1,0,0,0,0,0,0,0,0,0,0,0,0,0,0,0,0,0,1,0,0,0,0,51.549,8550.419922,828.5,724.0,1140.5,2559.0,27.0,333.0,8.0,160.0,2156.0,30.5,340.5,29.5,1467.0,117.5,168.0,3.0,3674.0,3871.5,2459.0,610.5,197.5,606.0,358.0,2039.5,36.0,115.2,151.4,102.1,113.1,116.9,3.7,0.67,5.353,0,0,0,1,0,0,0,0,0,0,0,1,0,0,1,0,1,0,0,1,2003.0,1817.5,4796.5,654.0,978.0,899.0,2344.5,344.5,1024.5,918.5,2453.0,310.0,1
514,Drug Related Incident (RA 9165),New Pandan (Pob.),Panabo City,30.0,32.0,10.0,62.0,75.0,0.5,1007.0,0,0,0,0,0,0,0,1,0,0,0,0,0,0,0,0,0,1,0,1,0,0,0,0,0,0,0,0,0,0,0,0,0,1,0,1,1,0,1,0,51.549,8550.419922,609.5,533.0,839.0,1882.0,20.0,245.0,6.0,117.5,1586.0,22.5,250.5,22.0,1079.0,86.5,123.5,2.0,2703.0,2848.0,1809.0,449.0,145.5,446.0,263.5,1500.0,26.5,115.2,151.4,102.1,113.1,116.9,3.7,0.67,5.353,0,0,0,0,1,0,0,0,0,0,0,1,0,0,1,0,0,1,0,1,1473.5,1337.0,3528.5,481.0,719.0,661.5,1724.5,253.5,753.0,675.5,1803.0,229.0,1
523,Rape (Art. 266-A RC & R.A.8353),Kasilak,Panabo City,27.0,27.0,9.0,25.0,90.0,0.0,1008.0,1,1,0,0,0,1,0,1,1,1,0,1,0,1,1,0,1,1,0,1,0,0,0,0,1,0,0,0,0,0,0,0,0,0,1,0,1,1,0,0,50.818999999999996,9041.200195,256.0,223.5,352.0,790.5,8.0,102.5,2.0,49.5,666.0,9.5,105.5,9.0,453.5,36.0,52.0,1.0,1135.0,1196.0,760.0,188.5,61.0,187.5,110.5,630.5,11.0,115.1,147.2,101.0,113.2,116.7,3.5,0.7979999999999999,5.726,0,0,0,0,1,0,0,0,1,0,0,0,0,0,1,0,0,1,0,1,618.5,562.0,1481.5,202.5,302.0,277.5,723.5,106.5,316.5,284.0,758.5,96.0,4
537,Theft,A. O. Floirendo,Panabo City,31.0,35.0,4.0,8.0,64.0,0.0,1011.0,0,0,0,0,0,0,0,0,0,0,0,0,0,0,0,0,0,0,0,0,0,0,0,0,0,0,0,0,0,0,0,0,0,0,0,0,0,0,0,0,52.023999999999994,8612.44043,445.5,389.0,613.0,1375.5,14.5,179.0,4.0,85.5,1158.5,16.5,183.0,16.0,788.5,63.0,90.5,2.0,1974.5,2081.0,1321.5,328.0,106.0,325.5,192.0,1096.0,19.5,115.2,151.4,102.1,113.1,116.9,3.7,0.67,5.353,0,1,0,0,0,0,1,0,0,0,0,0,0,0,1,0,0,1,0,1,1075.5,977.0,2577.0,351.0,525.5,483.5,1260.5,184.5,551.0,493.5,1317.5,167.0,6
542,Drug Related Incident (RA 9165),San Vicente,Panabo City,31.0,30.0,8.0,62.0,68.0,0.0,1012.0,0,0,0,0,0,0,0,1,0,0,0,0,0,0,0,0,0,1,0,1,0,0,1,0,0,0,0,0,0,0,0,0,0,1,0,0,0,0,0,0,52.023999999999994,8612.44043,1327.5,1159.5,1827.0,4098.0,43.5,533.0,12.0,256.0,3453.0,49.0,546.0,47.5,2349.0,188.0,268.5,5.0,5885.0,6201.5,3938.0,978.0,316.5,971.0,573.0,3266.5,57.5,115.2,151.4,102.1,113.1,116.9,3.7,0.67,5.353,0,0,0,0,0,1,0,0,1,0,0,0,0,0,1,0,1,0,0,1,3208.0,2911.5,7681.0,1048.0,1566.5,1440.5,3754.5,551.0,1641.5,1471.0,3927.5,496.5,1
543,Physical Injuries,New Pandan (Pob.),Panabo City,28.0,32.0,5.0,82.0,72.0,0.4,1010.0,0,0,0,0,0,1,0,1,1,1,1,0,1,1,1,1,0,1,1,1,1,1,0,0,1,1,0,0,0,1,1,0,0,1,1,1,0,1,0,1,52.023999999999994,8612.44043,609.5,533.0,839.0,1882.0,20.0,245.0,6.0,117.5,1586.0,22.5,250.5,22.0,1079.0,86.5,123.5,2.0,2703.0,2848.0,1809.0,449.0,145.5,446.0,263.5,1500.0,26.5,115.2,151.4,102.1,113.1,116.9,3.7,0.67,5.353,0,0,0,0,1,0,0,0,1,0,0,0,0,0,1,0,0,1,0,1,1473.5,1337.0,3528.5,481.0,719.0,661.5,1724.5,253.5,753.0,675.5,1803.0,229.0,3
544,Murder/Homicide,Kauswagan,Panabo City,26.0,28.0,7.0,72.0,83.0,0.1,1012.0,0,0,0,0,0,0,0,0,0,0,0,0,0,0,0,0,0,1,0,0,0,0,0,0,0,0,0,0,0,0,0,0,0,0,0,0,1,0,0,0,52.023999999999994,8612.44043,130.5,114.0,179.0,402.5,4.0,52.5,1.0,25.0,339.0,5.0,53.5,5.0,230.5,18.5,26.5,0.0,578.0,609.0,387.0,96.0,31.0,95.5,56.5,321.0,5.5,115.2,151.4,102.1,113.1,116.9,3.7,0.67,5.353,0,0,0,0,1,0,0,0,1,0,0,0,0,0,1,0,0,1,1,0,315.0,286.0,754.5,103.0,154.0,141.5,369.0,54.0,161.5,144.5,386.0,48.5,2
550,Physical Injuries,Katipunan,Panabo City,27.0,25.0,9.0,27.0,93.0,0.0,1011.0,0,0,0,0,0,0,0,1,0,0,0,0,0,0,0,0,0,0,0,0,0,0,0,0,0,0,0,0,0,0,0,0,0,0,0,0,0,0,0,0,52.354,8722.700195,169.0,147.5,232.0,521.0,5.5,67.5,2.0,32.5,438.5,6.0,69.5,6.0,298.5,24.0,34.0,1.0,748.0,788.0,500.0,124.5,40.0,123.5,72.5,415.0,7.0,115.2,151.4,102.1,113.1,116.9,3.7,0.67,5.353,0,0,0,1,0,0,0,0,0,0,0,1,0,0,1,0,0,1,1,0,407.0,370.0,976.0,133.0,199.0,183.0,477.0,70.5,208.0,187.0,499.5,63.0,3
554,Robbery,New Pandan (Pob.),Panabo City,29.0,26.0,6.0,32.0,88.0,0.0,1010.0,1,0,0,0,0,0,0,1,1,1,0,0,0,0,1,1,0,1,1,1,1,0,0,1,1,1,0,1,1,1,0,0,0,0,1,0,1,0,0,0,52.233000000000004,8613.650391,609.5,533.0,839.0,1882.0,20.0,245.0,6.0,117.5,1586.0,22.5,250.5,22.0,1079.0,86.5,123.5,2.0,2703.0,2848.0,1809.0,449.0,145.5,446.0,263.5,1500.0,26.5,115.2,151.4,102.1,113.1,116.9,3.7,0.67,5.353,0,0,0,1,0,0,0,0,0,0,0,0,1,0,1,0,1,0,0,1,1473.5,1337.0,3528.5,481.0,719.0,661.5,1724.5,253.5,753.0,675.5,1803.0,229.0,5
559,Rape (Art. 266-A RC & R.A.8353),Salvacion,Panabo City,30.0,35.0,1.0,9.0,66.0,0.0,1009.0,0,0,0,0,0,0,0,1,0,0,0,0,0,0,0,0,0,1,0,0,0,0,0,0,0,0,0,0,0,0,0,0,0,0,0,0,0,0,0,0,52.354,8722.700195,874.5,764.0,1203.5,2700.5,28.5,351.0,8.0,169.0,2275.5,32.0,359.5,31.0,1548.0,124.0,177.0,3.0,3878.0,4086.0,2595.0,644.5,209.0,640.0,378.0,2152.5,38.0,115.2,151.4,102.1,113.1,116.9,3.7,0.67,5.353,0,1,0,0,0,0,0,0,0,0,0,1,0,1,0,0,0,1,0,1,2114.0,1918.0,5061.5,691.0,1032.0,949.0,2474.5,363.0,1082.0,969.0,2588.0,328.0,4
560,Drug Related Incident (RA 9165),San Francisco (Pob.),Panabo City,32.0,34.0,9.0,29.0,54.0,0.0,1010.0,0,0,0,0,0,0,0,1,0,0,0,0,0,1,0,0,0,1,0,0,0,0,0,0,0,0,0,0,0,0,0,0,0,1,0,0,0,0,0,0,52.123999999999995,8515.570313,1178.5,1030.0,1622.5,3639.5,38.5,473.5,11.0,227.5,3066.5,43.5,484.5,42.0,2086.5,167.0,238.5,4.0,5226.0,5507.5,3497.5,868.5,281.0,862.5,509.0,2901.0,50.5,115.2,151.4,102.1,113.1,116.9,3.7,0.67,5.353,0,0,1,0,0,0,0,0,0,0,1,0,0,0,1,0,1,0,0,1,2849.0,2585.5,6821.5,930.5,1390.5,1279.5,3333.5,489.5,1458.0,1306.0,3487.5,441.5,1
574,Drug Related Incident (RA 9165),New Pandan (Pob.),Panabo City,30.0,31.0,8.0,13.0,64.0,0.0,1010.0,1,0,0,0,0,0,1,1,1,1,1,0,1,1,1,1,0,1,1,1,1,0,0,0,1,1,0,1,0,1,1,0,0,0,1,1,1,1,0,1,52.015,8458.570313,609.5,533.0,839.0,1882.0,20.0,245.0,6.0,117.5,1586.0,22.5,250.5,22.0,1079.0,86.5,123.5,2.0,2703.0,2848.0,1809.0,449.0,145.5,446.0,263.5,1500.0,26.5,115.3,155.8,101.8,112.4,117.5,4.1,0.758,5.8420000000000005,0,0,0,0,1,0,0,0,1,0,0,0,0,0,1,0,0,1,0,1,1473.5,1337.0,3528.5,481.0,719.0,661.5,1724.5,253.5,753.0,675.5,1803.0,229.0,1
575,Robbery,San Vicente,Panabo City,27.0,26.0,6.0,7.0,81.0,0.0,1010.0,0,0,0,0,0,0,0,1,0,0,0,1,0,0,1,0,0,1,0,1,0,0,0,0,0,0,0,0,0,0,0,0,1,1,0,0,0,0,0,0,52.015,8458.570313,1327.5,1159.5,1827.0,4098.0,43.5,533.0,12.0,256.0,3453.0,49.0,546.0,47.5,2349.0,188.0,268.5,5.0,5885.0,6201.5,3938.0,978.0,316.5,971.0,573.0,3266.5,57.5,115.3,155.8,101.8,112.4,117.5,4.1,0.758,5.8420000000000005,1,0,0,0,0,0,0,0,0,1,0,0,0,0,1,0,0,1,0,1,3208.0,2911.5,7681.0,1048.0,1566.5,1440.5,3754.5,551.0,1641.5,1471.0,3927.5,496.5,5
577,Physical Injuries,San Vicente,Panabo City,33.0,36.0,8.0,18.0,54.0,0.0,1010.0,0,0,0,0,0,0,0,1,0,0,0,0,0,0,1,0,0,0,0,0,0,0,0,0,0,0,0,0,0,0,0,0,0,0,0,0,0,0,0,0,52.015,8458.570313,1327.5,1159.5,1827.0,4098.0,43.5,533.0,12.0,256.0,3453.0,49.0,546.0,47.5,2349.0,188.0,268.5,5.0,5885.0,6201.5,3938.0,978.0,316.5,971.0,573.0,3266.5,57.5,115.3,155.8,101.8,112.4,117.5,4.1,0.758,5.8420000000000005,0,0,1,0,0,0,0,0,0,1,0,0,0,0,1,0,1,0,0,1,3208.0,2911.5,7681.0,1048.0,1566.5,1440.5,3754.5,551.0,1641.5,1471.0,3927.5,496.5,3
582,Robbery,Santo Niño (Pob.),Panabo City,32.0,36.0,7.0,44.0,61.0,0.2,1010.0,1,0,0,0,0,0,0,1,0,0,0,1,0,1,1,0,0,1,0,1,1,0,0,1,1,0,0,0,1,0,0,0,0,0,1,1,0,0,0,0,52.015,8458.570313,398.0,348.0,548.0,1228.5,13.0,160.0,4.0,76.5,1035.5,15.0,163.5,14.0,704.5,56.5,80.5,2.0,1764.5,1859.5,1180.5,293.5,95.0,291.0,172.0,979.5,17.5,115.3,155.8,101.8,112.4,117.5,4.1,0.758,5.8420000000000005,0,1,0,0,0,0,0,0,0,1,0,0,0,0,1,0,1,0,0,1,962.0,873.0,2302.5,314.5,469.5,432.0,1125.5,165.5,492.0,441.0,1177.0,149.5,5
592,Murder/Homicide,J.P. Laurel,Panabo City,26.0,26.0,12.0,22.0,86.0,0.0,1012.0,0,0,0,0,0,0,0,1,0,0,0,1,1,0,1,1,0,1,0,0,0,0,1,0,0,0,1,0,0,1,0,0,1,0,0,0,0,0,0,0,52.01600000000001,8372.509766,602.5,527.0,829.5,1861.0,20.0,242.0,6.0,116.5,1568.0,22.0,247.5,21.5,1067.0,85.5,122.0,2.0,2672.0,2816.0,1788.5,444.5,144.0,441.0,260.5,1483.0,26.0,115.3,155.8,101.8,112.4,117.5,4.1,0.758,5.8420000000000005,1,0,0,0,0,0,0,0,0,1,0,0,0,0,1,0,0,1,0,1,1456.5,1322.0,3487.5,475.5,711.0,654.0,1703.5,250.0,745.5,668.0,1783.0,225.5,2
596,Robbery,New Visayas,Panabo City,26.0,26.0,12.0,22.0,86.0,0.0,1012.0,0,0,0,0,0,0,0,1,0,0,0,0,0,1,1,1,0,1,0,0,0,0,0,0,0,0,0,0,0,0,0,0,0,0,0,0,0,0,0,0,52.01600000000001,8372.509766,1522.0,1329.5,2094.5,4698.5,49.5,611.5,14.0,293.5,3959.0,56.0,625.5,54.5,2693.5,216.0,308.0,6.0,6747.0,7110.0,4515.5,1121.0,363.5,1113.5,657.5,3745.5,66.0,115.3,155.8,101.8,112.4,117.5,4.1,0.758,5.8420000000000005,1,0,0,0,0,0,0,0,0,1,0,0,0,0,1,0,0,1,0,1,3677.0,3337.5,8807.0,1201.5,1795.5,1651.0,4304.0,632.0,1882.0,1686.5,4502.5,569.5,5
611,Drug Related Incident (RA 9165),San Francisco (Pob.),Panabo City,31.0,32.0,4.0,68.0,65.0,0.5,1009.0,0,0,0,0,0,0,0,1,0,0,0,0,0,0,1,0,0,1,0,0,0,0,0,0,0,0,0,0,0,0,0,0,0,0,0,0,0,0,0,0,52.041000000000004,8059.600098000001,1178.5,1030.0,1622.5,3639.5,38.5,473.5,11.0,227.5,3066.5,43.5,484.5,42.0,2086.5,167.0,238.5,4.0,5226.0,5507.5,3497.5,868.5,281.0,862.5,509.0,2901.0,50.5,115.3,155.8,101.8,112.4,117.5,4.1,0.758,5.8420000000000005,0,1,0,0,0,0,0,0,0,0,0,1,0,0,1,0,0,1,0,1,2849.0,2585.5,6821.5,930.5,1390.5,1279.5,3333.5,489.5,1458.0,1306.0,3487.5,441.5,1
615,Rape (Art. 266-A RC & R.A.8353),Maduao,Panabo City,27.0,27.0,6.0,47.0,82.0,0.0,1011.0,0,0,0,0,0,0,0,1,0,0,0,0,0,0,1,0,0,0,0,1,0,0,0,0,0,0,0,0,0,0,0,0,0,0,0,0,0,0,0,0,52.001999999999995,8235.540039,286.5,250.0,394.0,883.0,9.0,115.0,3.0,55.0,744.0,11.0,117.5,10.0,506.5,40.5,58.0,1.0,1268.0,1336.5,849.0,211.0,68.0,209.0,123.5,704.0,12.5,115.3,155.8,101.8,112.4,117.5,4.1,0.758,5.8420000000000005,0,0,0,0,1,0,0,1,0,0,0,0,0,0,1,0,0,1,1,0,691.0,627.5,1654.5,225.0,337.5,310.5,809.0,119.0,353.5,317.0,846.5,107.0,4
617,Drug Related Incident (RA 9165),Kauswagan,Panabo City,29.0,27.0,11.0,19.0,83.0,0.0,1008.0,0,0,0,0,0,0,0,0,0,0,0,0,0,0,0,0,0,1,0,0,0,0,0,0,0,0,0,0,0,0,0,0,0,0,0,0,0,0,0,0,52.076,8124.450195,130.5,114.0,179.0,402.5,4.0,52.5,1.0,25.0,339.0,5.0,53.5,5.0,230.5,18.5,26.5,0.0,578.0,609.0,387.0,96.0,31.0,95.5,56.5,321.0,5.5,115.3,155.8,101.8,112.4,117.5,4.1,0.758,5.8420000000000005,0,0,0,0,0,1,0,0,0,0,1,0,0,0,1,0,1,0,1,0,315.0,286.0,754.5,103.0,154.0,141.5,369.0,54.0,161.5,144.5,386.0,48.5,1
621,Theft,J.P. Laurel,Panabo City,28.0,32.0,13.0,2.0,76.0,0.0,1011.0,0,0,0,0,0,0,0,1,0,0,0,0,0,1,1,1,0,1,0,0,0,0,0,0,0,0,0,0,0,1,0,0,1,0,0,0,0,1,0,0,52.158,7970.799805,602.5,527.0,829.5,1861.0,20.0,242.0,6.0,116.5,1568.0,22.0,247.5,21.5,1067.0,85.5,122.0,2.0,2672.0,2816.0,1788.5,444.5,144.0,441.0,260.5,1483.0,26.0,115.3,155.8,101.8,112.4,117.5,4.1,0.758,5.8420000000000005,0,0,0,0,1,0,0,0,0,1,0,0,0,0,1,0,0,1,0,1,1456.5,1322.0,3487.5,475.5,711.0,654.0,1703.5,250.0,745.5,668.0,1783.0,225.5,6
625,Theft,Datu Abdul Dadia,Panabo City,34.0,36.0,11.0,4.0,50.0,0.0,1008.0,0,0,0,0,0,0,0,1,1,0,0,0,0,0,1,0,0,1,0,1,0,0,0,0,0,0,0,0,0,0,0,0,0,1,0,1,0,0,0,0,52.286,8047.029785,532.0,465.0,732.0,1643.0,17.0,214.0,5.0,102.5,1384.5,20.0,219.0,19.0,942.0,75.5,107.5,2.0,2359.5,2486.5,1579.0,392.0,127.0,389.0,230.0,1310.0,23.0,115.3,155.8,101.8,112.4,117.5,4.1,0.758,5.8420000000000005,0,0,1,0,0,0,0,0,0,0,0,1,0,0,1,0,1,0,0,1,1286.5,1167.0,3080.0,419.5,628.0,578.0,1504.5,220.5,658.0,590.0,1576.0,199.0,6
627,Drug Related Incident (RA 9165),Santo Niño (Pob.),Panabo City,33.0,36.0,3.0,11.0,54.0,0.0,1008.0,0,0,0,0,0,0,0,1,0,0,0,1,0,1,0,0,0,1,0,1,0,0,0,1,1,0,0,0,0,0,0,0,0,0,0,0,0,0,0,0,52.207,7979.830078,398.0,348.0,548.0,1228.5,13.0,160.0,4.0,76.5,1035.5,15.0,163.5,14.0,704.5,56.5,80.5,2.0,1764.5,1859.5,1180.5,293.5,95.0,291.0,172.0,979.5,17.5,115.3,155.8,101.8,112.4,117.5,4.1,0.758,5.8420000000000005,0,1,0,0,0,0,0,0,0,0,0,0,1,0,1,0,0,1,0,1,962.0,873.0,2302.5,314.5,469.5,432.0,1125.5,165.5,492.0,441.0,1177.0,149.5,1
628,Robbery,Gredu (Pob.),Panabo City,30.0,26.0,4.0,10.0,83.0,0.0,1008.0,0,0,0,0,0,1,0,1,0,1,0,1,0,1,1,1,0,1,1,1,0,1,0,1,1,1,0,0,0,0,0,0,0,1,1,1,0,1,0,1,52.207,7979.830078,1520.0,1328.0,2091.5,4692.0,49.5,610.5,14.0,293.0,3953.5,56.0,624.5,54.5,2689.5,215.5,307.5,6.0,6737.5,7100.0,4509.0,1120.0,362.5,1111.5,656.5,3740.0,66.0,115.3,155.8,101.8,112.4,117.5,4.1,0.758,5.8420000000000005,0,0,0,1,0,0,0,0,1,0,0,0,0,0,1,0,0,1,0,1,3672.5,3333.5,8795.0,1200.0,1793.0,1649.0,4298.0,631.5,1880.0,1684.5,4496.0,569.0,5
629,Murder/Homicide,Kasilak,Panabo City,35.0,38.0,4.0,26.0,44.0,0.0,1006.0,0,0,0,0,0,0,0,0,0,0,0,0,0,0,0,0,0,0,0,1,0,0,0,0,0,0,0,0,0,0,0,0,0,0,0,0,0,0,0,0,52.207,7979.830078,256.0,223.5,352.0,790.5,8.0,102.5,2.0,49.5,666.0,9.5,105.5,9.0,453.5,36.0,52.0,1.0,1135.0,1196.0,760.0,188.5,61.0,187.5,110.5,630.5,11.0,115.3,155.8,101.8,112.4,117.5,4.1,0.758,5.8420000000000005,0,1,0,0,0,0,0,0,1,0,0,0,0,0,1,0,1,0,0,1,618.5,562.0,1481.5,202.5,302.0,277.5,723.5,106.5,316.5,284.0,758.5,96.0,2
643,Theft,A. O. Floirendo,Panabo City,34.0,38.0,5.0,5.0,45.0,0.0,1008.0,0,0,0,0,0,0,0,0,0,0,0,0,0,0,0,0,0,0,0,0,0,0,0,0,0,0,0,0,0,0,0,0,0,0,0,0,0,0,0,0,52.128,7945.660156,445.5,389.0,613.0,1375.5,14.5,179.0,4.0,85.5,1158.5,16.5,183.0,16.0,788.5,63.0,90.5,2.0,1974.5,2081.0,1321.5,328.0,106.0,325.5,192.0,1096.0,19.5,116.2,158.1,102.8,112.7,118.3,4.3,0.747,5.749,0,0,1,0,0,0,1,0,0,0,0,0,0,0,1,0,1,0,0,1,1075.5,977.0,2577.0,351.0,525.5,483.5,1260.5,184.5,551.0,493.5,1317.5,167.0,6
644,Murder/Homicide,Santa Cruz,Panabo City,34.0,38.0,5.0,5.0,45.0,0.0,1008.0,0,0,0,0,0,0,0,0,0,0,0,0,0,0,0,0,0,0,0,0,0,0,0,0,0,0,0,0,0,0,0,0,0,0,0,0,0,0,0,0,52.128,7945.660156,112.5,98.0,154.5,346.0,4.0,45.0,1.0,22.0,291.5,4.0,46.0,4.0,198.5,16.0,23.0,0.0,497.5,524.0,332.5,82.5,27.0,82.0,48.5,276.5,5.0,116.2,158.1,102.8,112.7,118.3,4.3,0.747,5.749,0,1,0,0,0,0,1,0,0,0,0,0,0,0,1,0,1,0,1,0,271.0,246.5,648.5,88.5,132.0,122.0,316.5,46.5,138.5,124.0,332.0,42.5,2
645,Theft,Santo Niño (Pob.),Panabo City,35.0,40.0,6.0,18.0,49.0,0.0,1009.0,0,0,0,0,0,0,0,1,0,0,0,1,0,1,0,1,0,1,0,1,0,0,0,1,1,0,0,0,0,0,0,0,0,0,0,0,1,0,0,0,52.128,7945.660156,398.0,348.0,548.0,1228.5,13.0,160.0,4.0,76.5,1035.5,15.0,163.5,14.0,704.5,56.5,80.5,2.0,1764.5,1859.5,1180.5,293.5,95.0,291.0,172.0,979.5,17.5,116.2,158.1,102.8,112.7,118.3,4.3,0.747,5.749,0,1,0,0,0,0,0,0,1,0,0,0,0,0,1,0,1,0,0,1,962.0,873.0,2302.5,314.5,469.5,432.0,1125.5,165.5,492.0,441.0,1177.0,149.5,6
646,Murder/Homicide,Gredu (Pob.),Panabo City,32.0,34.0,6.0,24.0,58.0,0.0,1009.0,1,0,0,0,0,1,0,1,0,1,0,1,0,1,1,1,0,1,1,1,1,1,0,1,1,1,0,0,1,0,0,0,0,0,1,1,0,0,0,1,52.128,7945.660156,1520.0,1328.0,2091.5,4692.0,49.5,610.5,14.0,293.0,3953.5,56.0,624.5,54.5,2689.5,215.5,307.5,6.0,6737.5,7100.0,4509.0,1120.0,362.5,1111.5,656.5,3740.0,66.0,116.2,158.1,102.8,112.7,118.3,4.3,0.747,5.749,0,1,0,0,0,0,0,0,1,0,0,0,0,0,1,0,0,1,0,1,3672.5,3333.5,8795.0,1200.0,1793.0,1649.0,4298.0,631.5,1880.0,1684.5,4496.0,569.0,2
656,Drug Related Incident (RA 9165),New Pandan (Pob.),Panabo City,34.0,38.0,3.0,44.0,51.0,0.0,1010.0,1,0,0,0,0,0,0,1,1,1,1,1,1,1,1,1,0,1,1,1,1,0,0,1,1,1,0,1,1,1,1,0,0,0,1,0,1,1,0,0,52.083999999999996,7934.680176000003,609.5,533.0,839.0,1882.0,20.0,245.0,6.0,117.5,1586.0,22.5,250.5,22.0,1079.0,86.5,123.5,2.0,2703.0,2848.0,1809.0,449.0,145.5,446.0,263.5,1500.0,26.5,116.2,158.1,102.8,112.7,118.3,4.3,0.747,5.749,0,1,0,0,0,0,0,0,0,0,0,1,0,0,1,0,1,0,0,1,1473.5,1337.0,3528.5,481.0,719.0,661.5,1724.5,253.5,753.0,675.5,1803.0,229.0,1
662,Physical Injuries,New Visayas,Panabo City,33.0,38.0,3.0,50.0,53.0,0.0,1009.0,0,0,0,0,0,0,0,1,0,0,0,0,0,0,1,0,0,1,0,1,0,0,0,0,0,0,0,0,0,0,0,0,0,0,0,1,0,0,0,0,52.016999999999996,7899.97998,1522.0,1329.5,2094.5,4698.5,49.5,611.5,14.0,293.5,3959.0,56.0,625.5,54.5,2693.5,216.0,308.0,6.0,6747.0,7110.0,4515.5,1121.0,363.5,1113.5,657.5,3745.5,66.0,116.2,158.1,102.8,112.7,118.3,4.3,0.747,5.749,0,1,0,0,0,0,1,0,0,0,0,0,0,0,1,0,1,0,0,1,3677.0,3337.5,8807.0,1201.5,1795.5,1651.0,4304.0,632.0,1882.0,1686.5,4502.5,569.5,3
663,Murder/Homicide,Upper Licanan,Panabo City,31.0,33.0,10.0,58.0,74.0,0.5,1008.0,0,0,0,0,0,0,0,1,0,0,0,0,0,0,1,1,0,0,0,0,0,0,0,0,0,0,0,0,0,0,0,0,0,0,0,0,0,0,0,0,52.016999999999996,7899.97998,146.0,127.5,201.0,450.5,5.0,58.5,1.0,28.0,379.5,5.0,60.0,5.0,258.5,21.0,29.5,1.0,647.0,681.5,433.0,107.5,35.0,106.5,63.0,359.0,6.0,116.2,158.1,102.8,112.7,118.3,4.3,0.747,5.749,0,0,0,0,1,0,0,0,1,0,0,0,0,0,1,0,0,1,1,0,352.5,320.0,843.0,115.5,172.0,158.5,412.5,60.0,180.0,161.5,432.0,56.0,2
669,Physical Injuries,New Pandan (Pob.),Panabo City,32.0,33.0,11.0,36.0,69.0,0.0,1011.0,1,0,0,0,0,1,0,1,1,1,0,1,1,1,1,1,0,1,1,1,1,1,0,1,1,1,0,1,1,1,1,0,0,0,1,1,0,1,0,1,52.027,7723.390137,609.5,533.0,839.0,1882.0,20.0,245.0,6.0,117.5,1586.0,22.5,250.5,22.0,1079.0,86.5,123.5,2.0,2703.0,2848.0,1809.0,449.0,145.5,446.0,263.5,1500.0,26.5,116.2,158.1,102.8,112.7,118.3,4.3,0.747,5.749,0,0,0,0,0,1,0,0,0,0,0,1,0,0,1,0,1,0,0,1,1473.5,1337.0,3528.5,481.0,719.0,661.5,1724.5,253.5,753.0,675.5,1803.0,229.0,3
670,Rape (Art. 266-A RC & R.A.8353),Salvacion,Panabo City,35.0,38.0,8.0,12.0,51.0,0.0,1010.0,0,0,0,0,0,1,0,1,1,1,0,0,1,0,1,0,0,1,0,1,0,0,0,0,0,0,0,0,0,0,0,0,0,0,0,0,1,0,0,0,52.135,8048.720215,874.5,764.0,1203.5,2700.5,28.5,351.0,8.0,169.0,2275.5,32.0,359.5,31.0,1548.0,124.0,177.0,3.0,3878.0,4086.0,2595.0,644.5,209.0,640.0,378.0,2152.5,38.0,116.2,158.1,102.8,112.7,118.3,4.3,0.747,5.749,0,0,1,0,0,0,0,0,0,0,0,1,0,0,1,0,1,0,0,1,2114.0,1918.0,5061.5,691.0,1032.0,949.0,2474.5,363.0,1082.0,969.0,2588.0,328.0,4
673,Murder/Homicide,San Francisco (Pob.),Panabo City,29.0,27.0,7.0,20.0,90.0,0.0,1009.0,1,1,0,1,0,0,0,1,1,1,0,1,0,1,1,1,1,1,0,1,0,0,0,0,1,0,0,0,0,0,0,0,0,0,1,0,1,1,0,0,52.097,7682.240234000001,1178.5,1030.0,1622.5,3639.5,38.5,473.5,11.0,227.5,3066.5,43.5,484.5,42.0,2086.5,167.0,238.5,4.0,5226.0,5507.5,3497.5,868.5,281.0,862.5,509.0,2901.0,50.5,116.2,158.1,102.8,112.7,118.3,4.3,0.747,5.749,1,0,0,0,0,0,0,0,0,0,1,0,0,0,1,0,0,1,0,1,2849.0,2585.5,6821.5,930.5,1390.5,1279.5,3333.5,489.5,1458.0,1306.0,3487.5,441.5,2
678,Theft,Upper Licanan,Panabo City,33.0,33.0,8.0,15.0,68.0,0.0,1010.0,0,0,0,0,0,0,1,1,0,0,0,0,1,0,0,0,0,0,0,1,0,0,0,0,0,0,0,0,0,0,0,0,0,0,0,0,1,0,0,0,52.097,7682.240234000001,146.0,127.5,201.0,450.5,5.0,58.5,1.0,28.0,379.5,5.0,60.0,5.0,258.5,21.0,29.5,1.0,647.0,681.5,433.0,107.5,35.0,106.5,63.0,359.0,6.0,116.2,158.1,102.8,112.7,118.3,4.3,0.747,5.749,0,0,0,0,0,1,0,0,0,0,1,0,0,0,1,0,1,0,1,0,352.5,320.0,843.0,115.5,172.0,158.5,412.5,60.0,180.0,161.5,432.0,56.0,6
684,Theft,A. O. Floirendo,Panabo City,33.0,34.0,9.0,16.0,67.0,0.0,1010.0,0,0,0,1,0,0,0,0,0,0,0,0,0,0,0,0,0,1,0,1,0,0,0,0,0,0,0,0,0,0,0,0,0,1,0,0,0,0,0,0,52.065,7726.720215,445.5,389.0,613.0,1375.5,14.5,179.0,4.0,85.5,1158.5,16.5,183.0,16.0,788.5,63.0,90.5,2.0,1974.5,2081.0,1321.5,328.0,106.0,325.5,192.0,1096.0,19.5,116.2,158.1,102.8,112.7,118.3,4.3,0.747,5.749,0,0,0,0,0,1,0,0,0,1,0,0,0,0,1,0,1,0,0,1,1075.5,977.0,2577.0,351.0,525.5,483.5,1260.5,184.5,551.0,493.5,1317.5,167.0,6
686,Murder/Homicide,New Malaga (Dalisay),Panabo City,31.0,36.0,4.0,75.0,65.0,0.1,1008.0,0,0,0,0,0,0,0,0,0,0,0,0,0,0,1,0,0,0,0,0,0,0,0,0,0,0,0,0,0,0,0,0,0,0,0,0,0,0,0,0,52.065,7726.720215,169.0,147.0,232.0,520.5,5.5,67.5,2.0,32.5,438.5,6.0,69.5,6.0,298.5,24.0,34.0,1.0,747.5,788.0,500.0,124.5,40.0,123.0,72.5,415.0,7.0,116.2,158.1,102.8,112.7,118.3,4.3,0.747,5.749,0,1,0,0,0,0,0,0,0,1,0,0,0,0,1,0,0,1,1,0,407.0,370.0,974.5,132.0,199.0,183.0,477.0,70.5,208.0,187.0,499.5,63.0,2
688,Murder/Homicide,New Visayas,Panabo City,29.0,29.0,5.0,55.0,75.0,0.1,1009.0,0,0,0,0,0,0,0,1,1,0,0,0,0,0,1,0,0,1,0,1,0,0,0,0,0,0,0,0,0,0,0,0,0,1,0,0,1,0,0,0,52.065,7726.720215,1522.0,1329.5,2094.5,4698.5,49.5,611.5,14.0,293.5,3959.0,56.0,625.5,54.5,2693.5,216.0,308.0,6.0,6747.0,7110.0,4515.5,1121.0,363.5,1113.5,657.5,3745.5,66.0,116.2,158.1,102.8,112.7,118.3,4.3,0.747,5.749,0,0,0,0,1,0,0,0,0,1,0,0,0,0,1,0,0,1,0,1,3677.0,3337.5,8807.0,1201.5,1795.5,1651.0,4304.0,632.0,1882.0,1686.5,4502.5,569.5,2
692,Theft,New Pandan (Pob.),Panabo City,34.0,40.0,5.0,16.0,50.0,0.0,1007.0,1,0,0,0,0,0,1,1,1,1,1,0,1,1,1,1,0,1,0,1,1,0,0,0,1,1,0,1,0,1,1,0,0,0,1,0,1,0,0,0,52.173,7600.359863,609.5,533.0,839.0,1882.0,20.0,245.0,6.0,117.5,1586.0,22.5,250.5,22.0,1079.0,86.5,123.5,2.0,2703.0,2848.0,1809.0,449.0,145.5,446.0,263.5,1500.0,26.5,116.2,158.1,102.8,112.7,118.3,4.3,0.747,5.749,0,1,0,0,0,0,0,0,0,0,0,1,0,0,1,0,1,0,0,1,1473.5,1337.0,3528.5,481.0,719.0,661.5,1724.5,253.5,753.0,675.5,1803.0,229.0,6
696,Physical Injuries,Kauswagan,Panabo City,34.0,40.0,6.0,37.0,55.0,0.1,1009.0,0,0,0,0,0,0,0,0,0,0,0,0,0,0,0,0,0,1,0,0,0,0,0,0,0,0,0,0,0,0,0,0,0,0,0,0,1,0,0,0,52.287,7617.419922,130.5,114.0,179.0,402.5,4.0,52.5,1.0,25.0,339.0,5.0,53.5,5.0,230.5,18.5,26.5,0.0,578.0,609.0,387.0,96.0,31.0,95.5,56.5,321.0,5.5,116.2,158.1,102.8,112.7,118.3,4.3,0.747,5.749,0,1,0,0,0,0,0,0,0,0,1,0,0,0,1,0,1,0,1,0,315.0,286.0,754.5,103.0,154.0,141.5,369.0,54.0,161.5,144.5,386.0,48.5,3
701,Drug Related Incident (RA 9165),San Francisco (Pob.),Panabo City,30.0,30.0,4.0,63.0,80.0,0.3,1011.0,0,0,0,0,0,0,0,1,0,1,0,1,0,0,1,0,1,1,0,0,0,0,0,0,1,0,0,0,0,0,0,0,0,1,0,1,0,0,0,0,51.965,7819.25,1178.5,1030.0,1622.5,3639.5,38.5,473.5,11.0,227.5,3066.5,43.5,484.5,42.0,2086.5,167.0,238.5,4.0,5226.0,5507.5,3497.5,868.5,281.0,862.5,509.0,2901.0,50.5,116.6,159.1,103.9,113.4,118.5,4.6,0.8109999999999999,6.025,0,0,0,0,1,0,0,0,0,0,0,1,0,0,1,0,0,1,0,1,2849.0,2585.5,6821.5,930.5,1390.5,1279.5,3333.5,489.5,1458.0,1306.0,3487.5,441.5,1
736,Physical Injuries,Quezon,Panabo City,34.0,38.0,12.0,26.0,56.0,0.0,1008.0,0,0,0,0,0,0,0,1,0,0,0,0,0,1,1,0,0,1,0,0,0,0,0,0,0,0,0,0,0,0,0,0,0,0,0,0,0,0,0,0,52.098,7885.970215,427.0,373.0,588.0,1318.5,14.0,172.0,4.0,82.5,1111.0,16.0,175.5,15.0,756.0,60.5,86.5,2.0,1893.5,1995.5,1267.0,314.5,102.0,312.5,184.0,1051.0,18.5,116.6,159.1,103.9,113.4,118.5,4.6,0.8109999999999999,6.025,0,1,0,0,0,0,0,0,0,0,0,1,0,0,1,0,1,0,1,0,1032.5,936.5,2470.5,337.0,503.5,463.5,1208.0,178.0,528.5,473.5,1262.5,160.5,3
737,Physical Injuries,Maduao,Panabo City,31.0,28.0,3.0,29.0,83.0,0.0,1009.0,0,0,0,0,0,0,0,1,0,0,0,0,0,0,1,1,0,0,0,1,0,0,0,0,0,0,0,0,0,0,0,0,0,0,0,0,0,0,0,0,52.401,7869.560059,286.5,250.0,394.0,883.0,9.0,115.0,3.0,55.0,744.0,11.0,117.5,10.0,506.5,40.5,58.0,1.0,1268.0,1336.5,849.0,211.0,68.0,209.0,123.5,704.0,12.5,116.6,159.1,103.9,113.4,118.5,4.6,0.8109999999999999,6.025,0,0,0,1,0,0,0,0,0,0,0,0,1,0,1,0,0,1,1,0,691.0,627.5,1654.5,225.0,337.5,310.5,809.0,119.0,353.5,317.0,846.5,107.0,3
741,Drug Related Incident (RA 9165),Cagangohan,Panabo City,31.0,30.0,2.0,28.0,78.0,0.0,1009.0,0,0,1,0,0,0,0,1,0,0,0,0,1,1,0,1,0,1,0,1,0,0,0,0,0,0,0,0,0,0,0,0,0,1,0,0,0,0,0,0,52.401,7869.560059,1266.0,1106.0,1741.5,3907.5,41.0,508.5,12.0,244.0,3292.0,46.5,520.0,45.5,2240.0,179.0,256.0,5.0,5610.5,5913.0,3755.0,932.5,302.0,926.0,546.5,3114.5,54.5,116.6,159.1,103.9,113.4,118.5,4.6,0.8109999999999999,6.025,0,0,0,0,1,0,0,0,0,0,0,0,1,0,1,0,0,1,0,1,3058.5,2775.5,7324.0,999.0,1493.0,1373.5,3580.5,525.5,1565.0,1403.0,3744.5,473.5,1
742,Drug Related Incident (RA 9165),San Vicente,Panabo City,31.0,30.0,2.0,28.0,78.0,0.0,1009.0,0,0,0,0,0,0,0,1,0,0,0,0,0,0,0,0,0,1,0,1,0,0,0,0,0,0,0,0,0,0,0,0,0,0,0,0,0,0,0,0,52.401,7869.560059,1327.5,1159.5,1827.0,4098.0,43.5,533.0,12.0,256.0,3453.0,49.0,546.0,47.5,2349.0,188.0,268.5,5.0,5885.0,6201.5,3938.0,978.0,316.5,971.0,573.0,3266.5,57.5,116.6,159.1,103.9,113.4,118.5,4.6,0.8109999999999999,6.025,0,0,0,0,1,0,0,0,0,0,0,0,1,0,1,0,0,1,0,1,3208.0,2911.5,7681.0,1048.0,1566.5,1440.5,3754.5,551.0,1641.5,1471.0,3927.5,496.5,1
749,Murder/Homicide,Little Panay,Panabo City,35.0,37.0,4.0,12.0,60.0,0.0,1009.0,0,0,0,0,0,0,0,1,0,0,0,0,0,1,1,0,0,1,0,1,0,0,0,0,0,0,0,0,0,0,0,0,0,1,0,0,0,0,0,0,52.286,7694.120117,223.5,195.0,307.5,690.5,7.0,89.5,2.0,43.0,582.0,8.0,91.5,8.0,396.0,32.0,45.0,1.0,991.5,1044.5,663.5,164.5,53.5,163.5,96.5,550.0,9.5,116.6,159.1,103.9,113.4,118.5,4.6,0.8109999999999999,6.025,0,0,0,0,0,1,0,0,0,0,1,0,0,0,1,0,1,0,1,0,540.0,490.0,1293.5,176.5,264.0,242.5,632.5,92.0,276.0,247.5,662.0,83.5,2
750,Theft,A. O. Floirendo,Panabo City,35.0,40.0,4.0,49.0,49.0,0.0,1007.0,0,0,0,0,0,0,0,0,0,0,0,0,0,0,0,0,0,0,0,0,0,0,0,0,0,0,0,0,0,0,0,0,0,0,0,0,0,0,0,0,52.286,7694.120117,445.5,389.0,613.0,1375.5,14.5,179.0,4.0,85.5,1158.5,16.5,183.0,16.0,788.5,63.0,90.5,2.0,1974.5,2081.0,1321.5,328.0,106.0,325.5,192.0,1096.0,19.5,116.6,159.1,103.9,113.4,118.5,4.6,0.8109999999999999,6.025,0,1,0,0,0,0,0,0,0,0,1,0,0,0,1,0,1,0,0,1,1075.5,977.0,2577.0,351.0,525.5,483.5,1260.5,184.5,551.0,493.5,1317.5,167.0,6
753,Robbery,Cagangohan,Panabo City,31.0,31.0,5.0,34.0,76.0,0.0,1008.0,0,0,1,0,0,0,0,1,0,0,0,0,0,1,1,1,0,0,0,1,0,0,1,0,0,0,0,0,0,0,0,0,0,0,0,1,0,0,0,0,52.254,7672.279785,1266.0,1106.0,1741.5,3907.5,41.0,508.5,12.0,244.0,3292.0,46.5,520.0,45.5,2240.0,179.0,256.0,5.0,5610.5,5913.0,3755.0,932.5,302.0,926.0,546.5,3114.5,54.5,116.6,159.1,103.9,113.4,118.5,4.6,0.8109999999999999,6.025,0,0,0,0,1,0,1,0,0,0,0,0,0,0,1,0,0,1,0,1,3058.5,2775.5,7324.0,999.0,1493.0,1373.5,3580.5,525.5,1565.0,1403.0,3744.5,473.5,5
754,Theft,Santo Niño (Pob.),Panabo City,31.0,28.0,1.0,39.0,82.0,0.0,1008.0,1,0,0,0,0,0,0,1,0,1,0,1,0,0,1,1,0,1,1,1,1,0,0,1,1,0,0,1,1,1,0,0,0,0,1,1,1,0,0,0,52.254,7672.279785,398.0,348.0,548.0,1228.5,13.0,160.0,4.0,76.5,1035.5,15.0,163.5,14.0,704.5,56.5,80.5,2.0,1764.5,1859.5,1180.5,293.5,95.0,291.0,172.0,979.5,17.5,116.6,159.1,103.9,113.4,118.5,4.6,0.8109999999999999,6.025,0,0,0,1,0,0,0,0,1,0,0,0,0,0,1,0,0,1,0,1,962.0,873.0,2302.5,314.5,469.5,432.0,1125.5,165.5,492.0,441.0,1177.0,149.5,6
763,Drug Related Incident (RA 9165),Gredu (Pob.),Panabo City,34.0,38.0,11.0,5.0,50.0,0.0,1008.0,0,0,0,0,0,0,0,1,0,0,0,0,0,0,0,0,0,1,0,1,0,0,0,0,0,0,0,0,0,0,0,0,0,1,0,0,1,0,0,0,52.32,7658.049805,1520.0,1328.0,2091.5,4692.0,49.5,610.5,14.0,293.0,3953.5,56.0,624.5,54.5,2689.5,215.5,307.5,6.0,6737.5,7100.0,4509.0,1120.0,362.5,1111.5,656.5,3740.0,66.0,116.6,159.1,103.9,113.4,118.5,4.6,0.8109999999999999,6.025,0,1,0,0,0,0,0,1,0,0,0,0,0,0,1,0,1,0,0,1,3672.5,3333.5,8795.0,1200.0,1793.0,1649.0,4298.0,631.5,1880.0,1684.5,4496.0,569.0,1
773,Theft,New Visayas,Panabo City,31.0,31.0,1.0,40.0,78.0,0.0,1010.0,0,0,0,0,0,0,0,1,0,0,0,0,0,0,1,0,0,1,0,0,0,0,0,0,0,0,0,0,0,0,0,0,0,1,0,0,0,0,0,0,52.37300000000001,7652.529785,1522.0,1329.5,2094.5,4698.5,49.5,611.5,14.0,293.5,3959.0,56.0,625.5,54.5,2693.5,216.0,308.0,6.0,6747.0,7110.0,4515.5,1121.0,363.5,1113.5,657.5,3745.5,66.0,116.6,159.1,103.9,113.4,118.5,4.6,0.8109999999999999,6.025,0,0,0,0,1,0,0,0,0,0,1,0,0,0,1,0,0,1,0,1,3677.0,3337.5,8807.0,1201.5,1795.5,1651.0,4304.0,632.0,1882.0,1686.5,4502.5,569.5,6
785,Rape (Art. 266-A RC & R.A.8353),Quezon,Panabo City,31.0,29.0,1.0,6.0,85.0,0.0,1010.0,0,0,0,0,0,0,0,1,0,0,0,0,0,1,0,0,0,0,0,1,0,0,0,0,0,0,0,0,0,0,0,0,0,0,0,0,0,0,0,0,52.41,7646.200195,427.0,373.0,588.0,1318.5,14.0,172.0,4.0,82.5,1111.0,16.0,175.5,15.0,756.0,60.5,86.5,2.0,1893.5,1995.5,1267.0,314.5,102.0,312.5,184.0,1051.0,18.5,116.6,159.1,103.9,113.4,118.5,4.6,0.8109999999999999,6.025,1,0,0,0,0,0,0,0,0,0,0,1,0,0,1,0,0,1,1,0,1032.5,936.5,2470.5,337.0,503.5,463.5,1208.0,178.0,528.5,473.5,1262.5,160.5,4
795,Rape (Art. 266-A RC & R.A.8353),Manay,Panabo City,33.0,32.0,8.0,21.0,66.0,0.0,1011.0,0,0,0,0,0,0,0,1,0,0,0,0,0,0,1,1,0,1,1,1,0,0,0,0,0,0,0,0,0,0,0,0,0,1,0,0,1,0,0,0,52.056000000000004,8190.009765999999,496.5,434.0,683.5,1533.5,16.0,199.5,5.0,95.5,1292.0,18.0,204.0,18.0,879.0,70.5,100.5,2.0,2201.5,2320.0,1473.5,366.0,118.5,363.5,214.5,1222.5,21.5,115.3,155.8,101.8,112.4,117.5,4.1,0.758,5.8420000000000005,0,0,0,0,0,1,0,0,0,0,1,0,0,0,1,0,1,0,0,1,1200.5,1089.5,2874.5,392.0,586.0,539.0,1404.5,206.0,613.5,550.0,1469.0,185.5,4
796,Physical Injuries,Quezon,Panabo City,32.0,33.0,9.0,13.0,67.0,0.0,1010.0,0,0,0,0,0,0,0,1,0,0,0,0,0,0,0,0,0,1,0,1,0,0,0,0,0,0,0,0,0,0,0,0,0,0,0,0,0,0,0,0,52.065,7726.720215,427.0,373.0,588.0,1318.5,14.0,172.0,4.0,82.5,1111.0,16.0,175.5,15.0,756.0,60.5,86.5,2.0,1893.5,1995.5,1267.0,314.5,102.0,312.5,184.0,1051.0,18.5,116.2,158.1,102.8,112.7,118.3,4.3,0.747,5.749,0,0,0,0,0,1,0,0,1,0,0,0,0,0,1,0,1,0,1,0,1032.5,936.5,2470.5,337.0,503.5,463.5,1208.0,178.0,528.5,473.5,1262.5,160.5,3
797,Theft,A. O. Floirendo,Panabo City,31.0,34.0,1.0,43.0,58.0,0.0,1009.0,0,0,0,0,0,0,0,0,0,0,0,0,0,0,1,0,0,1,0,1,0,0,0,0,0,0,0,0,0,0,0,0,0,1,0,0,1,0,0,0,52.553999999999995,7630.259765999999,445.5,389.0,613.0,1375.5,14.5,179.0,4.0,85.5,1158.5,16.5,183.0,16.0,788.5,63.0,90.5,2.0,1974.5,2081.0,1321.5,328.0,106.0,325.5,192.0,1096.0,19.5,117.4,160.3,104.8,115.1,120.3,5.1,0.795,5.901,0,1,0,0,0,0,0,0,1,0,0,0,0,0,1,0,1,0,0,1,1075.5,977.0,2577.0,351.0,525.5,483.5,1260.5,184.5,551.0,493.5,1317.5,167.0,6
809,Theft,Santo Niño (Pob.),Panabo City,33.0,39.0,6.0,59.0,56.0,0.0,1008.0,1,0,0,0,0,0,0,1,0,0,0,0,0,0,1,1,0,1,0,1,1,0,0,1,0,0,0,0,1,0,0,0,0,0,1,1,0,0,0,0,52.533,7689.140137,398.0,348.0,548.0,1228.5,13.0,160.0,4.0,76.5,1035.5,15.0,163.5,14.0,704.5,56.5,80.5,2.0,1764.5,1859.5,1180.5,293.5,95.0,291.0,172.0,979.5,17.5,117.4,160.3,104.8,115.1,120.3,5.1,0.795,5.901,0,1,0,0,0,0,0,0,0,0,0,0,1,0,1,0,1,0,0,1,962.0,873.0,2302.5,314.5,469.5,432.0,1125.5,165.5,492.0,441.0,1177.0,149.5,6
812,Drug Related Incident (RA 9165),J.P. Laurel,Panabo City,26.0,28.0,1.0,20.0,77.0,0.0,1009.0,0,0,0,0,0,0,0,1,0,0,0,0,0,1,1,0,0,1,0,0,0,0,0,0,0,0,0,0,0,0,0,0,0,1,0,0,0,0,0,0,52.36,7803.310059,602.5,527.0,829.5,1861.0,20.0,242.0,6.0,116.5,1568.0,22.0,247.5,21.5,1067.0,85.5,122.0,2.0,2672.0,2816.0,1788.5,444.5,144.0,441.0,260.5,1483.0,26.0,117.4,160.3,104.8,115.1,120.3,5.1,0.795,5.901,0,0,0,1,0,0,0,0,0,0,1,0,0,0,1,0,1,0,0,1,1456.5,1322.0,3487.5,475.5,711.0,654.0,1703.5,250.0,745.5,668.0,1783.0,225.5,1
813,Murder/Homicide,New Pandan (Pob.),Panabo City,35.0,39.0,9.0,11.0,46.0,0.0,1008.0,1,0,0,0,0,1,0,1,1,1,0,1,0,1,1,1,0,1,1,1,1,0,0,1,1,1,0,1,1,1,0,0,0,0,1,0,1,0,0,0,52.36,7803.310059,609.5,533.0,839.0,1882.0,20.0,245.0,6.0,117.5,1586.0,22.5,250.5,22.0,1079.0,86.5,123.5,2.0,2703.0,2848.0,1809.0,449.0,145.5,446.0,263.5,1500.0,26.5,117.4,160.3,104.8,115.1,120.3,5.1,0.795,5.901,0,0,1,0,0,0,0,0,0,0,1,0,0,0,1,0,1,0,0,1,1473.5,1337.0,3528.5,481.0,719.0,661.5,1724.5,253.5,753.0,675.5,1803.0,229.0,2
814,Robbery,San Francisco (Pob.),Panabo City,31.0,35.0,7.0,6.0,62.0,0.0,1008.0,1,1,0,0,0,1,0,1,0,1,0,1,0,0,1,0,1,1,0,1,0,0,0,0,1,0,0,0,0,0,0,0,0,0,1,1,1,1,0,0,52.36,7803.310059,1178.5,1030.0,1622.5,3639.5,38.5,473.5,11.0,227.5,3066.5,43.5,484.5,42.0,2086.5,167.0,238.5,4.0,5226.0,5507.5,3497.5,868.5,281.0,862.5,509.0,2901.0,50.5,117.4,160.3,104.8,115.1,120.3,5.1,0.795,5.901,0,1,0,0,0,0,0,0,0,0,1,0,0,0,1,0,0,1,0,1,2849.0,2585.5,6821.5,930.5,1390.5,1279.5,3333.5,489.5,1458.0,1306.0,3487.5,441.5,5
818,Physical Injuries,Cagangohan,Panabo City,29.0,34.0,15.0,71.0,74.0,0.1,1008.0,0,0,0,0,0,0,0,1,0,0,0,0,0,1,1,0,0,1,0,1,0,0,0,0,0,0,0,0,0,0,0,0,0,1,0,0,0,0,0,0,52.458999999999996,7740.740234000001,1266.0,1106.0,1741.5,3907.5,41.0,508.5,12.0,244.0,3292.0,46.5,520.0,45.5,2240.0,179.0,256.0,5.0,5610.5,5913.0,3755.0,932.5,302.0,926.0,546.5,3114.5,54.5,117.4,160.3,104.8,115.1,120.3,5.1,0.795,5.901,0,0,0,0,1,0,1,0,0,0,0,0,0,0,1,0,0,1,0,1,3058.5,2775.5,7324.0,999.0,1493.0,1373.5,3580.5,525.5,1565.0,1403.0,3744.5,473.5,3
819,Murder/Homicide,Maduao,Panabo City,27.0,31.0,12.0,52.0,82.0,0.1,1010.0,0,0,0,0,0,0,0,1,0,0,0,0,0,0,1,0,0,0,0,1,0,0,0,0,0,0,0,0,0,0,0,0,0,0,0,0,0,0,0,0,52.458999999999996,7740.740234000001,286.5,250.0,394.0,883.0,9.0,115.0,3.0,55.0,744.0,11.0,117.5,10.0,506.5,40.5,58.0,1.0,1268.0,1336.5,849.0,211.0,68.0,209.0,123.5,704.0,12.5,117.4,160.3,104.8,115.1,120.3,5.1,0.795,5.901,0,0,0,0,1,0,1,0,0,0,0,0,0,0,1,0,0,1,1,0,691.0,627.5,1654.5,225.0,337.5,310.5,809.0,119.0,353.5,317.0,846.5,107.0,2
827,Theft,Santo Niño (Pob.),Panabo City,34.0,38.0,12.0,13.0,50.0,0.0,1009.0,1,0,0,0,0,0,0,1,0,0,0,0,0,0,0,1,0,1,1,1,1,0,0,1,0,0,0,0,1,1,0,0,0,0,1,1,0,0,0,0,52.65,7771.299805,398.0,348.0,548.0,1228.5,13.0,160.0,4.0,76.5,1035.5,15.0,163.5,14.0,704.5,56.5,80.5,2.0,1764.5,1859.5,1180.5,293.5,95.0,291.0,172.0,979.5,17.5,117.4,160.3,104.8,115.1,120.3,5.1,0.795,5.901,0,1,0,0,0,0,0,0,0,0,0,1,0,0,1,0,1,0,0,1,962.0,873.0,2302.5,314.5,469.5,432.0,1125.5,165.5,492.0,441.0,1177.0,149.5,6
828,Theft,A. O. Floirendo,Panabo City,33.0,36.0,14.0,12.0,50.0,0.0,1008.0,0,0,0,0,0,0,0,0,0,0,0,0,0,0,0,0,0,0,0,1,0,0,1,0,0,0,0,0,0,0,0,0,0,0,0,0,0,0,0,0,53.122,7529.540039,445.5,389.0,613.0,1375.5,14.5,179.0,4.0,85.5,1158.5,16.5,183.0,16.0,788.5,63.0,90.5,2.0,1974.5,2081.0,1321.5,328.0,106.0,325.5,192.0,1096.0,19.5,117.4,160.3,104.8,115.1,120.3,5.1,0.795,5.901,0,1,0,0,0,0,0,0,0,0,1,0,0,0,1,0,1,0,0,1,1075.5,977.0,2577.0,351.0,525.5,483.5,1260.5,184.5,551.0,493.5,1317.5,167.0,6
829,Carnapping (R.A. 6539),Santo Niño (Pob.),Panabo City,26.0,29.0,3.0,49.0,79.0,0.0,1010.0,1,0,0,0,0,0,0,1,0,1,0,1,0,0,1,1,0,1,1,1,1,0,0,1,1,0,0,1,1,1,0,0,0,0,1,0,1,0,0,0,53.122,7529.540039,398.0,348.0,548.0,1228.5,13.0,160.0,4.0,76.5,1035.5,15.0,163.5,14.0,704.5,56.5,80.5,2.0,1764.5,1859.5,1180.5,293.5,95.0,291.0,172.0,979.5,17.5,117.4,160.3,104.8,115.1,120.3,5.1,0.795,5.901,0,0,0,1,0,0,1,0,0,0,0,0,0,0,1,0,1,0,0,1,962.0,873.0,2302.5,314.5,469.5,432.0,1125.5,165.5,492.0,441.0,1177.0,149.5,0
847,Theft,Gredu (Pob.),Panabo City,33.0,37.0,13.0,76.0,55.0,0.1,1009.0,0,0,0,0,0,0,0,1,0,0,0,1,0,0,1,0,0,1,0,1,1,0,0,0,0,0,0,0,0,0,0,1,0,0,1,0,0,0,0,0,53.122,7529.540039,1520.0,1328.0,2091.5,4692.0,49.5,610.5,14.0,293.0,3953.5,56.0,624.5,54.5,2689.5,215.5,307.5,6.0,6737.5,7100.0,4509.0,1120.0,362.5,1111.5,656.5,3740.0,66.0,117.4,160.3,104.8,115.1,120.3,5.1,0.795,5.901,0,1,0,0,0,0,1,0,0,0,0,0,0,0,1,0,1,0,0,1,3672.5,3333.5,8795.0,1200.0,1793.0,1649.0,4298.0,631.5,1880.0,1684.5,4496.0,569.0,6
848,Physical Injuries,Cagangohan,Panabo City,32.0,36.0,12.0,32.0,55.0,0.0,1010.0,0,0,0,0,0,0,0,1,0,0,0,0,0,0,0,0,0,1,0,1,0,0,0,0,0,0,0,0,0,0,0,0,0,1,0,0,0,0,0,0,53.388999999999996,7098.149901999999,1266.0,1106.0,1741.5,3907.5,41.0,508.5,12.0,244.0,3292.0,46.5,520.0,45.5,2240.0,179.0,256.0,5.0,5610.5,5913.0,3755.0,932.5,302.0,926.0,546.5,3114.5,54.5,117.4,160.3,104.8,115.1,120.3,5.1,0.795,5.901,0,1,0,0,0,0,0,0,0,0,1,0,0,0,1,0,1,0,0,1,3058.5,2775.5,7324.0,999.0,1493.0,1373.5,3580.5,525.5,1565.0,1403.0,3744.5,473.5,3
853,Drug Related Incident (RA 9165),Salvacion,Panabo City,32.0,36.0,3.0,16.0,59.0,0.0,1012.0,0,0,0,0,0,0,0,1,0,0,0,0,0,0,0,0,0,1,0,1,0,0,0,0,0,0,0,0,0,0,0,0,0,0,0,0,0,0,0,0,53.419,7063.200195,874.5,764.0,1203.5,2700.5,28.5,351.0,8.0,169.0,2275.5,32.0,359.5,31.0,1548.0,124.0,177.0,3.0,3878.0,4086.0,2595.0,644.5,209.0,640.0,378.0,2152.5,38.0,117.4,160.3,104.8,115.1,120.3,5.1,0.795,5.901,0,0,0,0,0,1,1,0,0,0,0,0,0,0,1,0,1,0,0,1,2114.0,1918.0,5061.5,691.0,1032.0,949.0,2474.5,363.0,1082.0,969.0,2588.0,328.0,1
854,Theft,San Francisco (Pob.),Panabo City,33.0,37.0,11.0,48.0,54.0,0.1,1010.0,1,1,0,1,0,1,0,1,1,1,0,1,0,1,1,1,1,1,0,1,0,0,0,0,1,0,0,0,0,0,0,0,0,0,1,0,1,1,0,0,53.419,7063.200195,1178.5,1030.0,1622.5,3639.5,38.5,473.5,11.0,227.5,3066.5,43.5,484.5,42.0,2086.5,167.0,238.5,4.0,5226.0,5507.5,3497.5,868.5,281.0,862.5,509.0,2901.0,50.5,117.4,160.3,104.8,115.1,120.3,5.1,0.795,5.901,0,1,0,0,0,0,1,0,0,0,0,0,0,0,1,0,1,0,0,1,2849.0,2585.5,6821.5,930.5,1390.5,1279.5,3333.5,489.5,1458.0,1306.0,3487.5,441.5,6
855,Drug Related Incident (RA 9165),San Pedro,Panabo City,26.0,28.0,3.0,28.0,80.0,0.0,1012.0,0,0,0,0,0,0,0,1,0,0,0,0,0,0,0,0,0,1,0,1,0,0,0,0,0,0,0,0,0,0,0,0,0,0,0,0,1,0,0,0,53.419,7063.200195,385.0,336.5,530.0,1189.5,12.5,155.0,4.0,74.5,1002.5,14.0,158.0,14.0,681.5,54.5,78.0,1.0,1708.0,1799.5,1142.5,283.5,92.0,281.5,166.0,948.0,16.5,117.4,160.3,104.8,115.1,120.3,5.1,0.795,5.901,1,0,0,0,0,0,0,0,1,0,0,0,0,0,1,0,0,1,0,1,931.0,845.0,2230.0,304.0,454.0,418.0,1090.5,159.5,476.5,427.0,1138.5,144.0,1
860,Physical Injuries,San Francisco (Pob.),Panabo City,27.0,30.0,8.0,35.0,82.0,0.0,1011.0,1,0,0,1,0,0,0,1,1,1,0,1,0,1,1,1,0,1,1,1,1,0,0,0,1,0,0,0,0,0,0,0,0,0,1,0,1,0,0,0,53.419,7063.200195,1178.5,1030.0,1622.5,3639.5,38.5,473.5,11.0,227.5,3066.5,43.5,484.5,42.0,2086.5,167.0,238.5,4.0,5226.0,5507.5,3497.5,868.5,281.0,862.5,509.0,2901.0,50.5,117.4,160.3,104.8,115.1,120.3,5.1,0.795,5.901,0,0,0,0,1,0,0,0,0,1,0,0,0,0,1,0,0,1,0,1,2849.0,2585.5,6821.5,930.5,1390.5,1279.5,3333.5,489.5,1458.0,1306.0,3487.5,441.5,3
875,Theft,Katualan,Panabo City,29.0,28.0,10.0,22.0,85.0,0.0,1009.0,0,0,0,0,0,0,0,1,0,0,0,0,0,0,0,0,0,0,0,1,0,0,0,0,0,0,0,0,0,0,0,0,0,0,0,0,0,0,0,0,52.016999999999996,7899.97998,68.5,59.5,94.5,211.0,2.0,27.5,1.0,13.0,178.0,3.0,28.0,2.0,121.0,10.0,14.0,0.0,303.0,319.5,202.5,50.5,16.5,50.0,29.5,168.0,3.0,116.2,158.1,102.8,112.7,118.3,4.3,0.747,5.749,0,0,0,0,1,0,0,0,1,0,0,0,0,0,1,0,0,1,1,0,165.5,150.0,395.0,54.0,80.5,74.0,193.0,29.0,85.0,76.0,203.0,26.0,6
888,Drug Related Incident (RA 9165),New Pandan (Pob.),Panabo City,33.0,36.0,10.0,25.0,50.0,0.0,1008.0,0,0,0,0,0,0,0,1,1,0,0,0,0,0,0,0,0,1,0,1,1,1,0,0,0,0,0,0,0,0,0,0,0,1,0,1,1,0,1,0,53.403999999999996,7227.959961,609.5,533.0,839.0,1882.0,20.0,245.0,6.0,117.5,1586.0,22.5,250.5,22.0,1079.0,86.5,123.5,2.0,2703.0,2848.0,1809.0,449.0,145.5,446.0,263.5,1500.0,26.5,118.4,161.0,105.4,117.7,121.4,5.5,0.877,6.199,0,0,1,0,0,0,0,1,0,0,0,0,0,0,1,0,1,0,0,1,1473.5,1337.0,3528.5,481.0,719.0,661.5,1724.5,253.5,753.0,675.5,1803.0,229.0,1
889,Drug Related Incident (RA 9165),Gredu (Pob.),Panabo City,26.0,29.0,4.0,59.0,74.0,0.1,1010.0,0,0,0,0,0,0,0,1,0,0,0,0,0,0,0,0,0,1,0,1,0,1,0,0,0,0,0,0,0,0,0,0,0,1,0,1,1,0,0,0,53.403999999999996,7227.959961,1520.0,1328.0,2091.5,4692.0,49.5,610.5,14.0,293.0,3953.5,56.0,624.5,54.5,2689.5,215.5,307.5,6.0,6737.5,7100.0,4509.0,1120.0,362.5,1111.5,656.5,3740.0,66.0,118.4,161.0,105.4,117.7,121.4,5.5,0.877,6.199,0,0,0,0,1,0,0,1,0,0,0,0,0,0,1,0,0,1,0,1,3672.5,3333.5,8795.0,1200.0,1793.0,1649.0,4298.0,631.5,1880.0,1684.5,4496.0,569.0,1
893,Physical Injuries,Malativas,Panabo City,26.0,28.0,7.0,46.0,75.0,0.0,1011.0,0,0,0,0,0,0,0,0,0,0,0,0,0,0,0,0,0,0,0,0,0,0,0,0,0,0,0,0,0,0,0,0,0,0,0,0,0,0,0,0,53.522,7193.680176000003,220.5,193.0,303.5,681.0,7.0,88.5,2.0,42.5,574.0,8.0,90.5,8.0,390.5,31.0,44.5,1.0,977.5,1030.5,654.5,162.5,52.5,161.5,95.5,543.0,9.5,118.4,161.0,105.4,117.7,121.4,5.5,0.877,6.199,0,0,0,0,1,0,0,0,0,1,0,0,0,0,1,0,0,1,1,0,533.5,484.0,1277.0,173.5,260.0,239.5,623.0,91.5,273.5,244.5,652.5,82.0,3
897,Carnapping (R.A. 6539),Salvacion,Panabo City,29.0,33.0,12.0,62.0,68.0,0.1,1009.0,0,0,0,0,0,0,0,1,0,0,0,0,0,0,0,0,0,1,0,0,0,0,0,0,0,0,0,0,0,0,0,0,0,0,0,0,0,0,0,0,53.122,7529.540039,874.5,764.0,1203.5,2700.5,28.5,351.0,8.0,169.0,2275.5,32.0,359.5,31.0,1548.0,124.0,177.0,3.0,3878.0,4086.0,2595.0,644.5,209.0,640.0,378.0,2152.5,38.0,117.4,160.3,104.8,115.1,120.3,5.1,0.795,5.901,0,1,0,0,0,0,1,0,0,0,0,0,0,0,1,0,0,1,0,1,2114.0,1918.0,5061.5,691.0,1032.0,949.0,2474.5,363.0,1082.0,969.0,2588.0,328.0,0
898,Robbery,Maduao,Panabo City,26.0,28.0,4.0,25.0,79.0,0.0,1009.0,0,0,0,0,0,0,0,1,0,0,0,0,0,1,0,0,0,0,0,1,0,0,0,0,0,0,0,0,0,0,0,0,0,0,0,0,0,0,0,0,53.431999999999995,7348.419922,286.5,250.0,394.0,883.0,9.0,115.0,3.0,55.0,744.0,11.0,117.5,10.0,506.5,40.5,58.0,1.0,1268.0,1336.5,849.0,211.0,68.0,209.0,123.5,704.0,12.5,118.4,161.0,105.4,117.7,121.4,5.5,0.877,6.199,0,0,0,1,0,0,0,0,0,0,0,0,1,0,1,0,0,1,1,0,691.0,627.5,1654.5,225.0,337.5,310.5,809.0,119.0,353.5,317.0,846.5,107.0,5
899,Drug Related Incident (RA 9165),San Pedro,Panabo City,31.0,36.0,4.0,35.0,60.0,0.0,1010.0,0,0,1,0,0,0,0,0,0,0,0,0,0,1,1,0,0,0,0,1,0,0,0,0,0,0,0,0,0,0,0,0,0,0,0,0,0,0,0,0,53.431999999999995,7348.419922,385.0,336.5,530.0,1189.5,12.5,155.0,4.0,74.5,1002.5,14.0,158.0,14.0,681.5,54.5,78.0,1.0,1708.0,1799.5,1142.5,283.5,92.0,281.5,166.0,948.0,16.5,118.4,161.0,105.4,117.7,121.4,5.5,0.877,6.199,0,0,0,0,0,1,0,0,0,0,0,0,1,0,1,0,1,0,0,1,931.0,845.0,2230.0,304.0,454.0,418.0,1090.5,159.5,476.5,427.0,1138.5,144.0,1
900,Theft,J.P. Laurel,Panabo City,35.0,40.0,4.0,81.0,46.0,0.2,1007.0,0,0,0,0,0,0,0,1,0,0,0,0,0,1,1,0,0,1,0,0,0,0,0,0,0,0,0,0,0,0,0,0,0,0,0,0,0,0,0,0,53.431999999999995,7348.419922,602.5,527.0,829.5,1861.0,20.0,242.0,6.0,116.5,1568.0,22.0,247.5,21.5,1067.0,85.5,122.0,2.0,2672.0,2816.0,1788.5,444.5,144.0,441.0,260.5,1483.0,26.0,118.4,161.0,105.4,117.7,121.4,5.5,0.877,6.199,0,0,1,0,0,0,0,0,0,0,0,0,1,0,1,0,1,0,0,1,1456.5,1322.0,3487.5,475.5,711.0,654.0,1703.5,250.0,745.5,668.0,1783.0,225.5,6
907,Drug Related Incident (RA 9165),San Francisco (Pob.),Panabo City,34.0,39.0,8.0,71.0,51.0,0.4,1006.0,0,0,0,0,0,0,0,1,0,0,0,0,0,1,1,0,0,1,0,0,0,1,0,0,0,0,0,0,0,0,0,0,0,1,0,0,0,0,0,0,53.41,7186.709961,1178.5,1030.0,1622.5,3639.5,38.5,473.5,11.0,227.5,3066.5,43.5,484.5,42.0,2086.5,167.0,238.5,4.0,5226.0,5507.5,3497.5,868.5,281.0,862.5,509.0,2901.0,50.5,118.4,161.0,105.4,117.7,121.4,5.5,0.877,6.199,0,0,1,0,0,0,1,0,0,0,0,0,0,0,1,0,1,0,0,1,2849.0,2585.5,6821.5,930.5,1390.5,1279.5,3333.5,489.5,1458.0,1306.0,3487.5,441.5,1
908,Drug Related Incident (RA 9165),J.P. Laurel,Panabo City,34.0,39.0,8.0,71.0,51.0,0.4,1006.0,0,0,0,0,0,1,0,1,1,0,0,0,1,1,1,1,0,1,0,1,0,0,1,0,0,0,0,0,0,1,0,0,0,1,0,0,1,0,0,0,53.41,7186.709961,602.5,527.0,829.5,1861.0,20.0,242.0,6.0,116.5,1568.0,22.0,247.5,21.5,1067.0,85.5,122.0,2.0,2672.0,2816.0,1788.5,444.5,144.0,441.0,260.5,1483.0,26.0,118.4,161.0,105.4,117.7,121.4,5.5,0.877,6.199,0,1,0,0,0,0,1,0,0,0,0,0,0,0,1,0,1,0,0,1,1456.5,1322.0,3487.5,475.5,711.0,654.0,1703.5,250.0,745.5,668.0,1783.0,225.5,1
909,Drug Related Incident (RA 9165),Salvacion,Panabo City,29.0,31.0,4.0,24.0,78.0,0.0,1008.0,0,0,0,0,0,0,0,1,0,0,0,0,0,0,0,0,0,1,0,1,0,0,0,0,0,0,0,0,0,0,0,0,0,0,0,0,1,0,0,0,53.41,7186.709961,874.5,764.0,1203.5,2700.5,28.5,351.0,8.0,169.0,2275.5,32.0,359.5,31.0,1548.0,124.0,177.0,3.0,3878.0,4086.0,2595.0,644.5,209.0,640.0,378.0,2152.5,38.0,118.4,161.0,105.4,117.7,121.4,5.5,0.877,6.199,0,0,0,0,1,0,1,0,0,0,0,0,0,0,1,0,0,1,0,1,2114.0,1918.0,5061.5,691.0,1032.0,949.0,2474.5,363.0,1082.0,969.0,2588.0,328.0,1
919,Murder/Homicide,A. O. Floirendo,Panabo City,25.0,28.0,2.0,7.0,87.0,0.0,1011.0,0,0,0,0,0,0,0,0,0,0,0,0,0,0,1,0,0,0,0,0,0,0,0,0,0,0,0,0,0,0,0,0,0,0,0,0,0,0,0,0,53.42100000000001,7176.430176000003,445.5,389.0,613.0,1375.5,14.5,179.0,4.0,85.5,1158.5,16.5,183.0,16.0,788.5,63.0,90.5,2.0,1974.5,2081.0,1321.5,328.0,106.0,325.5,192.0,1096.0,19.5,117.4,160.3,104.8,115.1,120.3,5.1,0.795,5.901,1,0,0,0,0,0,0,0,0,0,0,0,1,0,1,0,0,1,0,1,1075.5,977.0,2577.0,351.0,525.5,483.5,1260.5,184.5,551.0,493.5,1317.5,167.0,2
920,Drug Related Incident (RA 9165),J.P. Laurel,Panabo City,34.0,39.0,8.0,71.0,51.0,0.4,1006.0,0,0,0,0,0,1,0,1,1,0,0,0,1,1,1,1,0,1,0,1,0,0,1,0,0,0,0,0,0,1,0,0,0,1,0,0,1,0,0,0,53.41,7186.709961,602.5,527.0,829.5,1861.0,20.0,242.0,6.0,116.5,1568.0,22.0,247.5,21.5,1067.0,85.5,122.0,2.0,2672.0,2816.0,1788.5,444.5,144.0,441.0,260.5,1483.0,26.0,118.4,161.0,105.4,117.7,121.4,5.5,0.877,6.199,0,1,0,0,0,0,1,0,0,0,0,0,0,0,1,0,1,0,0,1,1456.5,1322.0,3487.5,475.5,711.0,654.0,1703.5,250.0,745.5,668.0,1783.0,225.5,1
921,Theft,Santo Niño (Pob.),Panabo City,34.0,39.0,8.0,21.0,49.0,0.0,1007.0,1,0,0,0,0,0,0,1,0,0,0,0,0,0,1,1,0,1,0,1,1,0,0,1,0,0,0,0,1,0,0,0,0,0,1,1,0,0,0,0,53.41,7186.709961,398.0,348.0,548.0,1228.5,13.0,160.0,4.0,76.5,1035.5,15.0,163.5,14.0,704.5,56.5,80.5,2.0,1764.5,1859.5,1180.5,293.5,95.0,291.0,172.0,979.5,17.5,118.4,161.0,105.4,117.7,121.4,5.5,0.877,6.199,0,0,1,0,0,0,0,0,0,1,0,0,0,0,1,0,1,0,0,1,962.0,873.0,2302.5,314.5,469.5,432.0,1125.5,165.5,492.0,441.0,1177.0,149.5,6
922,Theft,Santo Niño (Pob.),Panabo City,34.0,38.0,10.0,25.0,50.0,0.0,1007.0,0,0,0,0,0,0,0,1,0,0,0,1,0,1,0,1,0,1,0,1,0,0,0,1,1,0,0,0,0,0,0,0,0,0,0,0,1,0,0,0,53.41,7186.709961,398.0,348.0,548.0,1228.5,13.0,160.0,4.0,76.5,1035.5,15.0,163.5,14.0,704.5,56.5,80.5,2.0,1764.5,1859.5,1180.5,293.5,95.0,291.0,172.0,979.5,17.5,118.4,161.0,105.4,117.7,121.4,5.5,0.877,6.199,0,0,1,0,0,0,0,0,0,1,0,0,0,0,1,0,1,0,0,1,962.0,873.0,2302.5,314.5,469.5,432.0,1125.5,165.5,492.0,441.0,1177.0,149.5,6
923,Murder/Homicide,San Pedro,Panabo City,27.0,29.0,3.0,18.0,73.0,0.0,1009.0,0,0,1,0,0,0,0,1,0,0,0,0,1,1,0,1,0,1,0,1,0,0,0,0,0,0,0,0,0,0,0,0,0,1,0,0,0,0,0,0,53.358999999999995,7233.290039,385.0,336.5,530.0,1189.5,12.5,155.0,4.0,74.5,1002.5,14.0,158.0,14.0,681.5,54.5,78.0,1.0,1708.0,1799.5,1142.5,283.5,92.0,281.5,166.0,948.0,16.5,118.4,161.0,105.4,117.7,121.4,5.5,0.877,6.199,0,0,0,1,0,0,0,0,0,0,0,1,0,0,1,0,1,0,0,1,931.0,845.0,2230.0,304.0,454.0,418.0,1090.5,159.5,476.5,427.0,1138.5,144.0,2
932,Robbery,New Visayas,Panabo City,25.0,27.0,2.0,60.0,82.0,0.0,1010.0,0,0,0,0,0,0,0,1,0,0,0,0,0,1,0,0,1,1,0,0,0,0,0,0,0,0,0,0,0,0,0,0,0,1,0,0,0,0,0,0,53.51600000000001,7350.580078,1522.0,1329.5,2094.5,4698.5,49.5,611.5,14.0,293.5,3959.0,56.0,625.5,54.5,2693.5,216.0,308.0,6.0,6747.0,7110.0,4515.5,1121.0,363.5,1113.5,657.5,3745.5,66.0,118.4,161.0,105.4,117.7,121.4,5.5,0.877,6.199,0,0,0,0,1,0,0,0,0,0,1,0,0,0,1,0,0,1,0,1,3677.0,3337.5,8807.0,1201.5,1795.5,1651.0,4304.0,632.0,1882.0,1686.5,4502.5,569.5,5
936,Theft,Santo Niño (Pob.),Panabo City,30.0,34.0,3.0,65.0,65.0,0.1,1007.0,0,0,0,0,0,0,0,1,0,0,0,1,0,1,0,1,0,1,0,1,0,0,0,1,1,0,0,0,0,0,0,0,0,0,0,0,1,0,0,0,53.523999999999994,7399.180176000003,398.0,348.0,548.0,1228.5,13.0,160.0,4.0,76.5,1035.5,15.0,163.5,14.0,704.5,56.5,80.5,2.0,1764.5,1859.5,1180.5,293.5,95.0,291.0,172.0,979.5,17.5,118.4,161.0,105.4,117.7,121.4,5.5,0.877,6.199,0,0,0,0,1,0,0,0,0,1,0,0,0,0,1,0,0,1,0,1,962.0,873.0,2302.5,314.5,469.5,432.0,1125.5,165.5,492.0,441.0,1177.0,149.5,6
945,Drug Related Incident (RA 9165),Gredu (Pob.),Panabo City,32.0,36.0,14.0,24.0,52.0,0.0,1006.0,0,0,0,0,0,0,0,1,0,0,0,0,0,0,0,0,0,1,0,0,0,0,0,0,0,0,0,0,0,0,0,0,0,1,0,1,0,0,0,0,53.522,7381.680176000003,1520.0,1328.0,2091.5,4692.0,49.5,610.5,14.0,293.0,3953.5,56.0,624.5,54.5,2689.5,215.5,307.5,6.0,6737.5,7100.0,4509.0,1120.0,362.5,1111.5,656.5,3740.0,66.0,118.4,161.0,105.4,117.7,121.4,5.5,0.877,6.199,0,0,1,0,0,0,0,0,0,0,0,1,0,0,1,0,1,0,0,1,3672.5,3333.5,8795.0,1200.0,1793.0,1649.0,4298.0,631.5,1880.0,1684.5,4496.0,569.0,1
951,Drug Related Incident (RA 9165),Gredu (Pob.),Panabo City,34.0,39.0,10.0,8.0,50.0,0.0,1009.0,0,0,0,0,0,0,0,1,0,0,0,1,0,0,0,0,0,1,0,1,0,1,0,0,0,0,0,0,0,0,0,0,0,1,0,0,1,0,0,0,53.468999999999994,7387.870117,1520.0,1328.0,2091.5,4692.0,49.5,610.5,14.0,293.0,3953.5,56.0,624.5,54.5,2689.5,215.5,307.5,6.0,6737.5,7100.0,4509.0,1120.0,362.5,1111.5,656.5,3740.0,66.0,118.4,161.0,105.4,117.7,121.4,5.5,0.877,6.199,0,0,1,0,0,0,0,0,0,0,1,0,0,0,1,0,1,0,0,1,3672.5,3333.5,8795.0,1200.0,1793.0,1649.0,4298.0,631.5,1880.0,1684.5,4496.0,569.0,1
974,Physical Injuries,Nanyo,Panabo City,28.0,30.0,2.0,20.0,66.0,0.0,1010.0,0,0,0,0,0,0,0,1,0,0,0,0,0,1,1,0,1,1,0,0,0,0,0,0,0,0,0,0,0,0,0,0,0,1,0,1,0,0,0,0,53.493,7514.0,353.0,308.5,486.5,1091.0,11.5,142.0,3.0,68.5,919.0,13.0,145.0,13.0,625.5,50.0,71.5,1.0,1567.0,1651.5,1048.5,260.5,84.5,258.5,152.5,869.5,15.5,118.4,161.0,105.4,117.7,121.4,5.5,0.877,6.199,0,0,0,0,1,0,0,0,0,0,0,0,1,0,1,0,0,1,1,0,854.5,775.0,2045.0,279.0,417.0,383.0,1000.5,146.5,437.0,391.5,1044.5,132.0,3
984,Carnapping (R.A. 6539),Cagangohan,Panabo City,26.0,28.0,2.0,10.0,70.0,0.0,1009.0,0,0,0,0,0,1,0,1,0,0,0,1,0,0,1,0,0,1,0,1,1,0,0,0,0,0,0,0,0,0,0,0,0,0,1,0,1,0,0,0,53.354,7701.379883,1266.0,1106.0,1741.5,3907.5,41.0,508.5,12.0,244.0,3292.0,46.5,520.0,45.5,2240.0,179.0,256.0,5.0,5610.5,5913.0,3755.0,932.5,302.0,926.0,546.5,3114.5,54.5,118.4,161.0,105.4,117.7,121.4,5.5,0.877,6.199,0,0,0,1,0,0,0,0,1,0,0,0,0,0,1,0,0,1,0,1,3058.5,2775.5,7324.0,999.0,1493.0,1373.5,3580.5,525.5,1565.0,1403.0,3744.5,473.5,0
985,Drug Related Incident (RA 9165),San Pedro,Panabo City,31.0,34.0,5.0,14.0,60.0,0.0,1008.0,0,0,0,0,0,1,0,1,0,0,0,0,0,0,1,0,0,1,0,1,0,0,0,0,0,0,0,0,0,0,0,0,0,0,0,0,0,0,0,0,53.354,7701.379883,385.0,336.5,530.0,1189.5,12.5,155.0,4.0,74.5,1002.5,14.0,158.0,14.0,681.5,54.5,78.0,1.0,1708.0,1799.5,1142.5,283.5,92.0,281.5,166.0,948.0,16.5,118.4,161.0,105.4,117.7,121.4,5.5,0.877,6.199,0,1,0,0,0,0,0,0,1,0,0,0,0,0,1,0,0,1,0,1,931.0,845.0,2230.0,304.0,454.0,418.0,1090.5,159.5,476.5,427.0,1138.5,144.0,1
993,Robbery,Santo Niño (Pob.),Panabo City,30.0,33.0,12.0,22.0,63.0,0.0,1008.0,0,0,0,0,0,0,0,1,0,0,0,1,0,1,0,1,0,1,1,1,1,0,0,1,1,0,0,0,0,0,0,0,0,0,0,1,0,0,0,0,53.354,7701.379883,398.0,348.0,548.0,1228.5,13.0,160.0,4.0,76.5,1035.5,15.0,163.5,14.0,704.5,56.5,80.5,2.0,1764.5,1859.5,1180.5,293.5,95.0,291.0,172.0,979.5,17.5,118.4,161.0,105.4,117.7,121.4,5.5,0.877,6.199,0,0,0,0,1,0,0,0,0,1,0,0,0,0,1,0,0,1,0,1,962.0,873.0,2302.5,314.5,469.5,432.0,1125.5,165.5,492.0,441.0,1177.0,149.5,5
1001,Physical Injuries,San Pedro,Panabo City,25.0,28.0,2.0,63.0,78.0,0.1,1010.0,0,0,0,0,0,0,0,1,0,0,0,0,0,0,0,0,0,1,0,0,0,0,0,0,0,0,0,0,0,0,0,0,0,0,0,0,0,0,0,0,53.39,7267.339844,385.0,336.5,530.0,1189.5,12.5,155.0,4.0,74.5,1002.5,14.0,158.0,14.0,681.5,54.5,78.0,1.0,1708.0,1799.5,1142.5,283.5,92.0,281.5,166.0,948.0,16.5,118.4,161.0,105.4,117.7,121.4,5.5,0.877,6.199,1,0,0,0,0,0,0,0,0,0,0,1,0,0,1,0,0,1,0,1,931.0,845.0,2230.0,304.0,454.0,418.0,1090.5,159.5,476.5,427.0,1138.5,144.0,3
1002,Drug Related Incident (RA 9165),A. O. Floirendo,Panabo City,26.0,29.0,10.0,25.0,81.0,1.1,1011.0,0,0,0,0,0,0,0,0,0,0,0,0,0,0,0,0,1,0,0,0,0,0,0,0,0,0,0,0,0,0,0,0,0,0,0,0,0,0,0,0,53.115,7759.549805,445.5,389.0,613.0,1375.5,14.5,179.0,4.0,85.5,1158.5,16.5,183.0,16.0,788.5,63.0,90.5,2.0,1974.5,2081.0,1321.5,328.0,106.0,325.5,192.0,1096.0,19.5,119.8,161.9,105.7,118.3,121.5,6.2,0.8959999999999999,6.2120000000000015,1,0,0,0,0,0,0,0,0,0,1,0,0,0,1,0,0,1,0,1,1075.5,977.0,2577.0,351.0,525.5,483.5,1260.5,184.5,551.0,493.5,1317.5,167.0,1
1004,Theft,Kasilak,Panabo City,31.0,34.0,11.0,6.0,60.0,0.0,1011.0,0,0,0,0,0,0,0,0,0,0,0,0,0,0,0,0,0,0,0,0,0,0,0,0,0,0,0,0,0,0,0,0,0,0,0,0,0,0,0,0,53.16,7838.220215,256.0,223.5,352.0,790.5,8.0,102.5,2.0,49.5,666.0,9.5,105.5,9.0,453.5,36.0,52.0,1.0,1135.0,1196.0,760.0,188.5,61.0,187.5,110.5,630.5,11.0,119.8,161.9,105.7,118.3,121.5,6.2,0.8959999999999999,6.2120000000000015,0,0,0,0,0,1,0,0,0,0,0,0,1,0,1,0,1,0,0,1,618.5,562.0,1481.5,202.5,302.0,277.5,723.5,106.5,316.5,284.0,758.5,96.0,6
1013,Rape (Art. 266-A RC & R.A.8353),Little Panay,Panabo City,26.0,29.0,10.0,25.0,81.0,1.1,1011.0,0,0,0,0,0,0,0,1,0,0,0,0,0,1,1,1,0,0,0,0,0,0,0,0,0,0,0,0,0,0,0,0,0,0,0,0,0,0,0,0,53.115,7759.549805,223.5,195.0,307.5,690.5,7.0,89.5,2.0,43.0,582.0,8.0,91.5,8.0,396.0,32.0,45.0,1.0,991.5,1044.5,663.5,164.5,53.5,163.5,96.5,550.0,9.5,119.8,161.9,105.7,118.3,121.5,6.2,0.8959999999999999,6.2120000000000015,1,0,0,0,0,0,0,0,0,0,1,0,0,0,1,0,0,1,1,0,540.0,490.0,1293.5,176.5,264.0,242.5,632.5,92.0,276.0,247.5,662.0,83.5,4
1023,Robbery,San Francisco (Pob.),Panabo City,26.0,29.0,5.0,12.0,82.0,0.0,1010.0,0,0,0,0,0,0,0,1,0,0,0,0,0,0,0,0,1,1,0,1,0,0,0,0,0,0,0,0,0,0,0,0,0,1,0,1,0,0,0,0,53.26300000000001,7672.0,1178.5,1030.0,1622.5,3639.5,38.5,473.5,11.0,227.5,3066.5,43.5,484.5,42.0,2086.5,167.0,238.5,4.0,5226.0,5507.5,3497.5,868.5,281.0,862.5,509.0,2901.0,50.5,118.4,161.0,105.4,117.7,121.4,5.5,0.877,6.199,0,0,0,1,0,0,0,0,0,0,0,1,0,0,1,0,0,1,0,1,2849.0,2585.5,6821.5,930.5,1390.5,1279.5,3333.5,489.5,1458.0,1306.0,3487.5,441.5,5
1024,Physical Injuries,Santo Niño (Pob.),Panabo City,31.0,35.0,14.0,38.0,60.0,0.0,1007.0,0,0,0,0,0,0,0,1,0,1,0,0,0,0,0,0,0,1,0,1,0,0,0,0,0,0,0,0,0,0,0,0,0,0,0,0,0,0,0,0,53.04,7725.850098000001,398.0,348.0,548.0,1228.5,13.0,160.0,4.0,76.5,1035.5,15.0,163.5,14.0,704.5,56.5,80.5,2.0,1764.5,1859.5,1180.5,293.5,95.0,291.0,172.0,979.5,17.5,119.8,161.9,105.7,118.3,121.5,6.2,0.8959999999999999,6.2120000000000015,0,1,0,0,0,0,0,0,0,0,0,1,0,0,1,0,1,0,0,1,962.0,873.0,2302.5,314.5,469.5,432.0,1125.5,165.5,492.0,441.0,1177.0,149.5,3
1027,Drug Related Incident (RA 9165),Salvacion,Panabo City,28.0,32.0,12.0,43.0,73.0,0.0,1007.0,0,0,0,0,0,0,0,1,0,0,0,0,0,0,0,0,0,1,0,0,0,0,0,0,0,0,0,0,0,0,0,0,0,0,0,0,0,0,0,0,53.04,7725.850098000001,874.5,764.0,1203.5,2700.5,28.5,351.0,8.0,169.0,2275.5,32.0,359.5,31.0,1548.0,124.0,177.0,3.0,3878.0,4086.0,2595.0,644.5,209.0,640.0,378.0,2152.5,38.0,119.8,161.9,105.7,118.3,121.5,6.2,0.8959999999999999,6.2120000000000015,0,0,0,0,1,0,0,0,0,0,0,1,0,0,1,0,0,1,0,1,2114.0,1918.0,5061.5,691.0,1032.0,949.0,2474.5,363.0,1082.0,969.0,2588.0,328.0,1
1028,Drug Related Incident (RA 9165),Santo Niño (Pob.),Panabo City,27.0,30.0,8.0,35.0,81.0,0.0,1009.0,1,0,0,0,0,0,0,1,0,1,0,1,0,0,1,1,0,1,1,1,1,0,0,0,1,0,0,1,1,1,0,0,0,0,1,0,1,0,0,0,53.04,7725.850098000001,398.0,348.0,548.0,1228.5,13.0,160.0,4.0,76.5,1035.5,15.0,163.5,14.0,704.5,56.5,80.5,2.0,1764.5,1859.5,1180.5,293.5,95.0,291.0,172.0,979.5,17.5,119.8,161.9,105.7,118.3,121.5,6.2,0.8959999999999999,6.2120000000000015,0,0,0,0,1,0,0,0,0,0,0,1,0,0,1,0,0,1,0,1,962.0,873.0,2302.5,314.5,469.5,432.0,1125.5,165.5,492.0,441.0,1177.0,149.5,1
1050,Robbery,Santo Niño (Pob.),Panabo City,27.0,29.0,1.0,14.0,76.0,0.0,1011.0,1,0,0,0,0,0,0,1,0,1,0,1,0,0,1,1,0,1,1,1,1,0,0,1,1,0,0,1,1,1,0,0,0,0,1,0,0,0,0,0,53.451,7540.919922,398.0,348.0,548.0,1228.5,13.0,160.0,4.0,76.5,1035.5,15.0,163.5,14.0,704.5,56.5,80.5,2.0,1764.5,1859.5,1180.5,293.5,95.0,291.0,172.0,979.5,17.5,119.8,161.9,105.7,118.3,121.5,6.2,0.8959999999999999,6.2120000000000015,1,0,0,0,0,0,0,0,0,0,0,0,1,0,1,0,0,1,0,1,962.0,873.0,2302.5,314.5,469.5,432.0,1125.5,165.5,492.0,441.0,1177.0,149.5,5
1054,Murder/Homicide,Cagangohan,Panabo City,31.0,34.0,3.0,32.0,59.0,0.0,1009.0,0,0,0,0,0,0,0,1,0,0,0,0,0,0,0,1,0,1,0,1,0,0,1,0,0,0,0,0,0,0,0,0,0,0,0,0,1,0,0,0,53.498999999999995,7517.359863,1266.0,1106.0,1741.5,3907.5,41.0,508.5,12.0,244.0,3292.0,46.5,520.0,45.5,2240.0,179.0,256.0,5.0,5610.5,5913.0,3755.0,932.5,302.0,926.0,546.5,3114.5,54.5,119.8,161.9,105.7,118.3,121.5,6.2,0.8959999999999999,6.2120000000000015,0,0,0,0,0,1,0,0,0,0,1,0,0,0,1,0,1,0,0,1,3058.5,2775.5,7324.0,999.0,1493.0,1373.5,3580.5,525.5,1565.0,1403.0,3744.5,473.5,2
1056,Drug Related Incident (RA 9165),J.P. Laurel,Panabo City,27.0,29.0,3.0,47.0,75.0,0.0,1008.0,0,0,0,0,0,1,0,1,0,0,0,0,0,0,1,1,0,1,0,0,0,0,1,0,0,0,0,0,0,0,0,0,0,0,0,0,0,0,0,0,53.498999999999995,7517.359863,602.5,527.0,829.5,1861.0,20.0,242.0,6.0,116.5,1568.0,22.0,247.5,21.5,1067.0,85.5,122.0,2.0,2672.0,2816.0,1788.5,444.5,144.0,441.0,260.5,1483.0,26.0,119.8,161.9,105.7,118.3,121.5,6.2,0.8959999999999999,6.2120000000000015,0,0,0,0,1,0,0,0,0,0,1,0,0,0,1,0,0,1,0,1,1456.5,1322.0,3487.5,475.5,711.0,654.0,1703.5,250.0,745.5,668.0,1783.0,225.5,1
1066,Drug Related Incident (RA 9165),Consolacion,Panabo City,33.0,37.0,13.0,14.0,53.0,0.0,1010.0,0,0,0,0,0,0,0,0,0,0,0,0,0,0,0,0,0,0,0,0,0,0,0,0,0,0,0,0,0,0,0,0,0,0,0,0,0,0,0,0,53.44300000000001,7583.52002,160.5,140.0,221.0,495.5,5.0,64.5,1.5,31.0,417.5,6.0,66.0,6.0,284.5,23.0,32.5,1.0,711.5,750.0,476.0,118.0,38.0,117.5,69.5,395.0,7.0,119.8,161.9,105.7,118.3,121.5,6.2,0.8959999999999999,6.2120000000000015,0,0,1,0,0,0,0,0,0,1,0,0,0,0,1,0,1,0,1,0,388.0,351.5,927.5,127.5,189.0,175.0,453.5,67.0,198.0,178.0,474.5,60.0,1
1067,Drug Related Incident (RA 9165),Consolacion,Panabo City,32.0,37.0,13.0,36.0,55.0,0.0,1009.0,0,0,0,0,0,0,0,0,0,0,0,0,0,0,0,0,0,0,0,0,0,0,0,0,0,0,0,0,0,0,0,0,0,0,0,0,0,0,0,0,53.44300000000001,7583.52002,160.5,140.0,221.0,495.5,5.0,64.5,1.5,31.0,417.5,6.0,66.0,6.0,284.5,23.0,32.5,1.0,711.5,750.0,476.0,118.0,38.0,117.5,69.5,395.0,7.0,119.8,161.9,105.7,118.3,121.5,6.2,0.8959999999999999,6.2120000000000015,0,1,0,0,0,0,0,0,0,1,0,0,0,0,1,0,1,0,1,0,388.0,351.5,927.5,127.5,189.0,175.0,453.5,67.0,198.0,178.0,474.5,60.0,1
1071,Murder/Homicide,Salvacion,Panabo City,27.0,30.0,4.0,12.0,77.0,0.0,1010.0,0,0,0,0,0,0,0,1,0,0,0,1,0,0,1,0,0,1,0,1,1,0,0,0,0,0,0,0,0,0,0,0,0,1,1,0,0,0,0,0,53.413999999999994,7500.529785,874.5,764.0,1203.5,2700.5,28.5,351.0,8.0,169.0,2275.5,32.0,359.5,31.0,1548.0,124.0,177.0,3.0,3878.0,4086.0,2595.0,644.5,209.0,640.0,378.0,2152.5,38.0,119.8,161.9,105.7,118.3,121.5,6.2,0.8959999999999999,6.2120000000000015,0,0,0,1,0,0,0,0,0,0,0,1,0,0,1,0,1,0,0,1,2114.0,1918.0,5061.5,691.0,1032.0,949.0,2474.5,363.0,1082.0,969.0,2588.0,328.0,2
1087,Rape (Art. 266-A RC & R.A.8353),New Malaga (Dalisay),Panabo City,30.0,33.0,5.0,68.0,63.0,0.3,1007.0,1,1,0,1,0,1,0,1,1,1,0,1,0,1,1,1,1,1,0,1,0,0,0,0,1,0,0,0,0,0,0,0,0,0,1,0,1,1,0,0,53.44300000000001,7583.52002,169.0,147.0,232.0,520.5,5.5,67.5,2.0,32.5,438.5,6.0,69.5,6.0,298.5,24.0,34.0,1.0,747.5,788.0,500.0,124.5,40.0,123.0,72.5,415.0,7.0,119.8,161.9,105.7,118.3,121.5,6.2,0.8959999999999999,6.2120000000000015,0,0,0,0,1,0,1,0,0,0,0,0,0,0,1,0,0,1,1,0,407.0,370.0,974.5,132.0,199.0,183.0,477.0,70.5,208.0,187.0,499.5,63.0,4
1088,Theft,Santo Niño (Pob.),Panabo City,32.0,36.0,2.0,12.0,53.0,0.0,1011.0,1,0,0,0,0,0,0,1,1,1,0,1,0,1,1,1,0,1,1,1,1,0,0,1,1,1,0,1,1,1,0,0,0,0,1,0,1,0,0,0,53.451,7540.919922,398.0,348.0,548.0,1228.5,13.0,160.0,4.0,76.5,1035.5,15.0,163.5,14.0,704.5,56.5,80.5,2.0,1764.5,1859.5,1180.5,293.5,95.0,291.0,172.0,979.5,17.5,119.8,161.9,105.7,118.3,121.5,6.2,0.8959999999999999,6.2120000000000015,0,0,0,0,0,1,0,0,0,0,0,0,1,0,1,0,1,0,0,1,962.0,873.0,2302.5,314.5,469.5,432.0,1125.5,165.5,492.0,441.0,1177.0,149.5,6
1090,Murder/Homicide,San Francisco (Pob.),Panabo City,26.0,29.0,9.0,41.0,83.0,0.7,1011.0,0,0,0,0,0,0,0,1,0,0,0,0,0,1,0,1,0,1,0,0,0,0,0,0,0,0,0,0,0,0,0,0,0,1,0,0,0,0,0,0,53.395,7804.029785,1178.5,1030.0,1622.5,3639.5,38.5,473.5,11.0,227.5,3066.5,43.5,484.5,42.0,2086.5,167.0,238.5,4.0,5226.0,5507.5,3497.5,868.5,281.0,862.5,509.0,2901.0,50.5,119.8,161.9,105.7,118.3,121.5,6.2,0.8959999999999999,6.2120000000000015,0,0,0,0,1,0,0,0,0,0,1,0,0,0,1,0,0,1,0,1,2849.0,2585.5,6821.5,930.5,1390.5,1279.5,3333.5,489.5,1458.0,1306.0,3487.5,441.5,2
