,city,barangay,placetype,land area sq km,"Education,Baccalauate graduate","Education,College undergraduate","Education,Elementary","Education,High school","Education,No grade completed","Education,Not started","Education,Out of school youth","Education,Out of school youth,female","Education,Out of school youth,male","Education,Post baccalaureate","Education,Postsecondary","Education,Preschool","Education,Special education","Household,number of households","Household,total annual household expenditure","Household,total annual household income","Housing,dwelling tenure status,Own house rent lot","Housing,dwelling tenure status,Own house rent,free lot with consent of owner","Housing,dwelling tenure status,Own house rent,free lot without consent of owner","Housing,dwelling tenure status,Own or owner,like possession of house and lot","Housing,dwelling tenure status,Rent house/ room including lot","Housing,dwelling tenure status,Rent,free house and lot with consent of owner","Housing,dwelling tenure status,Rent,free house and lot without consent of owner","Housing,occupied housing,Commercial/industrial/agricultural,household","Housing,occupied housing,Commercial/industrial/agricultural,population","Housing,occupied housing,Duplex,household","Housing,occupied housing,Duplex,population","Housing,occupied housing,Institutional living quarter,household","Housing,occupied housing,Institutional living quarter,population","Housing,occupied housing,Multiunit residential,household","Housing,occupied housing,Multiunit residential,population","Housing,occupied housing,Not Reported,household","Housing,occupied housing,Not Reported,population","Housing,occupied housing,Others,household","Housing,occupied housing,Others,population","Housing,occupied housing,Single house,household","Housing,occupied housing,Single house,population","Labor,Employed","Labor,Employed,female","Labor,Employed,male","Labor,In the Labor Force","Labor,In the Labor Force,female","Labor,In the Labor Force,male","Labor,Not in the Labor Force","Labor,Not in the Labor Force,female","Labor,Not in the Labor Force,male","Labor,Underemployed","Labor,Unemployed","Labor,Unemployed,female","Labor,Unemployed,male","Marital Status,Common law/livein","Marital Status,Common law/livein,female","Marital Status,Common law/livein,male","Marital Status,Divorced/Separated","Marital Status,Divorced/Separated,female","Marital Status,Divorced/Separated,male","Marital Status,Married","Marital Status,Married,female","Marital Status,Married,male","Marital Status,Single","Marital Status,Single,female","Marital Status,Single,male","Marital Status,Unknown","Marital Status,Unknown,female","Marital Status,Unknown,male","Marital Status,Widowed","Marital Status,Widowed,female","Marital Status,Widowed,male",Population,"Population,00-01","Population,01-04","Population,05-09","Population,10-14","Population,15-19","Population,20-24","Population,25-29","Population,30-34","Population,35-39","Population,40-44","Population,45-49","Population,50-54","Population,55-59","Population,60-64","Population,65-69","Population,70-74","Population,75-79","Population,80 years and over ","Population,female","Population,female,00-01","Population,female,01-04","Population,female,05-09","Population,female,10-14","Population,female,15-19","Population,female,20-24","Population,female,25-29","Population,female,30-34","Population,female,35-39","Population,female,40-44","Population,female,45-49","Population,female,50-54","Population,female,55-59","Population,female,60-64","Population,female,65-69","Population,female,70-74","Population,female,75-79","Population,female,80 years and over ","Population,male","Population,male,00-01","Population,male,01-04","Population,male,05-09","Population,male,10-14","Population,male,15-19","Population,male,20-24","Population,male,25-29","Population,male,30-34","Population,male,35-39","Population,male,40-44","Population,male,45-49","Population,male,50-54","Population,male,55-59","Population,male,60-64","Population,male,65-69","Population,male,70-74","Population,male,75-79","Population,male,80 years and over ","Poverty,poverty incidence by employed","Poverty,poverty incidence by household","Poverty,poverty incidence by population","Poverty,poverty incidence by unemployed"
0,Panabo City,A. O. Floirendo,urban,6.6,445.5,389.0,613.0,1375.5,14.5,1.0,179.0,114.5,65.5,4.0,85.5,0.0,1.0,1158.5,220134814.0,286175258.0,16.5,183.0,16.0,788.5,63.0,90.5,2.0,1.0,3.0,82.5,333.5,0.0,0.0,89.5,347.0,1.0,3.0,0.0,0.0,984.5,4296.5,1974.5,692.0,1282.0,2081.0,732.0,1349.0,1321.5,922.5,398.5,328.0,106.0,40.0,66.0,428.5,213.5,215.0,54.5,33.0,21.5,1630.0,816.5,813.5,1629.0,741.0,888.0,0.0,0.0,0.0,163.5,124.0,39.5,4982.0,108.5,435.5,531.5,503.5,473.5,455.5,441.5,391.0,341.0,285.5,254.5,216.0,192.0,151.0,88.5,51.5,33.0,27.0,2453.5,52.5,215.5,257.5,247.5,236.0,225.0,216.0,188.0,163.0,139.0,125.0,108.0,96.5,77.5,44.0,28.0,18.5,16.5,2528.5,56.0,220.5,274.5,256.5,237.0,230.0,226.0,204.0,178.0,146.0,129.5,108.5,95.5,73.5,45.0,23.5,14.0,11.0,325.5,192.0,1096.0,19.5
1,Panabo City,Datu Abdul Dadia,urban,7.88,532.0,465.0,732.0,1643.0,17.0,1.0,214.0,136.5,77.5,5.0,102.5,0.0,1.0,1384.5,263044756.0,341958182.5,20.0,219.0,19.0,942.0,75.5,107.5,2.0,1.0,3.0,99.5,398.5,0.0,0.0,107.0,414.0,1.0,3.0,0.0,0.0,1176.5,5134.0,2359.5,827.0,1532.5,2486.5,875.0,1611.5,1579.0,1102.5,476.0,392.0,127.0,48.0,79.0,512.0,255.0,256.5,65.0,39.0,26.0,1947.5,975.5,972.5,1946.5,885.5,1061.5,0.0,0.0,0.0,195.0,148.0,47.0,5953.5,130.0,521.0,635.5,601.5,565.5,544.0,528.0,467.5,408.0,341.0,304.0,258.5,229.0,180.0,106.5,61.5,39.0,32.5,2932.0,63.0,257.5,307.5,295.5,282.5,269.5,257.5,224.0,195.0,166.0,149.0,129.0,114.5,92.5,52.5,33.5,22.0,20.0,3021.5,67.0,263.5,327.5,306.5,283.5,275.5,270.0,243.5,213.0,175.0,155.0,129.5,114.5,87.5,53.5,28.0,17.0,13.0,389.0,230.0,1310.0,23.0
2,Panabo City,Buenavista,rural,1.09,73.5,64.5,101.5,227.0,2.0,0.0,29.5,19.0,11.0,1.0,14.0,0.0,0.0,191.0,36325877.0,47223640.0,3.0,30.0,3.0,130.0,10.0,15.0,0.0,0.0,0.0,14.0,55.0,0.0,0.0,15.0,57.5,0.0,0.0,0.0,0.0,162.5,709.0,325.5,114.5,212.0,343.0,120.5,222.5,218.0,152.5,65.5,54.0,17.5,7.0,10.5,70.5,35.0,35.5,9.0,5.0,4.0,269.0,134.5,134.5,268.5,122.5,146.5,0.0,0.0,0.0,27.0,20.5,6.5,822.5,18.0,72.0,87.5,83.5,78.5,75.5,73.0,64.5,56.5,47.0,42.0,35.5,31.5,25.0,15.0,8.5,5.0,4.5,405.0,9.0,35.5,42.5,41.0,39.0,37.0,35.5,31.0,27.0,23.0,20.5,18.0,16.0,13.0,7.0,5.0,3.0,3.0,417.5,9.0,36.5,45.0,42.5,39.0,38.0,37.0,33.5,29.5,24.0,21.0,18.0,16.0,12.0,7.0,4.0,2.0,2.0,54.0,32.0,181.0,3.0
3,Panabo City,Cacao,rural,1.63,109.5,96.0,151.0,339.0,4.0,0.0,44.0,28.0,16.0,1.0,21.0,0.0,0.0,285.5,54307186.0,70599341.5,4.0,45.0,4.0,194.5,15.5,22.0,0.0,0.0,1.0,20.5,82.5,0.0,0.0,22.0,85.5,0.0,1.0,0.0,0.0,243.0,1060.0,487.0,170.5,316.5,513.5,180.5,333.0,326.0,227.5,98.5,81.0,26.0,10.0,16.5,105.5,52.5,53.0,13.5,8.0,5.0,402.0,201.0,201.0,402.0,183.0,219.0,0.0,0.0,0.0,40.5,30.5,10.0,1229.0,27.0,107.5,131.0,124.5,116.5,112.5,109.0,96.5,84.5,70.5,62.5,53.5,47.5,37.0,22.0,13.0,8.0,7.0,605.5,13.0,53.0,63.5,61.0,58.5,55.5,53.5,46.5,40.0,34.5,31.0,26.5,24.0,19.0,11.0,7.0,5.0,4.0,623.5,14.0,54.5,67.5,63.5,58.5,56.5,55.5,50.5,44.0,36.0,32.0,27.0,23.5,18.0,11.0,6.0,4.0,3.0,80.5,47.5,270.5,5.0
4,Panabo City,Cagangohan,urban,18.74,1266.0,1106.0,1741.5,3907.5,41.0,2.0,508.5,324.5,185.0,12.0,244.0,1.0,2.0,3292.0,625531600.5,813191080.5,46.5,520.0,45.5,2240.0,179.0,256.0,5.0,2.0,7.0,235.5,948.0,0.0,0.0,254.5,985.0,2.0,8.0,0.0,1.0,2798.5,12208.0,5610.5,1966.5,3644.0,5913.0,2080.5,3832.0,3755.0,2622.5,1133.0,932.5,302.0,114.0,188.0,1217.0,606.5,610.5,155.0,93.5,61.5,4632.0,2319.5,2312.5,4629.5,2105.5,2524.0,1.0,1.0,0.0,464.5,352.5,112.0,14157.0,309.5,1238.5,1510.5,1431.0,1344.5,1294.0,1255.0,1112.0,969.5,811.0,723.0,614.5,545.0,428.5,252.5,147.0,93.5,77.5,6971.0,150.0,612.0,731.0,702.5,671.0,639.5,613.5,533.0,463.5,395.5,355.0,307.0,273.5,221.0,125.5,79.5,52.5,47.0,7185.5,159.5,626.5,779.0,729.0,674.0,654.0,642.5,579.0,506.5,415.5,368.0,307.5,271.5,208.0,127.5,67.0,40.5,30.5,926.0,546.5,3114.5,54.5
5,Panabo City,Consolacion,rural,2.38,160.5,140.0,221.0,495.5,5.0,0.0,64.5,41.0,23.5,1.5,31.0,0.0,0.0,417.5,79326634.0,103124623.5,6.0,66.0,6.0,284.5,23.0,32.5,1.0,0.0,1.0,30.0,120.5,0.0,0.0,32.0,125.0,0.0,1.0,0.0,0.0,355.0,1548.5,711.5,249.5,462.0,750.0,264.0,486.0,476.0,332.5,143.5,118.0,38.0,14.0,24.0,154.0,77.0,77.5,20.0,12.0,8.0,587.5,294.5,293.5,587.0,267.0,320.0,0.0,0.0,0.0,59.0,44.5,14.0,1795.5,39.0,157.0,192.0,181.0,170.5,164.0,159.0,141.0,123.0,102.5,91.5,77.5,69.0,54.5,32.0,19.0,12.0,10.0,884.0,19.0,77.5,92.5,89.5,85.5,81.5,77.5,67.5,58.5,50.0,45.0,39.0,34.5,28.0,16.0,10.0,7.0,6.0,911.0,20.0,79.5,98.5,92.5,85.5,82.5,81.5,73.5,64.5,52.5,46.5,39.0,34.5,26.5,16.0,8.5,5.0,4.0,117.5,69.5,395.0,7.0
6,Panabo City,Dapco,rural,5.53,374.0,326.5,514.5,1154.0,12.0,1.0,150.0,95.5,54.5,3.5,72.0,0.0,1.0,972.0,184717084.0,240132209.5,14.0,153.5,13.0,661.5,53.0,75.5,1.0,1.0,2.0,69.5,279.5,0.0,0.0,75.5,290.5,1.0,2.0,0.0,0.0,826.5,3605.0,1657.0,581.0,1076.0,1746.0,614.0,1131.5,1109.0,774.0,334.5,275.5,89.5,34.0,55.5,359.0,179.0,180.0,45.5,27.5,18.0,1367.5,685.0,682.5,1367.5,621.5,745.0,0.0,0.0,0.0,137.0,104.5,33.0,4180.5,91.5,366.0,446.0,422.5,397.0,382.0,371.0,328.0,286.5,239.5,213.5,181.0,161.0,126.5,74.5,43.5,27.5,23.0,2058.5,44.0,181.0,216.0,207.5,198.0,189.0,181.0,157.5,136.5,116.5,104.5,90.5,80.5,65.5,37.0,23.5,15.5,14.0,2121.5,47.0,185.0,230.0,215.0,199.0,193.0,190.0,171.0,149.5,122.5,108.5,90.5,80.5,61.5,37.5,20.0,12.0,9.0,273.5,161.5,920.0,16.5
7,Panabo City,Gredu (Pob.),urban,22.51,1520.0,1328.0,2091.5,4692.0,49.5,3.0,610.5,390.0,222.5,14.0,293.0,1.0,3.0,3953.5,751173726.5,976525845.0,56.0,624.5,54.5,2689.5,215.5,307.5,6.0,2.0,9.0,282.5,1138.0,0.0,0.0,305.5,1182.5,2.0,9.0,0.0,1.0,3360.5,14660.0,6737.5,2361.5,4376.0,7100.0,2498.5,4601.5,4509.0,3149.0,1360.5,1120.0,362.5,137.0,225.5,1461.0,728.0,733.0,186.0,112.0,73.5,5562.0,2785.5,2776.5,5559.5,2528.5,3030.5,1.0,1.0,1.0,558.0,423.5,134.5,17000.5,371.5,1487.0,1814.0,1718.5,1615.0,1553.5,1507.5,1335.0,1164.5,974.0,868.0,738.0,654.5,515.0,303.5,176.0,112.0,93.5,8371.5,180.0,735.0,878.0,843.5,805.5,768.5,736.0,640.5,556.0,475.0,426.0,368.0,328.0,265.5,150.5,95.5,63.5,56.5,8629.0,192.0,752.0,936.0,875.0,809.5,785.5,771.0,695.0,608.5,499.0,441.5,369.0,326.5,249.5,153.0,80.5,49.0,37.0,1111.5,656.5,3740.0,66.0
8,Panabo City,J.P. Laurel,urban,8.93,602.5,527.0,829.5,1861.0,20.0,1.0,242.0,154.5,88.5,6.0,116.5,0.0,1.0,1568.0,297917598.0,387292877.0,22.0,247.5,21.5,1067.0,85.5,122.0,2.0,1.0,3.0,112.5,451.5,0.0,0.0,121.0,469.5,1.0,4.0,0.0,0.0,1332.5,5814.5,2672.0,936.5,1736.0,2816.0,991.0,1825.0,1788.5,1249.0,539.5,444.5,144.0,54.0,89.5,579.5,288.5,290.5,73.5,44.5,29.0,2206.0,1105.0,1101.0,2205.0,1002.5,1202.5,1.0,0.0,0.0,221.0,168.0,53.5,6742.5,147.5,590.0,719.0,681.5,640.5,616.5,598.0,529.5,461.5,386.0,344.0,292.5,259.5,204.0,120.5,69.5,44.5,37.0,3320.0,71.5,291.5,348.0,334.5,319.5,304.5,292.0,253.5,220.5,188.0,169.0,146.0,130.0,105.5,59.5,38.0,25.0,22.0,3422.5,76.0,298.5,371.0,347.0,321.0,311.5,305.5,275.5,241.5,198.0,175.0,146.5,129.5,99.5,60.5,32.0,19.0,14.5,441.0,260.5,1483.0,26.0
9,Panabo City,Kasilak,urban,3.79,256.0,223.5,352.0,790.5,8.0,0.0,102.5,65.5,37.5,2.0,49.5,0.0,0.0,666.0,126550273.5,164515356.0,9.5,105.5,9.0,453.5,36.0,52.0,1.0,0.0,1.0,47.5,192.0,0.0,0.0,51.5,199.0,0.0,2.0,0.0,0.0,566.0,2469.5,1135.0,398.0,737.0,1196.0,421.0,775.0,760.0,530.5,229.0,188.5,61.0,23.0,38.0,246.5,122.5,123.5,31.0,19.0,12.0,937.0,469.5,467.5,936.5,426.0,510.5,0.0,0.0,0.0,93.5,71.5,23.0,2864.0,62.5,250.5,305.5,289.5,272.5,261.5,254.0,225.0,196.0,164.0,146.0,124.5,110.5,86.5,51.0,30.0,19.0,16.0,1410.5,30.0,124.0,148.0,142.0,135.5,129.5,124.0,107.5,93.5,80.0,71.5,62.0,55.5,44.5,25.5,16.0,11.0,9.5,1454.0,32.0,126.5,158.0,147.5,136.5,132.5,130.0,117.0,102.5,84.5,74.5,62.5,55.0,42.0,26.0,14.0,8.0,6.0,187.5,110.5,630.5,11.0
10,Panabo City,Katipunan,rural,2.5,169.0,147.5,232.0,521.0,5.5,0.0,67.5,43.0,25.0,2.0,32.5,0.0,0.0,438.5,83367887.5,108378253.5,6.0,69.5,6.0,298.5,24.0,34.0,1.0,0.0,1.0,31.5,126.5,0.0,0.0,34.0,131.5,0.0,1.0,0.0,0.0,373.0,1627.0,748.0,262.0,485.5,788.0,277.5,510.5,500.0,349.5,151.0,124.5,40.0,15.0,25.0,162.0,80.5,81.5,21.0,12.5,8.0,617.5,309.0,308.0,617.0,280.5,336.5,0.0,0.0,0.0,62.0,47.0,15.0,1886.5,41.0,165.0,201.0,191.0,179.0,172.5,167.0,148.0,129.5,108.5,96.5,81.5,72.5,57.0,34.0,19.5,12.5,10.0,929.0,20.0,81.5,97.5,93.5,89.5,85.5,81.5,71.0,61.5,52.5,47.5,41.0,36.5,29.5,17.0,11.0,7.0,6.0,957.5,21.0,83.5,103.5,97.5,89.5,87.5,85.5,77.5,67.5,55.5,49.0,41.0,36.0,28.0,17.0,9.0,5.0,4.0,123.5,72.5,415.0,7.0
11,Panabo City,Katualan,rural,1.01,68.5,59.5,94.5,211.0,2.0,0.0,27.5,17.5,10.0,1.0,13.0,0.0,0.0,178.0,33783065.5,43917985.5,3.0,28.0,2.0,121.0,10.0,14.0,0.0,0.0,0.0,13.0,51.0,0.0,0.0,14.0,53.0,0.0,0.0,0.0,0.0,151.0,659.5,303.0,106.0,197.0,319.5,112.5,207.0,202.5,141.5,61.0,50.5,16.5,6.0,10.5,65.5,33.0,33.0,8.0,5.0,3.0,250.5,125.5,125.0,250.0,113.5,136.5,0.0,0.0,0.0,25.0,19.0,6.0,764.5,17.0,67.0,81.5,77.5,72.5,69.5,67.5,60.0,52.5,44.0,39.0,33.0,29.5,23.0,14.0,8.0,5.0,4.0,376.5,8.0,33.0,39.5,38.0,36.0,34.5,33.0,29.0,25.0,21.0,19.0,16.5,15.0,12.0,7.0,4.0,3.0,3.0,388.0,9.0,34.0,42.0,39.5,36.5,35.5,34.5,31.0,27.5,22.5,20.0,17.0,15.0,11.0,7.0,4.0,2.0,2.0,50.0,29.5,168.0,3.0
12,Panabo City,Kauswagan,rural,1.93,130.5,114.0,179.0,402.5,4.0,0.0,52.5,33.5,19.0,1.0,25.0,0.0,0.0,339.0,64433024.5,83762931.5,5.0,53.5,5.0,230.5,18.5,26.5,0.0,0.0,1.0,24.0,97.5,0.0,0.0,26.0,101.5,0.0,1.0,0.0,0.0,288.5,1257.5,578.0,202.5,375.0,609.0,214.0,395.0,387.0,270.0,116.5,96.0,31.0,12.0,19.0,125.5,62.5,63.0,16.0,10.0,6.0,477.0,239.0,238.0,476.5,217.0,260.0,0.0,0.0,0.0,48.0,36.5,11.5,1458.0,32.0,127.5,155.5,147.5,138.5,133.5,129.5,114.5,99.5,83.5,74.5,63.5,56.0,44.0,26.0,15.0,10.0,8.0,718.0,15.5,63.0,75.5,72.5,69.0,66.0,63.5,55.0,47.5,41.0,36.5,31.5,28.0,23.0,13.0,8.0,5.0,5.0,740.0,16.5,64.5,80.5,75.0,69.5,67.5,66.0,59.5,52.0,43.0,38.0,32.0,28.0,21.5,13.0,7.0,4.0,3.0,95.5,56.5,321.0,5.5
13,Panabo City,Kiotoy,rural,2.04,138.0,120.5,190.0,425.5,4.5,0.0,55.5,35.5,20.0,1.0,26.5,0.0,0.0,359.0,68156426.5,88603354.5,5.0,56.5,5.0,244.0,19.5,28.0,1.0,0.0,1.0,26.0,103.5,0.0,0.0,28.0,107.5,0.0,1.0,0.0,0.0,305.0,1330.0,611.0,214.5,397.0,644.0,226.5,417.5,409.0,285.5,123.5,101.5,33.0,12.0,20.5,132.5,66.0,66.5,17.0,10.0,7.0,504.5,252.5,252.0,504.5,229.5,275.5,0.0,0.0,0.0,50.5,38.5,12.0,1542.5,34.0,135.0,164.5,156.0,146.5,141.0,137.0,121.0,105.5,88.5,78.5,67.0,59.5,46.5,27.5,16.0,10.0,8.0,759.5,16.0,66.5,79.5,76.5,73.0,69.5,66.5,58.0,50.5,43.0,38.5,33.5,30.0,24.0,14.0,9.0,6.0,5.0,783.0,17.0,68.5,84.5,79.5,73.5,71.5,70.0,63.0,55.0,45.5,40.0,33.5,29.5,23.0,14.0,7.0,4.0,3.0,101.0,59.5,339.0,6.0
14,Panabo City,Little Panay,rural,3.31,223.5,195.0,307.5,690.5,7.0,0.0,89.5,57.5,33.0,2.0,43.0,0.0,0.0,582.0,110521480.5,143677925.0,8.0,91.5,8.0,396.0,32.0,45.0,1.0,0.0,1.0,41.5,167.5,0.0,0.0,45.0,174.0,0.0,1.0,0.0,0.0,494.5,2157.0,991.5,347.5,643.5,1044.5,367.5,677.0,663.5,463.5,200.0,164.5,53.5,20.0,33.5,215.0,107.5,107.5,27.0,16.5,11.0,818.5,410.0,408.5,817.5,372.0,446.0,0.0,0.0,0.0,82.5,62.5,20.0,2501.5,54.5,219.0,266.5,252.5,237.5,228.5,222.0,196.0,171.0,143.5,127.5,108.5,96.5,75.5,44.5,26.0,16.5,14.0,1231.5,26.5,108.5,129.0,124.0,118.5,113.0,108.5,94.5,81.5,69.5,62.5,54.5,48.5,39.0,22.0,14.0,9.0,8.0,1269.5,28.0,110.5,137.5,128.5,119.0,115.5,113.5,102.5,89.5,73.5,65.0,54.5,48.0,37.0,22.5,12.0,7.0,5.0,163.5,96.5,550.0,9.5
15,Panabo City,Lower Panaga (Roxas),rural,2.07,140.0,122.5,192.0,431.5,5.0,0.0,56.0,36.0,20.5,1.0,27.0,0.0,0.0,364.0,69109980.5,89842975.0,5.0,57.5,5.0,247.5,20.0,28.0,1.0,0.0,1.0,26.0,104.5,0.0,0.0,28.0,108.5,0.0,1.0,0.0,0.0,309.0,1348.5,620.0,217.5,402.5,653.0,229.5,423.5,415.0,289.5,125.5,103.0,33.0,13.0,21.0,134.5,67.0,67.5,17.0,10.0,7.0,512.0,256.5,255.5,511.5,232.5,278.5,0.0,0.0,0.0,51.5,39.0,12.0,1564.5,34.0,137.0,167.0,158.0,148.5,143.0,138.5,122.5,107.5,89.5,79.5,68.0,60.5,47.5,28.0,16.0,10.0,9.0,770.0,16.5,67.5,80.5,77.5,74.5,70.5,67.5,59.0,51.0,43.5,39.0,34.0,30.0,24.5,14.0,9.0,6.0,5.0,794.0,18.0,69.5,86.5,80.5,74.5,72.5,71.0,64.0,56.0,46.0,40.5,34.0,30.0,23.0,14.0,7.0,4.5,3.0,102.5,60.5,344.0,6.0
16,Panabo City,Mabunao,rural,2.6,176.0,153.5,241.5,542.0,6.0,0.0,70.5,45.0,26.0,2.0,34.0,0.0,0.0,456.5,86818846.0,112864499.5,6.5,72.5,6.0,311.0,25.0,35.5,1.0,0.0,1.0,33.0,131.5,0.0,0.0,35.0,136.5,0.0,1.0,0.0,0.0,388.0,1694.5,779.0,273.0,506.0,820.5,288.5,532.0,521.0,364.0,157.5,129.5,42.0,16.0,26.0,169.0,84.5,84.5,21.5,13.0,8.5,642.5,322.0,321.0,642.5,292.5,350.0,0.0,0.0,0.0,64.5,49.0,15.5,1965.0,43.0,172.0,209.5,199.0,187.0,180.0,174.0,154.0,134.5,112.5,100.5,85.5,75.5,59.5,35.0,20.0,13.0,11.0,967.5,21.0,84.5,101.5,97.5,93.5,88.5,85.5,74.0,64.5,55.0,49.5,42.5,38.0,30.5,17.0,11.0,7.0,6.5,997.5,22.0,86.5,108.5,101.5,93.5,90.5,89.5,80.5,70.5,57.5,51.0,42.5,38.0,29.0,18.0,9.0,6.0,4.0,128.5,75.5,432.5,7.5
17,Panabo City,Maduao,rural,4.24,286.5,250.0,394.0,883.0,9.0,1.0,115.0,73.5,42.0,3.0,55.0,0.0,1.0,744.0,141398476.0,183818018.5,11.0,117.5,10.0,506.5,40.5,58.0,1.0,0.0,2.0,53.5,214.0,0.0,0.0,57.5,222.5,0.0,2.0,0.0,0.0,632.5,2760.0,1268.0,444.5,824.0,1336.5,470.0,866.0,849.0,592.5,256.0,211.0,68.0,26.0,42.0,275.5,137.0,138.0,35.0,21.0,14.0,1047.0,524.0,522.5,1046.5,476.0,570.5,0.0,0.0,0.0,105.0,79.5,25.0,3200.5,70.0,279.5,341.5,323.5,304.0,292.5,283.5,251.5,219.0,183.0,163.0,139.0,123.0,96.5,57.0,33.0,21.0,17.5,1575.5,34.0,138.5,165.0,159.0,151.5,144.5,138.5,120.5,104.5,89.5,80.5,69.5,61.5,50.0,28.0,18.0,12.0,11.0,1624.0,36.0,141.5,176.0,165.0,152.0,148.0,145.0,131.0,114.5,93.5,83.5,69.5,61.5,47.0,29.0,15.0,9.0,7.0,209.0,123.5,704.0,12.5
18,Panabo City,Malativas,rural,3.27,220.5,193.0,303.5,681.0,7.0,0.0,88.5,56.5,32.0,2.0,42.5,0.0,0.0,574.0,109023038.0,141729949.5,8.0,90.5,8.0,390.5,31.0,44.5,1.0,0.0,1.0,41.0,165.0,0.0,0.0,44.5,172.0,0.0,1.0,0.0,0.0,487.5,2127.5,977.5,343.0,635.5,1030.5,363.0,668.0,654.5,457.0,197.5,162.5,52.5,20.0,32.5,212.0,105.5,106.5,27.0,16.0,11.0,807.5,404.5,403.0,806.5,367.0,440.0,0.0,0.0,0.0,81.0,61.5,19.5,2467.5,54.0,216.0,263.5,249.5,234.5,225.5,219.0,194.0,169.0,141.5,126.0,107.5,94.5,74.5,44.0,25.5,16.0,13.5,1215.0,26.0,106.5,127.5,122.5,117.0,111.5,106.5,92.5,80.5,69.0,62.0,53.5,47.5,38.5,22.0,14.0,9.0,8.0,1252.5,28.0,109.5,136.0,127.0,117.5,114.0,112.0,100.5,88.5,72.5,64.0,53.5,47.5,36.0,22.0,12.0,7.0,5.0,161.5,95.5,543.0,9.5
19,Panabo City,Manay,urban,7.36,496.5,434.0,683.5,1533.5,16.0,1.0,199.5,127.5,72.5,5.0,95.5,0.0,1.0,1292.0,245472113.0,319113747.0,18.0,204.0,18.0,879.0,70.5,100.5,2.0,1.0,3.0,92.5,372.0,0.0,0.0,99.5,386.5,1.0,3.0,0.0,0.0,1098.0,4791.0,2201.5,772.0,1430.0,2320.0,816.5,1504.0,1473.5,1029.0,444.5,366.0,118.5,45.0,73.5,477.5,238.0,239.5,60.5,36.5,24.0,1818.0,910.0,907.0,1817.0,826.5,990.5,0.0,0.0,0.0,182.0,138.5,44.0,5555.5,121.5,486.0,593.0,561.5,528.0,508.0,492.5,436.5,380.5,318.5,283.5,241.0,214.0,168.0,99.5,57.5,36.5,30.5,2736.0,58.5,240.5,287.0,275.5,263.5,251.0,240.5,209.0,182.0,155.0,139.0,120.5,107.5,86.5,49.0,31.0,21.0,18.5,2819.5,62.5,245.5,305.5,285.5,264.5,256.5,252.0,227.0,199.0,163.0,144.5,120.5,106.5,81.5,50.0,26.0,16.0,12.0,363.5,214.5,1222.5,21.5
20,Panabo City,Nanyo,rural,5.23,353.0,308.5,486.5,1091.0,11.5,1.0,142.0,90.5,51.5,3.0,68.5,0.0,1.0,919.0,174682060.5,227086679.0,13.0,145.0,13.0,625.5,50.0,71.5,1.0,1.0,2.0,65.5,264.5,0.0,0.0,71.0,275.5,1.0,2.0,0.0,0.0,781.5,3409.5,1567.0,549.0,1017.5,1651.5,581.0,1070.0,1048.5,732.0,316.5,260.5,84.5,32.0,52.5,340.0,169.0,170.5,43.0,26.0,17.0,1293.0,647.5,645.5,1293.0,588.0,705.0,0.0,0.0,0.0,129.5,98.5,31.0,3953.5,86.5,346.0,422.0,399.5,375.5,361.0,350.5,310.5,270.5,226.5,202.0,172.0,152.0,119.5,70.5,41.0,26.0,22.0,1946.5,42.0,171.0,204.0,196.0,187.0,179.0,171.0,149.0,129.5,110.5,99.5,85.5,76.5,61.5,35.0,22.0,15.0,13.0,2007.0,44.5,175.0,217.5,203.5,188.0,183.0,179.0,161.5,141.5,116.0,102.5,85.5,75.5,58.0,35.5,19.0,11.0,8.5,258.5,152.5,869.5,15.5
21,Panabo City,New Malaga (Dalisay),rural,2.5,169.0,147.0,232.0,520.5,5.5,0.0,67.5,43.0,25.0,2.0,32.5,0.0,0.0,438.5,83322480.0,108319224.0,6.0,69.5,6.0,298.5,24.0,34.0,1.0,0.0,1.0,31.5,126.5,0.0,0.0,34.0,131.0,0.0,1.0,0.0,0.0,373.0,1626.0,747.5,262.0,485.5,788.0,277.5,510.5,500.0,349.0,151.0,124.5,40.0,15.0,25.0,162.0,80.5,81.5,20.5,12.0,8.0,617.0,309.0,308.0,616.5,280.5,336.0,0.0,0.0,0.0,62.0,47.0,15.0,1885.5,41.0,165.0,201.0,191.0,179.0,172.0,167.0,148.0,129.0,108.0,96.5,81.5,72.5,57.0,33.5,19.5,12.0,10.0,929.0,20.0,81.5,97.5,93.5,89.5,85.5,81.5,71.0,61.5,52.5,47.5,41.0,36.5,29.5,17.0,11.0,7.0,6.0,957.0,21.0,83.5,103.5,97.5,89.5,87.5,85.5,77.5,67.5,55.5,49.0,41.0,36.0,28.0,17.0,9.0,5.0,4.0,123.0,72.5,415.0,7.0
22,Panabo City,New Malitbog,rural,4.46,301.0,263.0,414.0,929.0,10.0,1.0,121.0,77.5,44.0,3.0,58.0,0.0,1.0,783.0,148754466.0,193380806.0,11.0,123.5,11.0,533.0,42.5,61.0,1.0,0.0,2.0,56.0,225.5,0.0,0.0,60.5,234.0,0.0,2.0,0.0,0.0,665.5,2903.0,1334.5,467.5,867.0,1406.5,494.5,911.0,893.0,623.5,269.5,222.0,72.0,27.0,45.0,289.5,144.0,145.0,37.0,22.0,15.0,1101.0,552.0,550.0,1101.0,500.5,600.0,0.0,0.0,0.0,110.5,83.5,26.5,3366.5,73.5,294.5,359.0,340.0,320.0,307.5,298.5,264.5,230.5,193.0,172.0,146.0,129.5,102.0,60.0,35.0,22.0,18.5,1658.0,35.5,145.5,174.0,167.0,159.5,152.0,146.0,126.5,110.5,94.5,84.5,73.0,65.0,52.5,30.0,19.0,12.5,11.0,1708.5,38.0,149.0,185.0,173.0,160.0,155.5,153.0,137.5,120.5,98.5,87.5,73.5,64.5,49.5,30.0,16.0,10.0,7.0,220.0,130.0,741.0,13.0
23,Panabo City,New Pandan (Pob.),urban,9.03,609.5,533.0,839.0,1882.0,20.0,1.0,245.0,156.0,89.5,6.0,117.5,0.0,1.0,1586.0,301323149.0,391720093.5,22.5,250.5,22.0,1079.0,86.5,123.5,2.0,1.0,3.5,113.5,456.5,0.0,0.0,122.5,474.5,1.0,4.0,0.0,0.0,1348.0,5881.0,2703.0,947.5,1755.5,2848.0,1002.5,1846.0,1809.0,1263.0,546.0,449.0,145.5,55.0,90.5,586.0,292.5,294.0,74.5,45.0,29.5,2231.0,1117.5,1114.0,2230.0,1014.5,1215.5,1.0,0.0,0.0,224.0,170.0,54.0,6819.5,149.0,596.5,728.0,689.5,647.5,623.5,604.5,535.5,467.5,391.0,348.0,296.0,262.5,206.5,121.5,70.5,45.0,37.5,3358.0,72.5,294.5,352.0,338.5,323.0,308.5,295.5,256.5,223.0,190.5,171.0,148.0,131.5,106.5,60.5,38.5,25.5,22.5,3461.0,76.5,301.5,375.0,351.0,324.5,315.0,309.5,278.5,244.0,200.0,177.0,148.0,131.0,100.5,61.5,32.5,19.5,15.0,446.0,263.5,1500.0,26.5
24,Panabo City,New Visayas,urban,22.54,1522.0,1329.5,2094.5,4698.5,49.5,3.0,611.5,390.0,222.5,14.0,293.5,1.0,3.0,3959.0,752218096.0,977883524.5,56.0,625.5,54.5,2693.5,216.0,308.0,6.0,2.0,9.0,283.5,1140.0,0.0,0.0,305.5,1184.5,2.0,9.0,0.0,1.0,3365.0,14680.0,6747.0,2365.0,4382.0,7110.0,2502.0,4608.5,4515.5,3153.0,1362.0,1121.0,363.5,137.0,225.5,1463.0,729.0,734.0,186.0,112.5,73.5,5570.0,2789.5,2780.5,5567.0,2532.0,3035.5,1.0,1.0,1.0,558.5,424.0,134.5,17024.0,372.0,1489.0,1816.0,1720.5,1617.0,1555.5,1509.5,1337.0,1166.0,975.5,869.0,739.0,655.5,515.5,304.0,176.0,112.5,93.5,8383.0,180.0,736.0,879.5,844.5,806.5,769.5,737.5,640.5,557.0,475.5,426.5,369.0,328.5,265.5,151.0,95.5,63.5,56.5,8641.0,192.0,753.0,937.0,876.0,810.5,786.5,772.0,696.0,609.0,499.5,442.5,370.0,327.0,250.0,153.0,80.5,49.0,37.0,1113.5,657.5,3745.5,66.0
25,Panabo City,Quezon,rural,6.33,427.0,373.0,588.0,1318.5,14.0,1.0,172.0,109.5,62.5,4.0,82.5,0.0,1.0,1111.0,211098752.0,274428378.0,16.0,175.5,15.0,756.0,60.5,86.5,2.0,1.0,2.0,79.5,320.0,0.0,0.0,85.5,332.5,1.0,3.0,0.0,0.0,944.0,4119.5,1893.5,663.5,1230.0,1995.5,702.0,1293.0,1267.0,884.5,382.0,314.5,102.0,38.5,63.0,410.5,205.0,206.0,52.0,31.5,21.0,1563.5,783.0,780.5,1562.5,710.5,851.5,0.0,0.0,0.0,157.0,119.0,38.0,4777.5,104.5,418.0,510.0,483.0,453.5,436.5,423.5,375.0,327.0,273.5,244.0,207.0,184.0,144.5,85.5,49.5,31.5,26.0,2352.5,50.5,206.5,246.5,237.0,226.5,216.0,207.0,180.0,156.0,133.5,119.5,103.5,92.5,74.5,42.5,27.0,18.0,16.0,2425.0,54.0,211.5,263.0,246.0,227.5,221.0,216.5,195.0,171.0,140.0,124.0,103.5,91.5,70.5,43.0,23.0,14.0,10.0,312.5,184.0,1051.0,18.5
26,Panabo City,Salvacion,urban,12.95,874.5,764.0,1203.5,2700.5,28.5,2.0,351.0,224.0,128.0,8.0,169.0,0.0,2.0,2275.5,432323342.0,562020345.5,32.0,359.5,31.0,1548.0,124.0,177.0,3.0,1.0,5.0,163.0,655.0,0.0,0.0,176.0,680.5,1.0,5.0,0.0,1.0,1934.0,8437.0,3878.0,1359.0,2519.0,4086.0,1438.0,2648.5,2595.0,1812.0,782.5,644.5,209.0,79.0,130.0,841.5,419.5,422.0,106.5,64.5,42.5,3201.5,1603.0,1598.0,3199.5,1455.0,1744.5,1.0,0.0,0.0,321.0,243.5,77.5,9784.0,214.0,856.0,1044.0,989.0,929.0,894.0,867.5,768.5,670.0,560.5,499.5,424.5,377.0,296.5,175.0,101.5,64.5,53.5,4818.0,103.5,423.0,505.5,485.5,463.5,442.5,424.0,368.0,320.0,273.5,245.5,212.0,189.0,152.5,86.5,55.0,36.5,32.5,4966.0,110.5,433.0,538.5,503.5,465.5,452.0,443.5,400.0,350.0,287.5,254.5,212.5,188.0,144.0,88.5,46.5,28.0,21.0,640.0,378.0,2152.5,38.0
27,Panabo City,San Francisco (Pob.),urban,17.46,1178.5,1030.0,1622.5,3639.5,38.5,2.0,473.5,302.5,172.5,11.0,227.5,0.5,2.0,3066.5,582667065.0,757467185.0,43.5,484.5,42.0,2086.5,167.0,238.5,4.0,2.0,7.0,219.5,883.0,0.0,0.0,237.0,917.0,2.0,7.0,0.0,1.0,2606.5,11371.0,5226.0,1832.0,3394.5,5507.5,1938.0,3569.0,3497.5,2442.5,1055.0,868.5,281.0,106.0,175.0,1133.5,565.0,568.5,144.0,86.5,57.0,4314.5,2161.0,2153.5,4312.5,1961.0,2351.0,1.0,1.0,0.0,432.5,328.5,104.5,13187.0,288.5,1153.5,1407.0,1333.0,1252.5,1205.5,1169.5,1035.5,903.0,755.5,673.0,572.0,507.5,399.5,235.5,136.5,86.5,72.5,6493.5,139.5,570.0,681.0,654.5,625.0,596.0,571.0,496.5,431.5,368.0,330.5,285.5,254.5,206.0,116.5,74.5,49.0,43.5,6693.5,148.5,583.5,726.0,678.5,627.5,609.5,598.0,539.0,471.5,387.0,342.5,286.5,253.5,194.0,118.5,62.5,38.0,28.5,862.5,509.0,2901.0,50.5
28,Panabo City,San Nicolas,rural,2.82,190.0,166.0,261.5,587.5,6.0,0.0,76.5,49.0,28.0,2.0,36.5,0.0,0.0,495.0,94038613.5,122250198.0,7.0,78.5,7.0,337.0,27.0,38.5,1.0,0.0,1.0,35.5,142.5,0.0,0.0,38.0,148.0,0.0,1.0,0.0,0.0,420.5,1835.0,843.5,296.0,548.0,889.0,313.0,576.0,564.5,394.0,170.0,140.0,45.5,17.0,28.5,183.0,91.5,91.5,23.0,14.0,9.0,696.5,349.0,347.5,696.0,316.5,379.5,0.0,0.0,0.0,69.5,53.0,17.0,2128.5,46.5,186.0,227.0,215.0,202.0,194.5,189.0,167.0,146.0,122.0,108.5,92.5,81.5,64.5,38.0,22.0,14.0,12.0,1048.0,22.5,92.5,110.0,105.5,100.5,96.5,92.5,80.5,69.5,59.5,53.5,46.0,41.0,33.0,19.0,12.0,8.0,7.0,1080.0,24.0,94.5,117.5,109.5,101.5,98.5,96.5,87.0,76.5,62.5,55.5,46.0,41.0,31.0,19.0,10.0,6.0,5.0,139.0,82.5,468.5,8.0
29,Panabo City,San Roque,rural,0.65,44.0,38.5,60.5,136.0,1.0,0.0,18.0,11.0,6.0,0.0,8.5,0.0,0.0,114.5,21795526.5,28334184.0,2.0,18.0,2.0,78.0,6.0,9.0,0.0,0.0,0.0,8.0,33.0,0.0,0.0,9.0,34.5,0.0,0.0,0.0,0.0,97.5,425.5,195.5,68.5,127.0,206.0,72.5,133.5,131.0,91.0,39.5,32.5,10.5,4.0,6.5,42.5,21.0,21.0,5.0,3.0,2.0,161.5,80.5,80.5,161.0,73.5,87.5,0.0,0.0,0.0,16.0,12.0,4.0,493.5,11.0,43.0,52.5,50.0,47.0,45.0,44.0,39.0,34.0,28.0,25.0,21.5,19.0,15.0,9.0,5.0,3.0,3.0,243.0,5.0,21.0,25.5,24.5,23.5,22.0,21.0,18.5,16.0,14.0,12.0,11.0,9.5,8.0,4.0,3.0,2.0,2.0,250.5,6.0,22.0,27.0,25.5,23.5,23.0,22.0,20.0,18.0,14.5,13.0,11.0,9.5,7.0,4.0,2.0,1.0,1.0,32.5,19.0,108.5,2.0
30,Panabo City,San Vicente,urban,19.66,1327.5,1159.5,1827.0,4098.0,43.5,2.5,533.0,340.0,194.0,12.0,256.0,1.0,2.0,3453.0,656090744.0,852917967.0,49.0,546.0,47.5,2349.0,188.0,268.5,5.0,2.0,8.0,247.0,994.5,0.0,0.0,266.5,1033.0,2.0,8.0,0.0,1.0,2935.0,12804.5,5885.0,2062.5,3822.5,6201.5,2182.5,4019.5,3938.0,2750.5,1188.5,978.0,316.5,120.0,197.0,1276.0,636.5,640.5,162.0,97.5,64.5,4858.5,2433.0,2425.0,4855.5,2208.0,2647.5,1.0,1.0,0.0,487.0,370.0,117.5,14848.0,324.5,1299.0,1584.5,1501.0,1410.5,1357.5,1316.5,1166.0,1016.5,850.5,758.0,644.5,571.5,449.5,265.5,154.0,97.5,81.5,7312.0,157.0,642.5,767.0,737.0,703.5,671.0,643.5,559.0,485.5,415.0,372.0,322.0,286.5,231.5,131.5,83.5,55.5,49.0,7536.5,167.0,657.0,817.5,764.0,707.0,686.0,673.5,607.0,531.0,436.0,386.0,322.5,285.5,218.0,133.5,70.5,42.5,32.0,971.0,573.0,3266.5,57.5
31,Panabo City,Santa Cruz,rural,1.66,112.5,98.0,154.5,346.0,4.0,0.0,45.0,29.0,16.0,1.0,22.0,0.0,0.0,291.5,55442370.0,72075080.5,4.0,46.0,4.0,198.5,16.0,23.0,0.0,0.0,1.0,21.0,84.0,0.0,0.0,22.5,87.5,0.0,1.0,0.0,0.0,248.0,1082.0,497.5,174.5,323.0,524.0,184.5,340.0,332.5,232.5,100.0,82.5,27.0,10.0,16.5,107.5,53.5,54.0,14.0,8.0,5.0,410.5,205.5,205.0,410.5,187.0,223.5,0.0,0.0,0.0,41.0,31.0,10.0,1255.0,27.5,109.5,134.0,127.0,119.5,114.5,111.5,98.5,85.5,71.5,64.0,54.5,48.5,38.0,22.5,13.0,8.0,7.0,618.0,13.0,54.5,64.5,62.5,59.5,56.5,54.5,47.0,41.0,35.0,31.5,27.0,24.0,19.5,11.0,7.0,5.0,4.0,636.5,14.0,55.5,69.0,64.5,59.5,58.0,57.0,51.5,45.0,37.0,32.5,27.0,24.0,18.5,11.0,6.0,4.0,3.0,82.0,48.5,276.5,5.0
32,Panabo City,Santo Ni√±o (Pob.),urban,5.89,398.0,348.0,548.0,1228.5,13.0,1.0,160.0,102.0,58.5,4.0,76.5,0.0,1.0,1035.5,196704623.5,255716010.5,15.0,163.5,14.0,704.5,56.5,80.5,2.0,1.0,2.0,74.0,298.0,0.0,0.0,80.0,309.5,1.0,2.0,0.0,0.0,880.0,3839.0,1764.5,618.5,1146.0,1859.5,654.0,1205.0,1180.5,825.0,356.0,293.5,95.0,36.0,59.0,383.0,191.0,192.0,48.5,29.5,19.0,1456.5,729.0,727.0,1456.0,662.0,793.5,0.0,0.0,0.0,146.0,110.5,35.0,4451.5,97.5,389.5,475.0,450.0,423.0,407.0,395.0,349.5,305.0,255.0,227.0,193.0,171.0,135.0,79.5,46.0,29.5,24.5,2192.0,47.0,192.5,230.0,221.0,211.0,201.0,193.0,168.0,145.5,124.5,111.5,96.5,85.5,69.5,39.5,25.0,16.5,15.0,2259.5,50.0,197.0,245.0,229.0,212.0,206.0,202.0,182.0,159.0,130.5,115.5,96.5,85.5,65.5,40.0,21.0,13.0,10.0,291.0,172.0,979.5,17.5
33,Panabo City,Sindaton,rural,4.62,312.0,272.5,429.5,963.0,10.0,1.0,125.5,80.0,45.5,3.0,60.0,0.0,1.0,811.5,154203347.0,200464352.0,11.5,128.5,11.0,552.0,44.0,63.0,1.0,0.0,2.0,58.0,233.5,0.0,0.0,62.5,242.5,0.0,2.0,0.0,0.0,690.0,3009.5,1383.0,485.0,898.5,1457.5,513.0,944.5,925.5,646.0,279.5,229.5,74.5,28.0,46.0,300.0,149.5,150.5,38.0,23.0,15.0,1142.0,572.0,570.0,1141.0,519.0,622.5,0.0,0.0,0.0,114.5,86.5,27.5,3490.0,76.5,305.5,372.0,353.0,331.5,319.0,309.5,274.5,239.0,200.0,178.0,151.5,134.5,105.5,62.5,36.0,23.0,19.0,1718.5,37.0,151.0,180.0,173.0,165.0,158.0,151.0,131.5,114.5,97.5,87.5,75.5,67.5,54.5,31.0,20.0,13.0,12.0,1771.5,39.5,154.5,192.0,180.0,166.0,161.0,158.0,142.5,125.0,102.5,90.5,75.5,67.0,51.5,31.5,16.5,10.0,8.0,228.0,134.5,768.0,13.5
34,Panabo City,Southern Davao,urban,12.27,828.5,724.0,1140.5,2559.0,27.0,2.0,333.0,212.5,121.5,8.0,160.0,0.0,1.5,2156.0,409619669.0,532505570.0,30.5,340.5,29.5,1467.0,117.5,168.0,3.0,1.0,5.0,154.0,620.5,0.0,0.0,166.5,644.5,1.0,5.0,0.0,1.0,1832.0,7994.5,3674.0,1287.5,2386.5,3871.5,1362.5,2509.0,2459.0,1717.0,741.5,610.5,197.5,75.0,123.0,797.0,397.0,400.0,101.5,61.0,40.0,3033.5,1519.0,1514.0,3031.5,1378.5,1653.0,1.0,0.0,0.0,304.0,231.0,73.5,9270.5,202.5,811.0,989.5,937.0,880.5,847.5,822.5,728.0,634.5,531.0,473.5,402.5,357.0,280.5,165.5,96.5,61.0,50.5,4565.0,98.5,401.0,478.5,459.5,439.5,419.0,401.5,349.0,303.5,259.0,232.5,201.0,179.0,144.5,82.5,52.0,34.5,31.0,4705.5,104.5,410.0,510.0,477.0,441.5,428.5,420.5,379.0,332.0,272.5,241.0,201.5,178.0,136.0,83.5,44.0,26.5,20.0,606.0,358.0,2039.5,36.0
35,Panabo City,Tagpore,rural,2.24,151.0,132.0,208.0,466.0,5.0,0.0,60.5,38.5,22.0,1.0,29.0,0.0,0.0,393.0,74604269.5,96985551.0,6.0,62.0,5.0,267.5,21.5,30.5,1.0,0.0,1.0,28.0,113.0,0.0,0.0,30.0,117.5,0.0,1.0,0.0,0.0,334.0,1456.0,669.5,234.5,434.5,705.0,248.0,457.5,447.5,313.0,135.0,111.5,36.0,14.0,22.0,145.0,72.5,72.5,18.5,11.0,7.0,552.0,276.5,275.5,552.0,251.0,301.0,0.0,0.0,0.0,55.5,42.0,13.0,1688.5,37.0,148.0,180.0,171.0,160.5,154.0,150.0,132.5,115.5,96.5,86.5,73.5,65.0,51.0,30.0,17.5,11.0,9.0,831.5,18.0,73.0,87.5,83.5,80.0,76.5,73.5,63.5,55.5,47.0,42.5,36.5,32.5,26.0,15.0,9.5,6.0,6.0,857.0,19.0,74.5,92.5,86.5,80.5,78.0,76.5,69.0,60.5,49.5,44.0,36.5,32.5,25.0,15.0,8.0,5.0,4.0,110.5,65.5,371.0,6.5
36,Panabo City,Tibungol,rural,2.26,153.0,133.5,210.5,472.0,5.0,0.0,61.5,39.0,22.0,1.0,29.5,0.0,0.0,398.0,75557824.0,98225171.0,6.0,62.5,5.5,270.5,22.0,31.0,1.0,0.0,1.0,28.5,114.5,0.0,0.0,31.0,119.0,0.0,1.0,0.0,0.0,338.0,1475.0,677.5,237.5,440.5,714.5,251.0,462.5,453.5,316.5,136.5,112.5,36.5,14.0,23.0,147.0,73.5,73.5,19.0,11.0,7.0,559.5,280.5,279.5,559.0,254.5,305.0,0.0,0.0,0.0,56.0,42.5,13.5,1710.0,37.5,149.5,182.0,173.0,162.5,156.0,151.5,134.5,117.0,98.0,87.5,74.5,65.5,52.0,30.5,18.0,11.0,9.0,842.0,18.0,74.0,88.5,84.5,81.0,77.5,74.0,64.5,56.0,48.0,43.0,37.0,33.0,27.0,15.0,10.0,6.0,6.0,868.0,19.0,75.5,94.5,88.0,81.5,79.0,77.5,70.0,61.5,50.0,44.5,37.0,33.0,25.0,15.0,8.0,5.0,4.0,111.5,66.0,376.0,6.5
37,Panabo City,Upper Licanan,rural,2.16,146.0,127.5,201.0,450.5,5.0,0.0,58.5,37.5,21.0,1.0,28.0,0.0,0.0,379.5,72106865.5,93738925.0,5.0,60.0,5.0,258.5,21.0,29.5,1.0,0.0,1.0,27.0,109.5,0.0,0.0,29.0,113.5,0.0,1.0,0.0,0.0,322.5,1407.5,647.0,226.5,420.0,681.5,240.0,442.0,433.0,302.0,130.5,107.5,35.0,13.0,22.0,140.5,70.0,70.5,18.0,11.0,7.0,534.0,267.5,266.5,534.0,242.5,291.0,0.0,0.0,0.0,53.5,40.5,13.0,1632.0,35.5,143.0,174.0,165.0,155.0,149.0,144.5,128.0,111.5,93.5,83.5,70.5,62.5,49.5,29.0,17.0,11.0,9.0,803.5,17.0,70.5,84.5,81.0,77.5,73.5,70.5,61.5,53.5,45.5,41.0,35.5,31.5,25.5,14.5,9.0,6.0,5.0,828.5,18.0,72.5,89.5,84.0,77.5,75.5,74.0,66.5,58.5,48.0,42.5,35.5,31.5,24.0,15.0,8.0,5.0,4.0,106.5,63.0,359.0,6.0
38,Panabo City,Waterfall,rural,1.32,89.5,78.0,122.5,275.5,3.0,0.0,36.0,23.0,13.0,1.0,17.0,0.0,0.0,232.0,44090533.0,57317693.0,3.0,36.5,3.0,158.0,13.0,18.0,0.0,0.0,1.0,17.0,66.5,0.0,0.0,18.0,69.5,0.0,1.0,0.0,0.0,197.0,860.5,395.5,138.5,257.0,416.5,147.0,270.5,264.5,185.0,80.0,66.0,21.5,8.0,13.5,85.5,43.0,43.0,11.0,7.0,4.0,326.5,163.5,163.0,326.5,148.5,178.0,0.0,0.0,0.0,33.0,25.0,8.0,997.5,22.0,87.5,106.5,100.5,94.5,91.5,88.5,78.5,68.5,57.0,51.0,43.5,38.5,30.0,18.0,10.0,7.0,5.0,491.5,10.5,43.0,51.5,49.5,47.5,45.0,43.0,37.5,32.5,28.0,25.0,22.0,19.0,15.5,9.0,6.0,4.0,3.0,506.5,11.0,44.0,55.0,51.5,47.5,46.0,45.5,41.0,36.0,29.0,26.0,22.0,19.0,15.0,9.0,5.0,3.0,2.0,65.5,38.5,219.5,4.0
39,Panabo City,San Pedro,urban,5.7,385.0,336.5,530.0,1189.5,12.5,1.0,155.0,98.5,56.5,4.0,74.5,0.0,1.0,1002.5,190393002.5,247510903.0,14.0,158.0,14.0,681.5,54.5,78.0,1.0,1.0,2.0,71.5,288.5,0.0,0.0,77.5,299.5,1.0,2.0,0.0,0.0,851.5,3715.5,1708.0,598.5,1109.0,1799.5,633.5,1166.5,1142.5,798.5,345.0,283.5,92.0,35.0,57.5,370.0,185.0,186.0,47.0,28.5,19.0,1409.5,706.0,704.0,1409.0,640.5,768.0,0.0,0.0,0.0,141.5,107.5,34.0,4308.5,94.5,377.0,459.5,435.5,409.5,394.0,382.0,338.5,295.5,247.0,220.0,187.0,166.0,130.5,77.0,44.5,28.5,23.5,2121.5,45.5,186.0,222.5,214.0,204.0,195.0,187.0,162.0,141.0,120.5,108.0,93.5,83.5,67.5,38.0,24.0,16.0,14.0,2187.0,48.5,191.0,237.0,222.0,205.0,199.0,195.0,176.0,154.0,126.5,112.0,93.5,82.5,63.5,39.0,20.5,12.0,9.0,281.5,166.0,948.0,16.5
40,Samal City,Adecor,urban,5.38,102.0,109.0,393.5,507.0,13.0,0.0,69.5,43.0,26.0,1.0,21.5,0.0,0.0,490.0,93098502.0,121028052.5,7.0,77.5,7.0,333.5,26.5,38.0,1.0,0.0,2.0,24.5,91.5,0.0,0.0,8.0,28.5,0.0,0.0,0.0,0.0,457.5,1837.5,771.5,270.5,501.0,813.5,286.0,527.0,516.5,360.5,156.0,128.5,41.5,16.0,26.0,179.5,89.5,89.5,22.0,12.0,10.0,655.0,328.5,327.5,605.5,259.0,346.5,0.0,0.0,0.0,70.5,52.0,18.0,1959.5,41.5,175.5,210.5,202.5,181.5,165.0,153.5,129.0,123.0,116.5,104.5,92.5,79.0,65.5,46.5,31.0,22.0,19.5,948.5,20.0,85.5,102.5,96.0,86.0,80.5,74.0,60.5,58.0,56.5,50.5,44.5,38.5,32.5,23.0,16.5,12.0,11.0,1011.0,21.5,89.5,108.5,106.5,95.5,84.5,79.5,68.5,64.5,60.5,53.5,48.0,40.5,33.0,23.5,14.5,10.0,8.0,127.5,81.5,431.5,7.5
41,Samal City,Anonang,rural,7.12,135.0,144.5,521.0,671.0,17.0,0.0,91.5,57.5,34.0,2.0,28.0,0.0,0.0,648.5,123192444.0,160150177.5,9.0,102.5,9.0,441.5,35.5,50.5,1.0,1.0,2.0,32.5,121.0,0.0,0.0,10.0,37.5,0.0,1.0,0.0,0.0,605.0,2432.0,1021.0,357.5,663.5,1076.0,378.5,697.5,683.5,477.0,206.0,169.5,55.0,21.0,34.5,237.0,119.0,118.5,29.0,15.5,13.0,867.0,434.5,432.5,801.0,343.0,458.5,1.0,1.0,0.0,93.0,68.5,24.0,2593.5,55.5,232.0,279.0,268.0,240.0,218.5,203.5,170.5,162.5,154.0,138.0,122.5,104.5,87.0,61.5,40.5,29.5,26.0,1256.0,26.5,113.0,135.5,127.0,114.0,106.5,98.0,80.5,76.5,74.5,67.0,59.5,51.0,43.5,31.0,22.0,16.0,15.0,1337.5,28.5,119.0,143.5,141.0,126.0,112.0,105.0,90.0,86.0,80.0,71.5,63.5,53.5,43.5,31.0,19.0,13.5,11.0,168.5,107.5,570.5,10.0
42,Samal City,Aumbay,rural,5.76,109.0,117.0,421.5,543.0,14.0,0.0,74.5,46.5,27.5,2.0,23.0,0.0,0.0,524.5,99670742.5,129571965.0,7.5,83.0,7.0,357.0,28.5,40.5,1.0,0.0,2.0,26.0,98.0,0.0,0.0,8.0,30.5,0.0,0.0,0.0,0.0,490.0,1967.5,826.0,289.5,536.5,870.5,306.5,564.5,553.0,386.0,167.0,137.5,44.5,17.0,27.5,191.5,96.0,96.0,23.5,12.5,11.0,701.5,351.5,350.0,648.0,277.5,371.0,0.5,0.0,0.0,75.5,55.5,19.5,2098.5,44.5,187.5,225.5,217.0,194.5,176.5,164.5,138.0,132.0,125.0,112.0,99.0,84.5,70.5,49.5,33.0,24.0,21.0,1016.0,21.5,91.5,109.5,103.0,92.0,86.0,79.5,65.5,62.5,60.5,54.5,47.5,41.5,35.0,25.0,17.5,13.0,12.0,1082.5,23.0,96.0,116.0,114.0,102.0,90.5,85.0,73.0,69.5,64.5,57.5,51.5,43.5,35.5,25.0,15.5,11.0,9.0,136.5,87.0,461.5,8.0
43,Samal City,Aundanao,rural,3.68,69.5,74.5,269.0,346.5,9.0,0.0,47.5,29.5,17.5,1.0,14.5,0.0,0.0,335.0,63646958.5,82741046.5,5.0,53.0,5.0,228.0,18.0,26.0,0.0,0.0,1.0,17.0,62.5,0.0,0.0,5.0,19.5,0.0,0.0,0.0,0.0,312.5,1256.0,527.5,185.0,342.5,556.0,195.5,360.5,353.0,246.5,106.5,88.0,28.0,11.0,18.0,122.5,61.5,61.5,15.0,8.0,7.0,447.5,224.5,223.5,414.0,177.5,237.0,0.0,0.0,0.0,48.0,35.5,12.5,1340.0,28.5,120.0,144.0,138.5,124.0,113.0,105.0,88.0,84.0,79.5,71.5,63.5,54.0,45.0,32.0,21.0,15.0,13.0,649.0,14.0,58.5,70.0,65.5,58.5,55.0,50.5,41.5,39.5,38.5,34.5,30.5,26.5,22.5,16.0,11.0,8.0,8.0,691.5,15.0,61.5,74.5,72.5,65.5,57.5,54.5,46.5,44.5,41.5,37.0,33.0,27.5,22.5,16.0,10.0,7.0,6.0,87.0,55.5,294.5,5.0
44,Samal City,Balet,rural,8.25,156.5,167.5,603.5,777.5,20.0,0.0,106.0,66.5,39.5,2.0,33.0,0.0,0.0,751.0,142760919.0,185589195.0,11.0,119.0,10.0,511.0,41.0,58.5,1.0,1.0,2.5,37.5,141.0,0.0,0.0,12.0,43.5,0.0,1.0,0.0,0.0,701.5,2818.0,1183.5,414.5,768.5,1247.0,438.5,808.0,792.0,553.0,239.0,197.0,64.0,24.0,40.0,275.0,137.5,137.0,33.5,18.0,15.5,1005.0,503.0,502.0,928.5,397.0,531.0,1.0,1.0,0.0,108.0,79.5,28.0,3005.5,63.5,269.0,323.5,310.5,278.5,253.0,235.5,197.5,188.5,178.5,160.0,142.0,121.0,100.5,71.5,47.5,34.0,30.0,1455.5,30.5,131.0,157.0,147.5,132.0,123.0,113.5,93.5,89.0,86.0,77.5,68.5,59.5,50.5,35.5,25.0,18.5,17.0,1550.5,33.0,138.0,166.5,163.5,146.5,130.0,122.0,104.5,99.5,92.5,82.5,73.5,62.5,50.5,36.0,22.0,16.0,13.0,195.0,125.0,661.0,11.5
45,Samal City,Bandera,rural,4.99,94.5,101.5,365.0,470.5,12.0,0.0,64.5,40.0,24.0,1.0,20.0,0.0,0.0,454.5,86378015.5,112291420.0,6.5,71.5,6.0,309.5,25.0,35.5,1.0,0.0,1.5,22.5,85.0,0.0,0.0,7.0,26.0,0.0,0.0,0.0,0.0,424.5,1705.5,716.0,250.5,465.0,754.5,265.5,489.0,479.0,334.5,144.5,119.0,38.5,15.0,24.0,166.5,83.5,83.0,20.0,11.0,9.0,608.0,304.5,303.5,561.5,240.5,321.5,0.0,0.0,0.0,65.5,48.5,17.0,1818.5,38.5,162.5,195.5,188.5,168.5,153.0,142.5,120.0,114.0,108.0,97.0,86.0,73.5,60.5,43.5,28.5,21.0,18.0,880.0,18.5,79.5,95.0,89.5,79.5,74.5,68.5,56.5,53.5,52.0,47.0,41.5,35.5,30.5,21.5,15.0,11.0,10.0,938.0,20.0,83.5,100.5,99.0,88.5,78.5,73.5,63.5,60.5,56.5,50.0,44.5,37.5,30.5,21.5,13.5,9.5,8.0,118.5,75.5,400.0,7.0
46,Samal City,Caliclic (Dangca-An),urban,6.81,129.0,138.0,498.0,641.0,16.5,0.0,87.5,54.5,32.5,2.0,27.0,0.0,0.0,620.0,117756757.0,153083784.0,9.0,98.0,8.5,421.5,34.0,48.5,1.0,1.0,2.0,31.0,116.0,0.0,0.0,10.0,36.0,0.0,1.0,0.0,0.0,578.5,2324.5,976.0,342.0,634.0,1028.5,362.0,666.5,653.5,456.5,197.0,162.0,52.5,20.0,32.5,226.5,113.5,113.0,27.5,15.0,13.0,828.5,415.0,413.5,766.0,327.5,438.0,1.0,1.0,0.0,89.0,65.5,23.0,2479.5,52.5,221.5,266.5,256.0,229.5,209.0,194.5,163.0,155.5,147.5,132.0,117.0,100.0,83.0,58.5,39.0,28.0,24.5,1200.5,25.5,108.0,129.0,122.0,109.0,102.0,93.5,77.0,73.5,70.5,64.5,56.5,48.5,41.5,29.5,21.0,15.0,14.0,1279.0,27.5,113.5,137.0,135.0,121.0,107.0,100.5,86.5,82.5,76.5,68.5,60.5,51.5,41.5,29.5,18.0,13.0,10.5,161.0,103.0,545.5,9.5
47,Samal City,Camudmud,rural,7.33,139.0,148.5,535.5,690.0,18.0,0.0,94.5,58.5,35.0,2.0,29.0,0.0,0.0,667.0,126700933.5,164711213.5,9.5,105.5,9.0,453.5,36.5,51.5,1.0,1.0,2.0,33.0,125.0,0.0,0.0,10.0,38.5,0.0,1.0,0.0,0.0,622.5,2501.0,1050.5,368.0,682.0,1106.5,389.5,717.0,703.0,490.5,212.5,174.5,56.5,21.0,35.0,244.0,122.0,122.0,29.5,16.0,14.0,892.0,446.5,445.5,823.5,352.5,471.5,1.0,1.0,0.0,95.5,70.5,25.0,2667.0,56.5,238.5,287.0,276.0,247.0,225.0,209.0,175.5,167.5,158.5,142.0,126.0,107.5,89.5,63.5,42.0,30.5,26.5,1291.5,27.0,116.0,139.0,131.0,117.0,109.5,101.0,82.5,79.0,76.5,68.5,60.5,52.5,44.5,31.5,22.0,16.5,15.0,1376.0,29.5,122.0,147.5,145.0,130.0,115.0,108.0,92.5,88.5,82.5,73.5,65.5,55.5,45.0,32.0,19.5,14.0,11.0,173.5,111.0,586.5,10.5
48,Samal City,Catagman,rural,3.71,70.5,75.5,271.0,349.0,9.0,0.0,47.5,29.5,18.0,1.0,15.0,0.0,0.0,337.5,64091697.0,83319206.0,5.0,53.5,5.0,229.5,18.5,26.0,0.0,0.0,1.0,17.0,63.5,0.0,0.0,5.0,19.5,0.0,0.0,0.0,0.0,314.5,1265.0,531.0,186.5,345.5,560.0,197.0,362.5,355.5,248.5,107.0,88.0,28.5,11.0,18.0,123.0,61.5,61.5,15.0,8.0,7.0,451.5,226.0,225.0,416.5,178.5,238.5,0.0,0.0,0.0,48.5,35.5,12.5,1349.5,28.5,121.0,145.0,139.5,125.0,114.0,106.0,89.0,84.5,80.5,71.5,63.5,54.5,45.5,32.0,21.0,15.0,13.5,653.0,14.0,58.5,70.5,66.5,59.5,55.5,51.0,42.0,40.0,38.5,35.0,30.5,26.5,22.5,16.0,11.0,8.0,8.0,696.5,15.0,61.5,74.5,73.5,65.5,58.5,54.5,47.0,44.5,41.5,37.0,33.0,28.0,23.0,16.0,10.0,7.0,6.0,87.5,56.0,297.0,5.0
49,Samal City,Cawag,rural,7.39,140.0,150.0,540.0,695.5,18.0,0.0,95.0,59.5,35.5,2.0,29.5,0.0,0.0,672.5,127738655.5,166060252.5,9.5,106.0,9.0,457.5,36.5,52.5,1.0,1.0,2.0,33.5,126.0,0.0,0.0,10.5,39.0,0.0,1.0,0.0,0.0,627.5,2521.5,1058.5,371.0,688.0,1116.0,392.5,723.0,708.5,495.0,213.5,176.0,57.0,21.5,35.5,246.0,123.0,123.0,30.0,16.0,14.0,899.0,450.5,448.5,830.5,355.5,475.0,1.0,1.0,0.0,96.5,71.5,25.0,2689.0,57.5,240.5,289.0,278.0,249.0,226.5,210.5,177.0,168.5,160.0,143.0,127.0,108.5,90.0,63.5,42.5,30.5,27.0,1302.0,27.5,117.0,140.5,132.0,118.0,110.5,101.5,83.5,79.5,77.0,69.5,61.5,52.5,44.5,32.0,22.5,16.5,15.5,1387.0,29.5,123.0,149.0,146.0,131.0,116.0,109.0,93.5,89.0,83.0,73.5,65.5,55.5,45.5,32.0,20.0,14.0,11.0,174.5,111.5,591.5,10.5
50,Samal City,Cogon,rural,8.38,159.0,170.0,613.0,789.5,20.0,0.0,108.0,67.5,40.0,2.0,33.5,0.0,0.0,763.0,144935194.0,188415752.5,11.0,120.5,10.5,519.0,41.5,59.5,1.0,1.0,3.0,38.0,143.0,0.0,0.0,12.0,44.0,0.0,1.0,0.0,0.0,712.0,2861.0,1201.5,421.0,780.0,1266.0,445.5,820.0,804.0,561.5,242.5,199.5,65.0,24.5,40.0,279.0,140.0,139.0,34.0,18.0,16.0,1020.0,511.0,509.0,942.5,403.5,539.0,1.0,1.0,0.0,109.5,81.0,28.5,3051.0,64.5,273.0,328.5,315.5,282.5,257.0,239.0,200.5,191.5,181.5,162.5,144.0,123.0,102.0,72.5,48.0,34.5,30.5,1477.5,31.0,133.0,159.5,150.0,134.0,125.0,115.0,94.5,90.5,87.5,78.5,69.5,60.0,50.5,36.0,25.5,19.0,17.5,1574.0,33.5,140.0,168.5,166.0,149.0,132.0,124.0,106.0,101.0,94.0,83.5,74.5,63.5,51.5,36.5,22.5,16.0,13.0,198.0,127.0,671.5,11.5
51,Samal City,Cogon (Talicod),rural,5.83,110.5,118.0,426.5,549.5,14.0,0.0,75.0,46.5,28.0,2.0,23.0,0.0,0.0,531.0,100906125.5,131177963.5,7.5,84.0,7.0,361.0,29.0,41.5,1.0,0.0,2.0,26.5,99.5,0.0,0.0,8.0,30.5,0.0,0.0,0.0,0.0,496.0,1992.0,836.5,293.0,543.0,881.5,310.0,571.5,560.0,391.0,169.0,139.0,45.0,17.0,28.0,194.5,97.0,97.0,23.5,13.0,11.0,710.5,355.5,354.5,656.0,281.0,375.0,1.0,0.0,0.0,76.5,56.5,20.0,2124.5,45.0,189.5,228.5,219.5,196.5,179.0,166.5,140.0,133.0,126.0,113.0,100.5,85.5,71.5,50.5,33.5,24.0,21.0,1028.5,22.0,92.5,111.0,104.0,93.5,87.5,80.5,65.5,62.5,60.5,54.5,48.5,41.5,35.5,25.0,18.0,13.0,12.0,1095.5,23.5,97.5,117.5,115.5,103.5,92.0,86.0,73.5,70.5,65.5,58.5,52.0,44.0,35.5,25.0,16.0,11.0,9.0,138.0,88.0,467.5,8.0
52,Samal City,Dadatan,rural,4.06,77.0,82.5,297.0,382.0,10.0,0.0,52.5,32.5,19.5,1.0,16.0,0.0,0.0,369.5,70219199.0,91284959.0,5.0,58.5,5.0,251.0,20.0,29.0,1.0,0.0,1.0,18.5,69.5,0.0,0.0,6.0,21.5,0.0,0.0,0.0,0.0,345.0,1386.0,582.0,204.0,378.0,613.0,216.0,397.5,389.5,272.0,117.5,97.0,31.0,12.0,19.5,135.0,67.5,67.5,16.5,9.0,8.0,494.0,247.5,247.0,456.5,195.5,261.0,0.0,0.0,0.0,53.0,39.5,14.0,1478.5,31.5,132.0,159.0,153.0,137.0,125.0,116.0,97.5,92.5,88.0,78.5,69.5,59.5,49.5,35.0,23.0,17.0,15.0,715.5,15.0,64.5,77.5,72.5,64.5,60.5,55.5,46.0,43.5,42.5,38.0,33.5,29.0,24.5,17.5,12.0,9.0,8.5,763.0,16.0,67.5,81.5,80.5,72.0,63.5,59.5,51.5,49.0,45.5,40.5,36.0,30.5,25.0,17.5,11.0,8.0,6.0,96.0,61.5,325.5,5.5
53,Samal City,Del Monte,rural,5.47,104.0,111.0,400.0,515.0,13.0,0.0,70.5,44.0,26.0,1.5,22.0,0.0,0.0,498.0,94630377.5,123019490.5,7.0,78.5,7.0,339.0,27.0,38.5,1.0,0.0,2.0,25.0,93.0,0.0,0.0,8.0,29.0,0.0,0.0,0.0,0.0,465.0,1868.0,784.0,275.0,509.5,826.5,291.0,535.5,525.0,366.5,158.0,130.0,42.5,16.0,26.5,182.5,91.0,91.0,22.0,12.0,10.0,666.0,333.5,332.5,615.0,263.0,352.0,0.0,0.0,0.0,71.5,52.5,18.5,1992.0,42.5,178.0,214.5,206.0,184.5,168.0,156.0,131.0,125.0,118.0,106.0,94.0,80.5,66.5,47.5,31.5,22.5,20.0,964.5,20.5,87.0,104.0,98.0,87.5,81.5,75.5,61.5,58.5,57.0,51.5,45.5,39.0,33.0,23.5,17.0,12.0,11.0,1028.0,22.0,91.5,110.0,108.0,97.0,86.0,80.5,69.5,66.5,61.5,54.5,48.5,41.0,33.5,24.0,15.0,10.0,8.0,129.5,82.5,438.5,7.5
54,Samal City,Guilon,rural,4.44,84.0,90.0,324.5,418.0,11.0,0.0,57.5,35.5,21.0,1.0,17.5,0.0,0.0,404.0,76742024.0,99764631.0,6.0,63.5,6.0,275.0,22.0,31.5,1.0,0.0,1.0,20.0,75.5,0.0,0.0,6.0,23.5,0.0,0.0,0.0,0.0,377.0,1515.0,636.0,223.0,413.0,670.0,236.0,434.0,425.5,297.5,128.0,105.5,34.0,13.0,21.0,148.0,74.0,73.5,18.0,10.0,8.0,540.0,270.5,269.5,499.0,213.5,285.5,0.0,0.0,0.0,57.5,43.0,15.0,1615.5,34.5,144.5,173.5,167.0,149.5,136.0,127.0,106.0,101.5,96.0,86.0,76.5,65.5,54.5,38.5,25.5,18.5,16.0,782.0,16.5,70.5,84.5,79.5,71.0,66.5,61.5,50.5,47.5,46.5,41.5,37.0,32.0,27.0,19.0,13.5,10.0,9.0,833.5,18.0,74.0,89.5,88.0,78.5,69.5,65.5,56.5,53.5,49.5,44.5,39.5,33.5,27.0,19.0,12.0,8.0,7.0,105.0,67.5,355.5,6.0
55,Samal City,Kanaan,rural,4.14,78.5,84.0,303.0,390.0,10.0,0.0,53.5,33.0,20.0,1.0,16.5,0.0,0.0,377.0,71652244.0,93147917.0,5.0,59.5,5.0,257.0,20.5,29.5,1.0,0.0,1.0,19.0,70.5,0.0,0.0,6.0,22.0,0.0,0.0,0.0,0.0,352.0,1414.5,594.0,208.0,385.5,626.0,220.0,405.5,397.5,277.5,120.0,99.0,32.0,12.0,20.0,138.0,69.5,68.5,17.0,9.0,8.0,504.0,253.0,252.0,466.0,199.5,266.5,0.0,0.0,0.0,54.0,40.0,14.0,1508.5,32.0,135.0,162.0,156.0,140.0,127.0,118.0,99.0,94.5,89.5,80.5,71.5,60.5,50.5,36.0,24.0,17.0,15.0,730.5,15.5,65.5,78.5,74.0,66.5,61.5,57.0,46.5,44.5,43.0,39.0,34.5,29.5,25.0,18.0,13.0,9.0,9.0,778.0,16.5,69.5,83.5,82.0,73.5,65.5,61.5,52.5,50.0,46.5,41.5,37.0,31.0,25.5,18.0,11.0,8.0,6.0,98.0,62.5,331.5,6.0
56,Samal City,Kinawitnon,rural,5.64,107.0,114.0,412.0,531.0,14.0,0.0,72.5,45.5,27.0,2.0,22.5,0.0,0.0,513.0,97496467.0,126745407.0,7.0,81.0,7.0,349.0,28.0,40.0,1.0,0.0,2.0,25.5,96.0,0.0,0.0,8.0,29.5,0.0,0.0,0.0,0.0,479.0,1924.5,808.5,283.0,524.5,851.5,300.0,552.0,541.0,377.5,163.5,134.5,43.5,16.0,27.0,187.5,94.0,93.5,23.0,12.0,10.5,686.5,343.5,342.5,634.0,271.0,363.0,0.0,0.0,0.0,73.5,54.5,19.0,2052.5,43.5,183.5,220.5,212.5,190.5,173.0,161.0,135.0,129.0,122.0,109.5,97.0,82.5,68.5,48.5,32.5,23.5,20.5,994.0,21.0,89.5,107.0,100.5,90.0,84.5,77.5,63.5,60.5,58.5,53.0,46.5,40.5,34.0,24.5,17.0,13.0,12.0,1058.5,22.5,94.0,113.5,111.5,100.0,88.5,83.5,71.5,68.0,63.5,56.5,50.5,42.5,34.5,24.5,15.0,11.0,9.0,133.5,85.5,451.5,8.0
57,Samal City,Libertad,rural,6.81,129.0,138.0,498.0,641.0,16.5,0.0,87.5,54.5,32.5,2.0,27.0,0.0,0.0,619.5,117707341.5,153019544.0,9.0,98.0,8.5,421.5,33.5,48.5,1.0,1.0,2.0,31.0,116.0,0.0,0.0,10.0,36.0,0.0,1.0,0.0,0.0,578.5,2323.5,976.0,342.0,633.5,1028.0,362.0,666.5,653.0,456.0,197.0,162.0,52.5,20.0,32.5,226.5,113.5,113.0,27.5,15.0,13.0,828.5,415.0,413.5,765.0,327.5,437.5,1.0,1.0,0.0,89.0,65.5,23.0,2478.0,52.5,221.5,266.5,256.0,229.5,208.5,194.5,163.0,155.5,147.0,132.0,117.0,100.0,83.0,58.5,39.0,28.0,24.5,1199.5,25.5,108.0,129.0,122.0,109.0,102.0,93.5,77.0,73.5,70.5,64.5,56.5,48.5,41.5,29.5,21.0,15.0,14.0,1278.0,27.5,113.5,137.0,135.0,121.0,107.0,100.5,86.0,82.0,76.5,68.5,60.5,51.5,41.5,29.5,18.0,13.0,10.5,161.0,103.0,545.0,9.5
58,Samal City,Libuak,rural,4.21,79.5,85.5,307.5,396.0,10.0,0.0,54.5,33.5,20.0,1.0,17.0,0.0,0.0,383.0,72739381.5,94561196.0,5.0,60.5,5.0,260.5,21.0,30.0,1.0,0.0,1.0,19.0,71.5,0.0,0.0,6.0,22.0,0.0,0.0,0.0,0.0,357.5,1435.5,603.0,211.0,391.5,635.5,223.5,411.5,403.5,282.0,121.5,100.0,32.0,12.0,20.0,140.0,70.5,69.5,17.0,9.0,8.0,512.0,256.0,256.0,473.0,202.5,270.5,0.0,0.0,0.0,54.5,40.5,14.0,1531.0,32.5,137.0,164.5,158.5,142.0,129.0,120.0,101.0,96.0,91.0,81.5,72.5,61.5,51.5,36.5,24.0,17.5,15.0,741.5,16.0,66.5,80.0,75.5,67.5,62.5,57.5,47.5,45.5,43.5,39.5,35.0,30.0,25.5,18.0,13.0,9.5,9.0,790.0,17.0,70.5,84.5,83.5,74.5,66.5,62.5,53.5,50.5,47.5,42.0,37.5,31.5,26.0,18.0,11.0,8.0,6.5,99.5,63.5,337.0,6.0
59,Samal City,Licup,rural,2.54,48.5,51.5,185.5,239.0,6.0,0.0,32.5,20.5,12.0,1.0,10.0,0.0,0.0,231.0,43930238.0,57109309.0,3.0,36.5,3.0,157.5,12.5,18.0,0.0,0.0,1.0,11.5,43.5,0.0,0.0,4.0,13.0,0.0,0.0,0.0,0.0,216.0,867.0,364.5,127.5,236.5,384.0,135.0,248.5,244.0,170.5,73.5,60.5,19.5,7.0,12.5,84.5,42.5,42.5,10.0,5.5,5.0,309.5,155.0,154.5,285.5,122.0,163.5,0.0,0.0,0.0,33.0,24.5,9.0,925.0,19.5,82.5,99.5,95.5,85.5,78.0,72.5,60.5,58.0,55.0,49.5,43.5,37.5,31.0,22.0,14.5,10.5,9.0,447.5,9.5,40.5,48.5,45.5,40.5,38.0,35.0,28.5,27.5,26.5,24.0,21.0,18.0,15.5,11.0,8.0,6.0,5.0,477.0,10.0,42.5,51.5,50.5,45.0,40.0,37.5,32.0,30.5,28.5,25.5,22.5,19.0,15.5,11.0,7.0,5.0,4.0,60.0,38.5,203.5,3.5
60,Samal City,Limao,rural,7.13,135.0,145.0,522.0,672.0,17.0,0.0,92.0,57.5,34.0,2.0,28.5,0.0,0.0,649.5,123390105.5,160407137.0,9.0,102.5,9.0,441.5,35.5,50.5,1.0,1.0,2.0,32.5,122.0,0.0,0.0,10.0,37.5,0.0,1.0,0.0,0.0,606.0,2435.5,1023.0,358.5,664.5,1078.0,379.5,698.5,684.5,478.0,206.5,169.5,55.0,21.0,34.5,237.5,119.0,119.0,29.0,15.5,13.0,868.5,434.5,433.5,802.5,343.5,459.0,1.0,1.0,0.0,93.0,68.5,24.0,2597.5,55.5,232.0,279.5,269.0,241.0,219.0,203.5,171.0,163.0,154.5,138.5,123.0,105.0,87.0,61.5,41.0,29.5,26.0,1258.0,26.5,113.0,136.0,127.0,114.0,106.5,98.0,80.5,76.5,74.5,67.5,59.5,51.0,43.5,31.0,22.0,16.0,15.0,1340.0,28.5,119.0,144.0,141.0,127.0,112.0,105.5,90.5,86.0,80.0,71.5,63.5,53.5,43.5,31.0,19.0,13.5,11.0,168.5,108.0,571.5,10.0
61,Samal City,Linosutan,rural,2.44,46.5,49.5,178.5,229.5,6.0,0.0,31.5,19.5,12.0,1.0,10.0,0.0,0.0,222.0,42151285.5,54796671.5,3.0,35.0,3.0,151.0,12.0,17.0,0.0,0.0,1.0,11.0,41.5,0.0,0.0,3.0,13.0,0.0,0.0,0.0,0.0,207.0,832.0,349.5,122.5,227.0,368.5,129.5,238.5,234.0,163.0,70.5,58.0,18.5,7.0,11.5,81.5,40.5,40.5,10.0,5.0,5.0,296.5,148.5,148.0,274.0,117.0,157.0,0.0,0.0,0.0,32.0,23.5,8.0,887.0,19.0,79.5,95.5,91.5,82.5,74.5,69.5,58.5,55.5,52.5,47.5,42.0,35.5,29.5,21.0,14.0,10.0,9.0,429.5,9.0,38.5,46.5,43.5,39.0,36.5,33.5,27.5,26.0,25.5,23.0,20.0,17.5,15.0,10.5,7.0,5.5,5.0,457.5,10.0,40.5,49.0,48.5,43.5,38.5,36.0,31.0,29.5,27.5,24.5,22.0,18.0,15.0,10.5,6.5,5.0,4.0,57.5,37.0,195.5,3.5
62,Samal City,Mambago-A,rural,5.24,99.0,106.0,383.0,493.0,13.0,0.0,67.5,42.0,25.0,1.0,21.0,0.0,0.0,476.5,90578319.5,117751815.0,7.0,75.5,7.0,324.5,26.0,37.0,1.0,0.0,2.0,24.0,89.5,0.0,0.0,7.0,27.5,0.0,0.0,0.0,0.0,444.5,1788.0,750.5,263.0,487.5,791.0,278.5,512.5,502.5,351.0,151.5,124.5,40.5,15.0,25.0,174.5,87.5,87.0,21.0,11.5,10.0,637.5,319.5,318.5,589.0,252.0,337.0,0.0,0.0,0.0,68.5,50.5,18.0,1907.0,40.5,170.5,205.0,197.5,176.5,160.5,149.5,125.5,120.0,113.0,101.5,90.0,76.5,63.5,45.5,30.0,22.0,19.0,923.5,19.5,83.0,99.5,93.5,83.5,78.5,72.0,59.5,56.5,54.5,49.5,43.5,37.5,32.0,22.5,16.0,12.0,11.0,983.5,21.0,87.5,105.5,103.5,93.0,82.5,77.5,66.5,63.5,58.5,52.5,46.5,39.5,32.0,23.0,14.0,10.0,8.0,123.5,79.5,419.5,7.5
63,Samal City,Mambago-B,rural,7.57,143.5,153.5,553.5,712.5,18.0,0.0,97.5,60.5,36.5,2.0,30.0,0.0,0.0,688.5,130851822.0,170107368.5,10.0,109.0,9.5,468.5,37.5,53.5,1.0,1.0,2.0,34.5,129.0,0.0,0.0,11.0,39.5,0.0,1.0,0.0,0.0,643.0,2583.0,1084.5,380.0,704.5,1143.0,402.0,740.5,726.0,507.0,219.0,180.5,58.5,22.0,36.5,252.0,126.0,126.0,30.5,16.5,14.0,921.0,461.5,459.5,851.0,364.0,487.0,1.0,1.0,0.0,99.0,73.0,25.5,2755.0,58.5,246.0,296.5,285.0,255.0,232.0,216.0,181.5,172.5,163.5,147.0,130.0,111.0,92.5,65.5,43.5,31.5,27.5,1333.5,28.0,120.0,144.0,135.0,121.0,113.0,104.0,85.5,81.5,78.5,71.5,62.5,54.5,46.0,32.5,23.0,17.0,16.0,1421.0,30.5,126.0,152.5,150.0,134.0,119.0,112.0,96.0,91.5,85.0,75.5,67.5,56.5,46.5,33.0,20.0,14.0,12.0,179.0,114.0,606.0,10.5
64,Samal City,Miranda (Pob.),urban,20.32,385.0,412.5,1486.0,1914.0,49.5,0.0,261.5,163.0,97.5,6.0,80.5,0.0,1.0,1850.0,351491318.0,456938713.5,26.0,292.5,25.5,1259.0,101.0,144.0,3.0,2.0,6.0,92.0,346.5,0.0,0.0,29.0,107.0,0.0,2.0,0.0,1.0,1726.5,6938.0,2913.5,1021.0,1892.0,3070.0,1080.5,1989.5,1950.0,1362.0,588.5,484.0,157.0,59.0,97.5,676.5,338.5,338.0,82.5,44.5,38.0,2473.5,1239.0,1235.0,2286.0,978.5,1307.5,2.0,2.0,0.0,265.0,196.5,69.0,7399.5,157.0,661.5,795.5,765.0,685.5,623.5,579.5,487.0,464.5,439.5,394.5,349.5,298.5,248.0,176.0,116.0,84.5,73.5,3582.5,75.5,322.5,386.5,363.0,324.5,303.5,279.5,230.0,219.0,211.5,191.5,168.5,145.5,123.0,87.5,61.5,45.5,42.5,3817.0,81.5,339.0,409.5,402.0,360.5,319.5,300.0,257.0,245.0,228.0,203.5,181.0,153.0,124.5,88.0,54.5,38.5,31.5,481.0,307.5,1628.0,28.0
65,Samal City,Moncado (Pob.),rural,10.7,202.5,217.0,782.0,1008.0,26.0,0.0,138.0,85.5,51.5,3.0,42.5,0.0,0.0,973.5,185011035.5,240514346.0,14.0,154.0,13.5,662.5,53.0,75.5,1.0,1.0,3.0,48.5,182.5,0.0,0.0,15.0,56.5,0.0,1.0,0.0,0.0,909.0,3652.0,1533.5,537.5,996.0,1616.0,568.5,1047.0,1026.5,716.5,309.5,255.0,82.5,31.0,51.5,356.0,178.5,177.5,43.5,23.5,20.0,1302.0,652.0,650.0,1203.5,515.0,688.5,1.0,1.0,0.0,140.0,103.0,36.5,3895.0,82.5,348.0,419.0,403.0,361.0,328.5,305.5,256.0,244.0,231.5,207.5,184.0,157.0,130.5,92.5,61.5,44.5,38.5,1886.0,39.5,169.5,203.5,191.5,171.0,160.0,147.0,121.0,115.0,111.5,100.5,88.5,76.5,64.5,46.5,32.5,24.0,22.0,2009.0,43.0,178.5,215.5,211.5,189.5,168.5,158.0,135.5,129.0,120.0,107.0,95.0,80.5,65.5,46.5,28.5,20.0,16.5,253.0,161.5,857.0,14.5
66,Samal City,Pangubatan (Talicod I),rural,3.96,75.0,80.5,289.5,373.0,10.0,0.0,51.0,31.5,19.0,1.0,16.0,0.0,0.0,360.0,68440247.0,88972321.0,5.0,56.5,5.0,245.0,19.5,28.0,1.0,0.0,1.0,18.0,67.5,0.0,0.0,6.0,21.0,0.0,0.0,0.0,0.0,336.5,1351.0,567.5,198.5,368.0,597.5,210.5,387.5,379.5,265.0,114.5,94.5,30.5,12.0,19.0,132.0,65.5,65.5,16.0,9.0,7.0,481.5,241.0,240.5,445.5,190.5,255.0,0.0,0.0,0.0,51.5,38.5,13.5,1440.5,30.5,129.0,155.0,149.0,133.5,121.0,113.0,95.0,90.5,85.5,76.5,68.5,58.5,48.5,34.5,22.5,16.5,14.0,697.5,15.0,62.5,75.5,70.5,63.5,59.5,54.5,44.5,42.5,41.5,37.5,33.0,28.5,24.0,17.0,12.0,9.0,8.0,743.0,16.0,66.0,79.5,78.5,70.5,62.5,58.5,50.5,47.5,44.5,39.5,35.5,30.0,24.0,17.0,11.0,7.5,6.0,94.0,59.5,316.5,5.5
67,Samal City,Pe√±aplata (Pob.),urban,17.42,330.5,353.5,1274.0,1641.0,42.5,0.0,224.0,140.0,83.5,5.0,69.5,0.0,1.0,1585.5,301285332.0,391670932.0,22.5,251.0,22.0,1078.5,86.5,123.0,2.0,1.0,5.0,79.0,296.5,0.0,0.0,25.0,91.5,0.0,1.0,0.0,0.0,1480.0,5947.0,2497.0,875.0,1622.0,2632.0,926.0,1705.5,1671.5,1167.0,504.0,415.0,134.5,51.0,84.0,580.0,290.5,289.5,70.5,38.0,32.5,2120.5,1062.0,1058.5,1959.5,838.5,1120.5,2.0,1.0,0.0,227.5,168.5,59.5,6343.0,135.0,567.0,682.0,656.0,587.5,534.5,497.0,417.5,398.0,377.0,338.0,299.5,256.0,212.5,151.0,100.0,72.5,63.5,3071.0,64.5,276.5,331.5,311.5,278.5,260.0,240.0,196.5,187.5,181.5,164.0,144.5,125.0,106.0,75.5,53.0,39.0,36.5,3272.0,69.5,290.5,351.0,345.0,309.5,274.0,257.0,220.5,210.5,195.5,174.5,155.0,131.0,107.0,75.5,46.5,33.0,27.0,412.0,263.0,1395.0,24.5
68,Samal City,Poblacion (Kaputian),rural,11.38,215.5,231.0,832.5,1071.5,27.5,0.0,146.5,91.5,54.5,3.0,45.5,0.0,0.0,1036.0,196821302.0,255867692.5,15.0,163.5,14.0,704.5,56.5,80.5,1.5,1.0,3.0,51.5,193.5,0.0,0.0,16.0,59.5,0.0,1.0,0.0,0.0,967.0,3885.0,1631.5,571.5,1060.0,1719.0,605.0,1114.5,1092.0,762.5,329.5,271.0,88.0,33.0,54.5,379.0,189.5,189.5,46.0,25.0,21.0,1385.0,693.5,691.5,1280.0,547.5,732.0,1.0,1.0,0.0,148.5,110.0,38.5,4143.5,88.0,370.0,445.5,428.5,384.0,349.0,324.5,273.0,260.0,246.0,221.0,195.5,167.0,139.0,98.5,65.5,47.5,41.5,2006.0,42.5,180.5,216.5,203.5,182.0,170.0,156.5,129.0,123.0,118.5,107.0,94.5,81.5,69.5,49.5,34.5,25.5,24.0,2137.5,45.5,189.5,229.0,225.0,202.0,179.0,168.0,144.0,137.0,128.0,114.0,101.5,85.5,69.5,49.5,30.5,21.5,17.5,269.5,172.0,911.5,15.5
69,Samal City,San Agustin,rural,5.14,97.5,104.0,376.0,484.0,12.5,0.0,66.5,41.5,24.5,1.0,20.5,0.0,0.0,468.0,88898198.0,115567657.5,7.0,74.0,6.0,318.5,25.5,36.5,1.0,0.0,2.0,23.5,87.5,0.0,0.0,7.0,27.0,0.0,0.0,0.0,0.0,436.5,1755.0,737.0,258.5,478.5,776.5,273.5,503.0,493.0,344.5,149.0,122.5,39.5,15.0,24.5,171.0,85.5,85.5,21.0,11.0,10.0,626.0,313.5,312.5,578.5,247.0,330.5,0.0,0.0,0.0,67.5,49.5,17.5,1871.5,39.5,167.5,201.5,193.5,173.5,157.5,146.5,123.0,117.0,111.0,100.0,88.5,75.5,62.5,44.5,29.5,21.0,18.5,906.0,19.0,81.5,98.0,92.0,82.5,76.5,70.5,58.5,55.5,53.5,48.5,42.5,37.0,31.0,22.0,16.0,11.5,11.0,965.5,20.5,85.5,103.5,102.0,91.0,81.0,76.0,65.5,62.5,57.5,51.5,45.5,38.5,31.5,22.0,14.0,10.0,8.0,121.5,77.5,411.5,7.0
70,Samal City,San Antonio,rural,5.99,113.5,122.0,438.5,564.5,14.5,0.0,77.5,48.0,29.0,2.0,24.0,0.0,0.0,545.5,103673384.5,134775400.5,8.0,86.5,7.5,371.0,29.5,42.5,1.0,0.0,2.0,27.0,102.0,0.0,0.0,8.5,31.5,0.0,0.5,0.0,0.0,509.0,2046.5,859.5,301.5,558.0,905.5,318.5,587.0,575.0,401.5,173.5,143.0,46.5,17.5,28.5,199.5,100.0,99.5,24.0,13.0,11.0,729.5,365.5,364.0,674.0,288.5,386.0,1.0,0.0,0.0,78.5,57.5,20.5,2182.5,46.5,195.5,235.0,225.5,202.5,183.5,171.0,144.0,137.0,130.0,116.0,103.0,88.0,73.5,51.5,34.5,25.0,22.0,1056.5,22.0,95.0,114.0,107.0,96.0,89.5,82.5,67.5,64.5,62.5,56.5,49.5,43.0,36.5,26.0,18.0,13.5,12.5,1126.0,24.0,100.0,121.0,119.0,106.5,94.5,88.5,76.0,72.5,67.5,59.5,53.5,45.0,36.5,26.0,16.0,11.0,9.0,142.0,90.5,480.0,8.5
71,Samal City,San Isidro (Babak),rural,6.43,122.0,130.0,470.0,605.5,15.5,0.0,82.5,51.5,31.0,2.0,25.5,0.0,0.0,585.5,111184516.5,144539871.5,8.0,92.5,8.0,398.0,32.0,45.5,1.0,0.0,2.0,29.0,109.5,0.0,0.0,9.0,34.0,0.0,1.0,0.0,0.0,546.5,2194.5,921.5,323.0,599.0,971.0,342.0,629.5,617.0,431.0,186.0,153.0,49.5,19.0,30.5,214.0,107.0,107.0,26.0,14.0,12.0,782.5,392.0,391.0,723.0,309.5,413.5,1.0,0.0,0.0,84.0,62.5,22.0,2340.5,49.5,209.5,252.0,242.0,217.0,197.5,183.5,154.0,147.0,139.0,125.0,110.5,94.5,78.5,55.5,37.0,26.5,23.0,1133.0,24.0,102.0,122.0,115.0,103.0,96.0,88.5,72.5,69.5,66.5,60.5,53.5,46.0,39.0,28.0,19.5,14.5,13.5,1207.5,26.0,107.0,129.0,127.0,114.0,101.0,95.0,81.5,77.5,72.5,64.5,57.5,48.5,39.5,28.0,17.0,12.0,10.0,152.0,97.0,515.0,9.0
72,Samal City,San Isidro (Kaputian),rural,4.45,84.5,90.5,325.5,418.5,11.0,0.0,57.5,35.5,21.0,1.0,18.0,0.0,0.0,404.5,76890270.5,99957351.0,6.0,63.5,6.0,275.0,22.0,31.5,1.0,0.0,1.0,20.0,75.5,0.0,0.0,6.0,23.5,0.0,0.0,0.0,0.0,378.0,1518.0,637.0,223.0,414.0,672.0,236.0,435.0,426.5,297.5,129.0,106.0,34.0,13.0,21.0,148.0,74.5,74.0,18.0,10.0,8.0,541.0,271.0,270.0,500.0,214.0,286.0,0.0,0.0,0.0,58.0,43.0,15.0,1619.0,34.5,145.0,174.0,167.5,150.0,136.0,127.0,106.5,101.5,96.0,86.5,76.5,65.5,54.5,38.5,25.5,18.5,16.0,784.0,16.5,70.5,84.5,79.5,71.5,66.5,61.5,50.5,48.0,46.5,41.5,37.0,32.0,27.0,19.0,13.5,10.0,9.0,835.0,18.0,74.5,89.5,88.0,79.0,70.0,65.5,56.5,53.5,50.0,44.5,39.5,33.5,27.0,19.0,12.0,8.5,7.0,105.0,67.5,356.0,6.0
73,Samal City,San Jose (San Lapuz),rural,5.01,95.0,101.5,366.5,472.0,12.0,0.0,64.5,40.0,24.0,1.0,20.0,0.0,0.0,456.5,86674507.5,112676859.5,6.5,72.5,6.0,310.5,25.0,35.5,1.0,0.0,1.5,23.0,85.5,0.0,0.0,7.0,26.5,0.0,0.0,0.0,0.0,425.5,1710.5,718.5,251.5,466.5,757.5,266.5,491.0,481.0,335.5,145.0,119.0,38.5,15.0,24.0,167.0,83.5,83.5,20.0,11.0,9.0,610.0,305.5,304.5,563.5,241.0,322.5,0.0,0.0,0.0,65.5,48.5,17.0,1824.5,38.5,163.0,196.5,188.5,169.0,154.0,143.0,120.0,114.5,108.5,97.0,86.5,73.5,61.5,43.5,28.5,21.0,18.0,883.0,18.5,79.5,95.5,89.5,80.0,74.5,69.0,56.5,54.0,52.5,47.5,41.5,36.0,30.5,21.5,15.0,11.0,10.5,941.5,20.0,83.5,101.0,99.0,89.0,78.5,74.0,63.5,60.5,56.5,50.5,44.5,37.5,30.5,22.0,13.5,9.5,8.0,118.5,75.5,401.5,7.0
74,Samal City,San Miguel (Magamono),rural,4.7,89.0,95.5,343.5,442.5,11.0,0.0,60.5,37.5,22.5,1.0,18.5,0.0,0.0,427.5,81238820.0,105610466.0,6.0,67.5,6.0,291.0,23.0,33.5,1.0,0.0,1.0,21.0,80.0,0.0,0.0,7.0,25.0,0.0,0.0,0.0,0.0,399.0,1603.5,673.5,236.0,437.5,709.5,249.5,459.5,451.0,315.0,136.0,112.0,36.0,14.0,22.5,156.5,78.5,78.0,19.0,10.0,9.0,571.5,286.5,285.5,528.0,226.0,302.5,0.0,0.0,0.0,61.5,45.5,16.0,1710.5,36.5,153.0,183.5,176.5,158.5,144.0,134.0,112.5,107.0,101.5,91.0,80.5,68.5,57.5,40.5,27.0,19.5,17.0,828.5,17.5,74.5,89.5,84.0,75.5,70.5,64.5,53.5,50.5,49.0,44.5,39.0,33.5,28.5,20.0,14.0,10.5,10.0,882.0,19.0,78.5,94.5,93.0,83.5,73.5,69.5,59.5,56.5,52.5,47.0,41.5,35.5,29.0,20.5,12.5,9.0,7.0,111.0,71.0,376.0,6.5
75,Samal City,San Remigio,rural,6.25,118.0,127.0,457.0,588.5,15.0,0.0,80.5,50.0,30.0,2.0,25.0,0.0,0.0,568.5,108071350.0,140492755.0,8.0,90.0,8.0,387.0,31.0,44.5,1.0,0.0,2.0,28.5,106.5,0.0,0.0,9.0,33.0,0.0,1.0,0.0,0.0,531.0,2133.0,895.5,314.0,581.5,944.0,332.5,612.0,600.0,418.5,181.0,148.5,48.5,18.0,30.0,208.0,104.0,104.0,25.5,14.0,12.0,761.0,381.0,380.0,702.5,300.5,402.0,1.0,0.0,0.0,81.5,60.5,21.0,2275.0,48.5,203.5,245.0,235.0,210.5,191.5,178.5,150.0,143.0,135.0,121.0,107.5,91.5,76.5,54.5,36.0,26.0,22.5,1101.5,23.0,99.0,119.0,111.5,100.0,93.5,86.0,70.5,67.5,65.5,58.5,51.5,44.5,38.0,27.0,19.0,14.0,13.0,1173.5,25.0,104.0,126.0,124.0,111.0,98.5,92.5,79.0,75.5,70.5,62.5,55.5,47.0,38.5,27.0,17.0,12.0,10.0,148.0,94.5,500.5,8.5
76,Samal City,Santa Cruz (Talicod II),rural,10.9,206.5,221.0,797.0,1026.5,26.5,0.0,140.0,87.5,52.5,3.0,43.5,0.0,0.0,992.0,188470109.0,245011142.0,14.0,156.5,14.0,675.0,54.0,77.5,1.0,1.0,3.0,49.5,185.5,0.0,0.0,15.5,57.5,0.0,1.0,0.0,0.0,926.0,3720.5,1562.0,547.5,1015.0,1646.5,579.0,1066.5,1045.5,730.0,315.0,259.5,84.0,32.0,52.5,363.0,181.5,181.5,44.5,24.0,20.5,1326.5,664.5,662.0,1225.5,524.5,701.0,1.0,1.0,0.0,142.0,105.0,37.0,3967.5,84.5,354.5,426.5,410.5,367.5,334.5,310.5,261.0,249.0,236.0,211.5,187.5,160.0,133.0,94.5,62.5,45.5,39.5,1921.0,40.5,173.0,207.5,194.5,174.5,163.0,150.0,123.0,117.0,113.5,102.5,90.5,78.0,66.5,47.0,33.0,24.5,23.0,2047.0,43.5,181.5,219.5,215.5,193.5,171.5,161.0,138.0,131.5,122.0,109.0,97.0,82.0,66.5,47.5,29.0,21.0,17.0,257.5,164.5,873.0,15.5
77,Samal City,Santo Ni√±o,rural,4.45,84.5,90.5,325.5,419.5,11.0,0.0,57.5,35.5,21.5,1.0,18.0,0.0,0.0,405.0,76989101.0,100085831.0,6.0,64.5,6.0,276.0,22.0,31.5,1.0,0.0,1.0,20.0,75.5,0.0,0.0,6.0,23.5,0.0,0.0,0.0,0.0,378.0,1520.0,638.0,224.0,414.0,672.0,237.0,436.0,427.0,298.5,129.0,106.0,34.0,13.0,21.0,148.0,74.5,74.0,18.0,10.0,8.0,542.0,271.0,270.5,501.0,214.5,286.5,0.0,0.0,0.0,58.5,43.0,15.0,1621.0,34.5,145.0,174.5,167.5,150.0,137.0,127.0,107.0,101.5,96.5,86.5,76.5,65.5,54.5,38.5,25.5,18.5,16.0,785.0,16.5,70.5,84.5,79.5,71.5,66.5,61.5,50.5,48.0,46.5,42.0,37.0,32.0,27.0,19.0,13.5,10.0,9.0,836.0,18.0,74.5,89.5,88.0,79.0,70.0,65.5,56.5,53.5,50.0,44.5,39.5,33.5,27.0,19.0,12.0,8.5,7.0,105.0,67.5,356.5,6.0
78,Samal City,Sion (Zion),rural,1.97,37.5,40.0,144.0,185.5,5.0,0.0,25.5,16.0,9.5,1.0,8.0,0.0,0.0,179.5,34096585.0,44325560.5,3.0,28.5,2.0,122.0,10.0,14.0,0.0,0.0,1.0,9.0,33.5,0.0,0.0,3.0,10.0,0.0,0.0,0.0,0.0,167.5,673.0,282.5,99.0,184.0,298.0,105.0,193.0,189.0,132.0,57.0,47.0,15.5,6.0,9.5,65.5,33.0,33.0,8.0,4.0,4.0,240.0,120.0,120.0,221.5,95.0,127.0,0.0,0.0,0.0,26.0,19.0,7.0,717.5,15.0,64.5,77.5,74.5,66.5,60.5,56.5,47.5,45.0,42.5,38.5,34.0,29.0,24.0,17.0,11.0,8.0,7.0,347.5,7.0,31.5,37.5,35.0,31.5,29.5,27.0,22.0,21.0,20.5,18.5,16.0,14.0,12.0,8.5,6.0,4.0,4.0,370.0,8.0,33.0,39.5,39.0,35.0,31.0,29.0,25.0,24.0,22.0,20.0,17.5,15.0,12.0,8.5,5.0,4.0,3.0,47.0,30.0,158.0,3.0
79,Samal City,Tagbaobo,rural,6.23,118.0,126.0,455.5,586.5,15.0,0.0,80.0,50.0,30.0,2.0,25.0,0.0,0.0,566.5,107676027.0,139978835.5,8.0,89.5,8.0,386.0,31.0,44.0,1.0,0.0,2.0,28.0,106.0,0.0,0.0,9.0,32.5,0.0,1.0,0.0,0.0,529.0,2125.5,892.5,312.5,579.5,940.5,331.0,609.5,597.0,417.0,180.0,148.5,48.5,18.0,29.5,207.5,104.0,103.5,25.0,13.5,12.0,758.0,380.0,378.0,700.5,299.5,400.5,1.0,0.0,0.0,81.5,60.5,21.0,2267.0,48.5,202.5,244.0,234.5,210.0,191.5,177.5,149.0,142.0,135.0,121.0,107.0,91.5,76.0,53.5,35.5,26.0,22.5,1097.5,23.0,99.0,118.0,111.0,99.5,93.0,85.5,70.5,67.5,64.5,58.5,51.5,44.5,37.5,27.0,19.0,14.0,13.0,1169.5,25.0,104.0,125.0,123.0,110.5,98.0,92.0,78.5,75.5,69.5,62.5,55.5,46.5,38.0,27.0,17.0,12.0,10.0,147.0,94.0,499.0,8.5
80,Samal City,Tagbay,rural,4.02,76.5,81.5,294.0,379.0,10.0,0.0,51.5,32.0,19.0,1.0,16.0,0.0,0.0,366.0,69527384.0,90385599.5,5.0,57.5,5.0,249.0,20.0,28.5,1.0,0.0,1.0,18.0,68.5,0.0,0.0,6.0,21.0,0.0,0.0,0.0,0.0,341.5,1372.5,576.0,202.0,374.0,607.0,213.5,393.5,385.5,269.0,116.5,95.5,31.0,12.0,19.0,134.0,67.0,66.5,16.0,9.0,7.5,489.0,245.0,244.0,452.5,193.5,259.0,0.0,0.0,0.0,52.5,39.0,14.0,1463.5,31.0,131.0,157.5,151.5,136.0,123.0,115.0,96.5,92.0,87.0,78.0,69.5,59.0,49.0,35.0,23.0,17.0,14.5,708.5,15.0,63.5,76.5,71.5,64.5,60.5,55.5,45.5,43.5,42.0,38.0,33.5,29.0,24.5,17.0,12.0,9.0,8.0,755.0,16.0,67.0,81.0,79.5,71.5,63.5,59.5,51.0,48.5,45.0,40.5,36.0,30.0,24.5,17.5,11.0,8.0,6.0,95.0,60.5,322.0,5.5
81,Samal City,Tagbitan-Ag,rural,6.24,118.0,127.0,456.0,587.5,15.0,0.0,80.5,50.0,30.0,2.0,25.0,0.0,0.0,567.5,107873688.5,140235795.5,8.0,89.5,8.0,386.0,31.0,44.5,1.0,0.0,2.0,28.5,106.0,0.0,0.0,9.0,33.0,0.0,1.0,0.0,0.0,530.0,2129.5,894.0,313.5,580.5,942.0,331.5,611.0,598.0,418.0,180.5,148.5,48.5,18.0,29.5,207.5,104.0,104.0,25.0,14.0,12.0,759.0,380.0,379.0,701.5,300.5,401.0,1.0,0.0,0.0,81.5,60.5,21.0,2271.0,48.5,203.0,244.0,235.0,210.5,191.5,178.0,149.5,142.5,135.0,121.0,107.0,91.5,76.0,54.0,35.5,26.0,22.5,1099.5,23.0,99.0,119.0,111.5,100.0,93.0,86.0,70.5,67.5,64.5,58.5,51.5,44.5,38.0,27.0,19.0,14.0,13.0,1171.5,25.0,104.0,126.0,123.0,111.0,98.0,92.0,79.0,75.5,70.0,62.5,55.5,47.0,38.5,27.0,17.0,12.0,10.0,148.0,94.5,500.0,8.5
82,Samal City,Tagdaliao,rural,2.19,41.5,44.5,160.0,206.0,5.0,0.0,28.0,17.5,10.5,1.0,9.0,0.0,0.0,199.0,37802735.5,49143556.0,3.0,31.5,3.0,135.0,11.0,15.5,0.0,0.0,1.0,10.0,37.5,0.0,0.0,3.0,11.5,0.0,0.0,0.0,0.0,185.5,746.0,313.5,110.0,203.5,330.0,116.0,214.0,210.0,146.5,63.5,52.0,16.5,6.0,10.5,72.5,36.5,36.5,9.0,5.0,4.0,266.0,133.0,133.0,246.0,105.0,140.5,0.0,0.0,0.0,28.5,21.0,7.0,796.0,17.0,71.5,85.5,82.5,73.5,67.5,62.5,52.5,50.0,47.5,42.5,37.5,32.0,26.5,19.0,12.5,9.0,8.0,385.0,8.0,34.5,41.5,39.0,35.0,32.5,30.0,25.0,23.5,23.0,20.5,18.0,16.0,13.0,9.5,7.0,5.0,5.0,410.5,9.0,36.5,44.0,43.5,38.5,34.5,32.5,27.5,26.5,24.5,22.0,19.5,16.5,13.0,9.5,6.0,4.0,3.0,52.0,33.0,175.0,3.0
83,Samal City,Tagpopongan,rural,4.03,76.5,81.5,294.5,379.0,10.0,0.0,51.5,32.5,19.0,1.0,16.0,0.0,0.0,366.5,69626215.0,90514079.5,5.0,57.5,5.0,249.0,20.0,28.5,1.0,0.0,1.0,18.0,68.5,0.0,0.0,6.0,21.0,0.0,0.0,0.0,0.0,342.0,1374.5,577.0,202.5,375.0,608.0,214.0,394.0,386.5,270.0,116.5,96.0,31.0,12.0,19.0,134.0,67.5,66.5,16.0,9.0,7.5,490.0,245.0,245.0,452.5,193.5,259.0,0.0,0.0,0.0,52.5,39.0,14.0,1465.5,31.0,131.0,157.5,151.5,136.0,123.5,115.0,96.5,92.0,87.0,78.5,69.5,59.5,49.0,35.0,23.0,17.0,14.5,709.5,15.0,63.5,76.5,71.5,64.5,60.5,55.5,45.5,43.5,42.0,38.0,33.5,29.0,24.5,17.5,12.0,9.0,8.0,756.0,16.0,67.5,81.0,79.5,71.5,63.5,59.5,51.0,48.5,45.5,40.5,36.0,30.5,24.5,17.5,11.0,8.0,6.0,95.0,60.5,322.5,5.5
84,Samal City,Tambo,rural,12.49,237.0,253.0,913.0,1176.5,30.5,0.0,160.5,100.0,59.5,3.0,49.5,0.0,0.0,1137.0,215994454.0,280792790.0,16.0,179.5,16.0,773.5,61.5,88.5,2.0,1.0,4.0,56.5,212.5,0.0,0.0,18.0,65.5,0.0,1.0,0.0,0.0,1061.0,4263.5,1790.5,627.5,1163.0,1886.5,664.0,1222.5,1198.0,836.5,361.5,297.5,96.0,36.5,60.0,416.0,208.0,207.5,50.5,27.0,23.5,1520.0,761.0,759.0,1404.5,601.0,803.5,1.0,1.0,0.0,163.0,121.0,42.5,4547.0,96.5,406.5,489.0,470.5,421.5,383.0,356.0,299.5,285.5,270.0,242.0,214.5,183.5,152.5,108.0,71.5,51.5,45.5,2201.5,46.5,198.5,237.5,223.0,199.5,186.5,171.5,141.0,134.5,130.0,117.5,103.5,89.5,75.5,54.0,38.0,28.0,26.0,2345.5,50.0,208.5,251.5,247.0,221.5,196.5,184.5,158.0,151.0,140.0,125.0,111.0,94.0,76.5,54.5,33.5,24.0,19.0,295.0,188.5,1000.0,17.5
85,Samal City,Toril,rural,8.94,169.5,181.5,653.5,841.5,21.5,0.0,115.0,71.5,42.5,2.0,35.5,0.0,0.0,813.5,154571186.0,200942541.0,11.5,129.0,11.0,553.5,44.5,63.5,1.0,1.0,3.0,40.5,152.0,0.0,0.0,13.0,47.0,0.0,1.0,0.0,0.0,759.0,3051.0,1281.0,449.0,832.0,1350.0,475.0,875.0,857.5,599.0,259.0,212.5,69.0,26.0,43.0,297.5,149.0,148.5,36.5,19.5,17.0,1087.5,544.5,543.0,1005.0,430.5,574.5,1.0,1.0,0.0,117.0,86.5,30.5,3254.0,69.5,291.0,350.0,336.5,301.5,274.0,255.0,214.0,204.5,193.5,173.5,153.5,131.0,109.0,77.5,51.5,37.0,32.5,1575.5,33.5,142.0,170.0,159.5,143.0,134.0,123.0,101.0,96.5,93.0,84.0,74.5,63.5,54.5,38.5,27.0,20.0,18.5,1678.5,36.0,149.0,180.0,176.5,158.5,141.0,132.0,113.0,108.0,100.5,89.5,79.5,67.5,54.5,38.5,24.0,17.0,14.0,211.5,135.0,716.0,12.5
86,Tagum City,Apokon,urban,22.88,3717.5,2856.0,3323.5,7615.5,100.5,0.0,1107.0,712.5,400.5,65.5,831.5,2.0,3.0,7140.5,1356649072.0,1763643793.5,101.5,1128.0,98.5,4858.0,389.5,555.5,10.0,13.0,47.0,505.0,2051.0,3.0,8.0,515.0,1789.5,4.0,15.0,0.0,0.0,6100.5,26792.0,12544.0,4396.5,8147.5,13219.0,4651.5,8567.5,8395.5,5863.0,2532.5,2084.5,675.0,255.0,420.0,2656.5,1333.5,1322.5,383.5,238.5,146.0,9822.5,4928.5,4893.5,10544.0,4929.5,5614.5,1.0,1.0,0.0,1069.0,822.0,246.5,30703.0,609.0,2513.0,3105.0,2862.5,3099.0,3086.5,2769.5,2403.0,2150.5,1850.0,1609.0,1348.5,1116.0,889.5,567.5,330.0,213.5,182.0,15267.0,293.0,1225.5,1494.5,1395.0,1572.0,1563.0,1381.5,1177.5,1043.0,897.0,796.0,682.5,572.5,459.0,296.5,179.0,125.5,112.5,15436.0,316.0,1287.0,1610.0,1467.5,1527.5,1523.0,1388.0,1225.0,1108.0,953.0,813.0,666.0,543.5,430.5,270.5,151.0,87.5,69.5,2069.5,1185.5,6755.0,122.5
87,Tagum City,Bincungan,rural,3.25,528.5,406.0,472.0,1082.0,14.0,0.0,157.0,101.5,56.5,9.0,118.0,0.0,0.0,1014.5,192803538.0,250644599.0,14.0,160.0,14.0,690.5,55.5,78.5,1.0,2.0,7.0,71.5,291.5,0.0,1.0,73.5,254.5,1.0,2.0,0.0,0.0,866.5,3807.5,1782.5,624.5,1158.0,1878.5,661.0,1217.5,1193.0,833.0,360.0,296.5,96.0,36.0,60.0,377.5,189.5,188.0,54.5,34.0,21.0,1396.0,700.5,695.5,1498.5,700.5,798.0,0.0,0.0,0.0,152.0,117.0,35.0,4363.5,86.5,357.0,441.0,406.5,440.5,438.5,393.5,341.5,306.0,263.0,228.5,191.5,159.0,126.5,80.5,47.0,30.5,26.0,2170.0,41.5,174.0,212.5,198.0,223.5,222.5,196.5,167.0,148.0,127.5,113.0,97.0,81.5,65.5,42.0,25.5,18.0,16.0,2194.0,45.0,183.0,228.5,208.5,217.0,216.5,197.0,174.0,157.0,135.5,115.5,94.5,77.5,61.5,38.5,21.5,12.5,10.0,294.5,168.5,960.0,17.5
88,Tagum City,Busaon,rural,2.19,356.0,273.5,318.0,729.0,10.0,0.0,106.0,68.5,38.5,6.0,79.5,0.0,0.0,683.5,129858451.0,168815986.0,10.0,108.0,9.0,465.0,37.0,53.0,1.0,1.0,4.5,48.5,196.5,0.0,1.0,49.5,171.0,0.0,1.0,0.0,0.0,584.0,2564.5,1200.5,421.0,780.0,1265.5,445.5,820.0,803.5,561.5,242.5,199.5,65.0,24.0,40.0,254.5,127.5,126.5,37.0,23.0,14.0,940.0,472.0,468.0,1009.5,472.0,537.5,0.0,0.0,0.0,102.5,78.5,23.5,2939.0,58.5,240.5,297.0,274.0,297.0,295.5,265.0,230.0,206.0,177.0,154.0,129.0,107.0,85.5,54.5,31.5,20.5,17.5,1461.5,28.0,117.5,143.0,133.5,150.0,150.0,132.0,112.5,99.5,85.5,76.5,65.5,54.5,44.0,28.5,17.0,12.0,11.0,1477.5,30.0,123.0,154.0,140.5,146.0,146.0,133.0,117.5,106.0,91.5,77.5,63.5,52.0,41.0,26.0,14.5,8.0,7.0,198.0,113.5,646.5,11.5
89,Tagum City,Canocotan,urban,6.26,1017.0,781.0,909.0,2083.0,27.5,0.0,303.0,195.0,109.5,18.0,227.5,0.0,1.0,1953.5,371102338.5,482433040.0,28.0,309.0,27.0,1328.5,106.5,152.0,3.0,4.0,13.0,138.0,561.5,1.0,2.0,141.0,489.5,1.0,4.0,0.0,0.0,1668.5,7328.5,3431.5,1202.5,2229.0,3616.0,1272.5,2343.5,2296.5,1603.5,693.0,570.0,184.5,70.0,114.5,726.5,365.0,361.5,105.0,65.5,40.0,2687.0,1348.5,1338.5,2884.5,1348.5,1536.0,0.0,0.0,0.0,292.0,224.5,67.5,8398.5,166.5,687.5,849.5,783.0,847.5,844.5,757.5,657.0,588.5,506.0,440.0,369.0,305.0,243.5,155.0,90.5,58.5,49.5,4176.5,80.5,335.0,409.0,381.5,430.0,427.5,378.0,322.0,285.5,245.5,217.5,187.0,157.0,125.5,81.5,49.0,34.5,31.0,4222.5,86.5,352.0,440.5,401.5,417.5,416.5,379.5,335.0,303.0,260.5,222.5,182.0,149.0,118.0,74.5,41.5,24.0,19.0,566.5,324.0,1847.5,33.0
90,Tagum City,Cuambogan,urban,8.16,1326.5,1019.5,1185.5,2717.0,36.0,0.0,395.5,254.5,143.0,23.0,297.0,1.0,1.0,2547.5,484038596.0,629250174.5,36.0,402.5,35.0,1733.0,139.0,198.0,4.0,5.0,17.0,180.0,732.0,1.0,3.0,184.0,638.5,1.0,5.0,0.0,0.0,2176.5,9559.0,4475.5,1569.0,2907.0,4716.5,1659.5,3056.5,2995.5,2092.0,903.5,744.0,241.0,91.0,150.0,948.0,476.0,472.0,137.0,84.5,52.0,3504.5,1758.5,1746.0,3762.0,1759.0,2003.5,1.0,0.0,0.0,381.5,293.0,88.0,10954.5,217.5,896.5,1108.0,1021.5,1106.0,1101.0,988.0,857.5,767.0,660.0,574.0,481.0,398.5,317.0,202.5,118.0,76.5,64.5,5447.5,104.5,437.5,533.5,497.5,560.5,557.5,493.0,420.0,372.5,320.0,284.0,243.5,204.5,164.0,105.5,63.5,45.0,40.0,5507.0,112.5,459.0,574.5,523.5,544.5,543.5,495.0,437.0,395.5,340.0,290.0,237.5,194.0,154.0,96.5,54.0,31.5,25.0,738.5,423.0,2410.0,43.5
91,Tagum City,La Filipina,urban,11.84,1924.0,1478.0,1720.0,3941.0,52.0,0.0,573.0,368.5,207.0,34.0,430.0,1.0,1.0,3694.5,701974556.5,912566923.0,52.5,583.5,51.0,2514.0,201.5,287.0,5.0,7.0,24.5,261.5,1061.5,2.0,4.0,266.5,926.0,2.0,8.0,0.0,0.0,3156.5,13863.0,6491.0,2275.0,4216.0,6840.0,2407.0,4433.0,4344.0,3033.5,1310.5,1079.0,349.5,132.0,217.5,1374.5,690.5,684.5,198.5,123.0,75.5,5082.5,2550.0,2532.0,5456.0,2551.0,2905.5,1.0,1.0,0.0,553.0,425.5,127.5,15887.0,315.0,1300.0,1606.5,1481.0,1603.5,1597.0,1433.0,1243.0,1113.0,957.0,832.5,697.5,577.5,460.0,293.5,171.0,110.5,94.0,7900.0,152.0,634.0,773.5,721.5,813.0,809.0,714.5,609.0,539.5,464.0,412.0,353.5,296.0,237.5,153.0,92.5,65.0,58.5,7987.0,163.0,666.0,833.0,759.5,790.0,788.0,718.5,634.0,573.0,493.0,420.5,344.5,281.0,222.5,140.0,78.5,45.5,36.0,1071.0,613.0,3495.0,63.0
92,Tagum City,Liboganon,rural,1.75,285.0,218.5,254.5,583.5,8.0,0.0,84.5,54.5,30.5,5.0,63.5,0.0,0.0,547.5,103950618.5,135135803.5,8.0,86.5,7.5,372.5,30.0,42.5,1.0,1.0,4.0,38.5,157.0,0.0,1.0,39.5,137.0,0.0,1.0,0.0,0.0,467.0,2053.0,961.0,337.0,624.5,1013.0,356.5,656.0,643.0,449.0,194.0,160.0,51.5,20.0,32.5,203.5,102.5,101.5,29.5,18.0,11.0,752.5,377.5,375.0,808.0,377.5,430.0,0.0,0.0,0.0,81.5,63.0,19.0,2353.0,46.5,192.5,237.5,219.5,237.5,236.5,212.5,184.0,165.0,142.0,123.5,103.5,85.5,68.5,43.5,25.0,16.0,14.0,1169.5,22.5,94.0,114.5,107.0,120.5,120.0,106.0,90.5,79.5,68.5,61.0,52.5,44.0,35.0,23.0,14.0,10.0,9.0,1182.5,24.0,98.5,123.5,112.5,117.0,116.5,106.5,93.5,84.5,73.0,62.5,51.0,41.5,33.0,21.0,12.0,7.0,5.0,158.5,90.5,517.5,9.5
93,Tagum City,Madaum,urban,8.25,1340.5,1029.5,1198.0,2745.5,36.5,0.0,399.5,256.5,144.0,23.5,300.0,1.0,1.0,2573.5,489010345.0,635713449.0,36.5,406.5,35.5,1751.0,140.0,200.0,4.0,5.0,17.0,182.0,739.5,1.0,3.0,185.5,645.0,1.0,5.0,0.0,0.0,2199.0,9657.5,4521.5,1584.5,2936.5,4764.5,1676.5,3088.0,3026.0,2113.0,913.0,751.5,243.5,92.0,151.5,957.5,481.0,477.0,138.0,85.5,52.5,3540.5,1776.5,1764.0,3801.0,1777.0,2024.0,1.0,0.0,0.0,385.5,296.0,88.5,11067.0,219.5,905.5,1119.0,1031.5,1117.0,1112.5,998.5,866.5,775.0,667.0,580.0,486.0,402.5,321.0,204.5,119.0,76.5,65.5,5503.0,105.5,442.0,538.5,503.0,566.5,563.5,498.0,424.5,376.0,323.0,287.0,246.5,206.5,165.5,107.0,64.5,45.5,40.5,5564.0,113.5,464.0,580.5,529.0,550.5,548.5,500.0,441.5,399.5,343.5,293.0,240.5,196.0,155.0,97.5,54.5,31.5,25.0,746.5,427.5,2434.5,44.0
94,Tagum City,Magdum,urban,7.86,1277.0,981.0,1141.5,2615.5,34.5,0.0,380.5,244.5,137.5,22.5,285.5,1.0,1.0,2452.5,465976092.5,605768920.0,35.0,387.5,34.0,1668.5,133.5,191.0,4.0,4.5,16.0,173.0,704.5,1.0,3.0,177.0,615.0,1.0,5.0,0.0,0.0,2095.5,9202.5,4309.0,1510.0,2798.5,4540.0,1597.5,2942.5,2883.5,2013.5,870.0,716.0,232.0,88.0,144.0,912.5,458.0,454.0,132.0,81.5,50.0,3373.5,1693.0,1680.5,3622.0,1693.0,1928.5,0.0,0.0,0.0,367.0,282.5,84.5,10546.0,209.0,863.5,1066.5,983.0,1064.5,1060.0,951.0,825.5,738.5,635.5,552.5,463.0,383.5,306.0,195.0,113.5,73.5,62.5,5244.0,100.5,421.0,513.5,479.0,539.5,537.0,475.0,404.5,358.5,308.0,273.5,234.5,196.5,158.0,102.0,61.5,43.0,38.5,5302.0,108.5,442.0,553.0,504.0,524.5,523.0,477.0,420.5,380.5,327.0,279.0,228.5,186.5,148.0,93.0,52.0,30.0,24.0,711.0,407.5,2320.0,42.0
95,Tagum City,Mankilam,urban,29.97,4870.0,3741.5,4353.5,9976.5,132.0,0.0,1450.5,933.0,524.0,85.5,1089.0,2.0,4.0,9353.5,1777195232.0,2310353802.5,133.0,1477.5,128.5,6363.5,509.5,727.5,14.0,17.0,61.5,661.0,2687.0,4.0,11.0,674.5,2344.0,5.0,19.0,0.0,0.0,7991.5,35097.5,16432.5,5759.5,10673.5,17317.0,6093.5,11223.5,10998.0,7680.5,3318.0,2731.0,884.5,334.5,550.0,3480.0,1747.5,1733.0,503.0,312.0,191.0,12867.0,6456.0,6410.5,13812.5,6458.0,7355.0,2.0,2.0,0.0,1400.0,1077.0,323.0,40220.5,797.5,3291.5,4067.5,3749.5,4059.5,4043.0,3628.0,3148.0,2817.0,2423.5,2108.0,1767.0,1462.0,1165.5,743.0,432.5,279.5,238.5,20000.0,384.0,1605.5,1958.5,1827.5,2059.0,2048.0,1809.5,1542.5,1366.5,1175.5,1042.5,894.5,750.0,601.5,388.5,234.5,164.5,147.0,20221.0,413.5,1686.0,2109.5,1922.5,2000.5,1995.0,1818.0,1605.0,1451.0,1248.5,1065.0,872.5,711.5,564.5,354.5,198.0,115.0,90.5,2711.5,1553.0,8848.5,160.0
96,Tagum City,New Balamban,rural,1.13,183.0,140.5,164.0,374.5,5.0,0.0,54.5,35.0,20.0,3.0,41.0,0.0,0.0,351.5,66776527.0,86809485.0,5.0,55.5,5.0,239.5,19.0,27.5,1.0,1.0,2.0,25.0,101.0,0.0,0.0,25.5,88.5,0.0,1.0,0.0,0.0,300.0,1318.5,617.5,216.5,401.0,650.5,229.0,421.5,413.5,289.0,124.5,102.5,33.0,13.0,21.0,131.0,65.5,65.5,19.0,12.0,7.0,483.5,242.5,240.5,519.0,242.5,276.5,0.0,0.0,0.0,52.5,40.5,12.0,1511.5,30.0,123.5,153.0,141.0,153.0,152.0,136.0,118.5,106.0,91.0,79.5,66.5,55.0,44.0,28.0,16.0,10.5,9.0,751.5,14.5,60.5,73.5,68.5,77.5,76.5,68.0,58.0,51.5,44.0,39.0,33.5,28.0,22.5,15.0,9.0,6.0,6.0,760.0,15.5,63.5,79.5,72.5,75.5,74.5,68.5,60.5,54.5,47.0,40.0,33.0,27.0,21.0,13.0,7.0,4.0,3.0,102.0,58.5,332.5,6.0
97,Tagum City,Nueva Fuerza,rural,1.5,244.0,187.5,218.5,500.0,7.0,0.0,72.5,46.5,26.0,4.0,54.5,0.0,0.0,469.0,89035369.0,115745980.0,7.0,74.5,6.0,319.0,25.5,36.5,1.0,1.0,3.0,33.0,134.5,0.0,1.0,34.0,117.5,0.0,1.0,0.0,0.0,400.5,1758.5,823.0,288.5,534.5,867.5,305.5,562.0,551.0,385.0,166.5,137.0,44.5,17.0,27.5,174.0,87.5,86.5,25.0,16.0,10.0,645.0,323.5,321.0,692.0,323.5,368.5,0.0,0.0,0.0,70.5,54.0,16.0,2015.0,40.0,165.0,203.5,188.0,203.5,202.5,182.0,158.0,141.0,121.5,105.5,88.5,73.5,58.5,37.0,22.0,14.0,12.0,1002.0,19.0,80.5,98.0,91.5,103.5,102.5,90.5,77.5,68.5,59.0,52.5,45.0,37.5,30.0,19.5,12.0,8.0,7.0,1013.0,21.0,84.5,105.5,96.5,100.5,100.0,91.5,80.5,72.5,62.5,53.5,43.5,35.5,28.0,18.0,10.0,6.0,5.0,136.0,77.5,443.0,8.0
98,Tagum City,Pagsabangan,rural,4.04,656.0,504.0,586.5,1344.5,18.0,0.0,195.5,126.0,70.5,11.5,147.0,0.0,0.5,1260.0,239465004.5,311304506.0,18.0,199.0,17.0,857.5,68.5,98.0,2.0,2.0,8.0,89.5,362.0,1.0,1.0,90.5,316.0,1.0,3.0,0.0,0.0,1077.0,4729.0,2214.0,776.0,1438.5,2333.5,821.0,1512.0,1481.5,1035.0,447.0,368.0,119.5,45.0,74.5,469.0,235.5,233.5,67.5,42.0,26.0,1734.0,869.5,863.5,1861.0,870.5,991.0,0.0,0.0,0.0,188.5,145.0,43.5,5419.5,107.5,443.5,548.5,505.0,547.0,544.5,489.0,424.0,379.5,327.0,284.0,238.5,197.0,157.0,100.5,58.5,37.5,32.0,2695.0,51.5,216.5,264.0,246.5,277.5,276.0,243.5,208.0,184.0,158.0,140.5,120.5,101.0,81.5,52.5,31.5,22.0,20.0,2724.5,55.5,227.5,284.0,259.0,269.5,269.0,245.0,216.5,195.5,168.0,143.5,117.5,96.0,76.0,47.5,27.0,15.5,12.0,365.0,209.5,1192.5,21.5
99,Tagum City,Pandapan,rural,1.84,298.0,229.5,266.5,611.0,8.0,0.0,88.5,57.5,32.0,5.0,66.5,0.0,0.0,572.5,108831143.0,141480486.0,8.0,90.5,8.0,389.5,31.0,44.5,1.0,1.0,4.0,40.5,165.0,0.0,1.0,41.5,143.5,0.0,1.0,0.0,0.0,489.0,2149.5,1006.0,353.0,653.5,1060.5,373.0,687.5,673.5,470.5,203.0,167.5,54.5,20.0,33.5,213.0,107.0,106.0,31.0,19.0,12.0,788.0,395.5,392.5,845.5,395.5,450.5,0.0,0.0,0.0,85.5,66.0,20.0,2463.0,49.0,201.5,249.0,229.5,248.5,247.5,222.5,193.0,172.5,148.0,129.0,108.5,89.5,71.5,45.5,26.5,17.0,14.5,1225.0,23.5,98.5,120.0,112.0,126.0,125.5,111.0,94.5,83.5,72.0,63.5,54.5,46.0,37.0,24.0,14.0,10.0,9.0,1238.0,25.0,103.5,129.0,117.5,122.5,122.0,111.5,98.5,88.5,76.5,65.5,53.5,43.5,34.5,22.0,12.0,7.0,6.0,166.0,95.0,541.5,10.0
100,Tagum City,Magugpo Poblacion,urban,2.43,395.5,304.0,353.5,810.5,11.0,0.0,118.0,75.5,42.5,7.0,88.5,0.0,0.0,760.0,144363188.5,187672145.0,11.0,120.0,10.5,517.0,41.5,59.0,1.0,1.0,5.0,53.5,218.5,0.0,1.0,54.5,190.5,0.0,2.0,0.0,0.0,649.0,2851.0,1334.5,468.0,867.0,1406.5,495.0,912.0,893.0,624.0,269.5,221.5,72.0,27.0,45.0,282.5,142.0,141.0,41.0,25.0,15.5,1045.5,524.5,520.5,1122.0,524.5,597.5,0.0,0.0,0.0,113.5,87.5,26.0,3267.0,64.5,267.5,330.0,305.0,330.0,328.5,295.0,255.5,228.5,197.0,171.0,143.5,119.0,94.5,60.5,35.0,23.0,19.0,1624.5,31.0,130.5,159.0,148.0,167.0,166.0,147.0,125.5,111.0,95.5,84.5,72.5,61.0,49.0,31.5,19.0,13.0,12.0,1642.5,33.5,137.0,171.0,156.0,162.5,162.0,148.0,130.5,118.0,101.5,86.5,70.5,57.5,46.0,29.0,16.0,9.0,7.0,220.0,126.0,718.5,13.0
101,Tagum City,San Agustin,rural,0.86,139.0,107.0,124.5,285.5,4.0,0.0,41.5,27.0,15.0,2.0,31.0,0.0,0.0,267.5,50857805.5,66115147.5,4.0,42.5,4.0,182.0,14.5,21.0,0.0,0.0,2.0,19.0,76.5,0.0,0.0,19.0,67.5,0.0,1.0,0.0,0.0,228.5,1004.5,470.5,165.0,305.5,495.5,174.5,321.5,314.5,220.0,94.5,78.0,25.5,10.0,15.5,99.5,50.0,49.5,14.0,9.0,5.0,368.5,185.0,183.5,395.5,185.0,210.5,0.0,0.0,0.0,40.0,31.0,9.0,1151.0,23.0,94.5,116.5,107.5,116.0,115.5,103.5,90.5,80.5,69.5,60.5,50.5,42.0,33.5,21.0,12.0,8.0,7.0,572.5,11.0,46.0,56.0,52.5,59.0,58.5,51.5,44.0,39.0,33.5,30.0,25.5,21.5,17.0,11.0,7.0,5.0,4.0,578.5,12.0,48.5,60.5,55.0,57.5,57.0,52.0,46.0,41.5,35.5,30.5,25.0,20.5,16.0,10.0,6.0,3.0,3.0,77.5,44.5,253.5,4.5
102,Tagum City,San Isidro,rural,3.69,599.5,460.5,536.0,1228.0,16.0,0.0,178.5,115.0,64.5,10.5,134.0,0.0,0.0,1151.5,218756983.0,284384078.0,16.0,182.0,16.0,783.0,62.5,89.5,2.0,2.0,8.0,81.5,331.0,0.0,1.0,83.5,288.5,1.0,2.0,0.0,0.0,983.5,4320.5,2022.5,709.0,1313.5,2131.5,750.0,1381.5,1353.5,945.5,408.5,336.0,109.0,41.0,68.0,428.5,215.0,213.5,61.5,38.5,23.5,1584.0,795.0,789.0,1700.0,795.0,905.5,0.0,0.0,0.0,172.0,132.5,40.0,4950.5,98.5,405.5,500.5,461.5,500.0,498.0,446.5,387.5,347.0,298.0,259.5,217.5,180.0,143.5,91.5,53.5,34.5,29.0,2461.5,47.5,197.5,241.5,224.5,253.5,252.0,222.5,190.0,168.0,145.0,128.5,110.0,92.5,74.0,48.0,29.0,20.0,18.0,2489.0,51.0,207.5,259.5,236.5,246.5,245.5,223.5,197.5,178.5,154.0,131.0,107.5,87.5,69.5,43.5,24.5,14.0,11.0,333.5,191.0,1089.0,19.5
103,Tagum City,San Miguel (Camp 4),urban,13.32,2164.5,1663.0,1935.0,4434.0,58.5,0.0,645.0,414.5,232.5,38.0,484.0,1.0,2.0,4157.5,789869615.5,1026830500.5,59.0,657.0,57.5,2828.0,226.5,323.0,6.0,8.0,27.5,294.0,1194.5,2.0,5.0,300.0,1041.5,2.0,9.0,0.0,0.0,3551.5,15599.0,7303.0,2559.5,4743.5,7696.5,2708.5,4988.0,4888.0,3413.0,1474.5,1213.5,393.0,148.5,244.5,1547.0,777.0,770.0,223.5,139.0,84.5,5718.5,2869.5,2849.0,6139.0,2870.0,3269.0,1.0,1.0,0.0,622.0,479.0,144.0,17876.0,354.5,1463.0,1807.5,1666.5,1804.5,1797.0,1612.5,1399.0,1252.0,1077.0,937.0,785.0,650.0,518.0,330.0,192.0,124.0,106.0,8888.5,171.0,713.5,870.5,812.0,915.0,910.0,804.0,685.5,607.0,522.5,463.5,397.5,333.5,267.5,173.0,104.0,73.5,65.5,8987.0,184.0,749.5,937.0,854.5,889.5,886.5,808.0,713.5,645.0,554.5,473.0,387.5,316.0,250.5,158.0,88.0,51.0,40.5,1205.0,690.0,3933.0,71.0
104,Tagum City,Visayan Village,urban,31.0,5037.0,3869.5,4502.5,10318.5,136.5,0.0,1500.5,965.0,542.0,88.5,1126.5,2.0,4.0,9673.5,1838042150.0,2389454795.0,137.0,1528.5,133.0,6581.5,527.0,752.5,14.0,18.0,63.5,684.0,2779.5,4.0,11.0,697.5,2424.5,5.0,20.0,0.0,0.0,8264.5,36299.5,16995.0,5956.5,11038.5,17909.5,6302.0,11607.5,11374.5,7943.0,3431.5,2824.5,914.5,345.5,569.0,3599.0,1807.5,1792.0,520.0,323.0,197.5,13307.5,6677.5,6630.0,14285.5,6678.5,7607.0,2.0,2.0,0.0,1448.0,1114.0,334.0,41598.0,825.0,3404.5,4206.5,3878.0,4198.5,4181.5,3752.0,3255.5,2913.5,2507.0,2180.0,1827.5,1512.5,1205.5,769.0,447.0,289.0,246.5,20684.5,397.5,1660.5,2025.0,1890.0,2129.5,2118.5,1872.0,1595.5,1413.0,1215.5,1078.5,925.0,776.0,622.0,401.5,242.5,170.0,152.5,20913.0,427.5,1744.0,2181.0,1988.5,2069.0,2063.0,1880.0,1659.5,1500.5,1291.0,1101.5,902.0,736.5,583.5,367.0,205.0,119.0,93.5,2804.0,1606.0,9151.5,166.0
105,Tagum City,Magugpo East,urban,11.1,1803.5,1385.5,1612.0,3694.5,49.0,0.0,537.5,345.5,194.0,31.5,403.5,1.0,1.0,3463.0,658049832.5,855464782.0,49.0,547.5,47.5,2356.0,189.0,269.5,5.0,6.0,23.0,244.5,995.0,1.0,4.0,249.5,867.5,2.0,7.0,0.0,0.0,2959.0,12995.5,6084.5,2132.5,3952.0,6412.0,2256.0,4155.5,4072.0,2843.5,1228.5,1011.0,327.5,124.0,203.5,1288.5,647.0,641.5,186.0,115.5,70.5,4764.5,2390.5,2374.0,5114.5,2391.0,2723.5,1.0,1.0,0.0,518.5,398.5,119.5,14892.5,295.0,1219.0,1506.5,1388.5,1503.5,1497.5,1343.5,1165.5,1043.5,897.5,780.5,654.0,541.5,431.5,275.0,160.0,103.5,88.5,7405.0,142.0,594.5,725.5,676.5,762.5,758.5,670.0,571.5,506.0,435.0,386.5,331.0,278.0,222.5,144.0,86.5,61.0,54.5,7487.5,153.0,624.0,781.0,711.5,740.5,738.5,673.0,594.5,537.5,462.0,394.5,323.0,263.5,209.0,131.5,73.5,42.5,33.5,1004.0,575.0,3276.5,59.0
106,Tagum City,Magugpo North,urban,7.19,1168.0,897.5,1044.0,2392.5,31.5,0.0,348.0,223.5,125.5,20.5,261.5,1.0,1.0,2243.0,426202096.0,554062724.0,32.0,354.5,31.0,1526.0,122.0,174.5,3.0,4.0,15.0,159.0,644.5,1.0,3.0,162.0,562.5,1.0,5.0,0.0,0.0,1916.5,8417.0,3941.0,1381.0,2559.5,4152.5,1461.5,2691.5,2637.5,1842.0,795.5,655.0,212.0,80.0,132.0,834.5,419.0,415.5,120.5,74.5,45.5,3085.5,1548.5,1537.5,3312.5,1548.5,1764.0,0.0,0.0,0.0,336.0,258.5,77.5,9645.5,191.0,789.0,975.5,899.5,973.5,969.5,870.0,755.0,675.5,581.5,505.5,423.5,350.5,279.5,178.0,103.5,67.0,57.0,4796.5,92.5,385.0,470.0,438.0,494.0,491.0,434.0,370.0,328.0,282.0,250.5,214.5,180.0,144.0,93.5,56.5,39.5,35.5,4849.5,99.5,404.5,506.0,461.0,480.0,478.0,436.0,384.5,348.0,299.0,255.5,209.5,171.0,135.0,85.5,47.5,27.5,22.0,650.5,372.5,2122.5,38.5
107,Tagum City,Magugpo South,urban,8.33,1354.0,1040.5,1210.5,2773.5,36.5,0.0,403.5,259.5,146.0,24.0,303.0,1.0,1.0,2600.5,494073319.5,642295315.5,37.0,410.5,36.0,1769.0,142.0,202.5,4.0,5.0,17.0,184.0,747.0,1.0,3.0,187.5,652.0,1.0,5.0,0.0,0.0,2222.0,9757.0,4568.5,1601.0,2967.0,4814.5,1694.5,3120.0,3057.5,2135.0,922.0,759.5,245.5,93.0,153.0,967.5,486.0,482.0,140.0,86.5,53.0,3577.0,1795.0,1782.0,3840.0,1795.5,2045.0,1.0,0.0,0.0,389.5,299.5,89.5,11182.0,221.5,915.0,1131.0,1042.5,1128.5,1124.0,1008.5,875.5,783.0,674.0,586.0,491.0,406.5,324.0,206.5,120.0,77.5,66.5,5560.0,106.5,446.5,544.5,508.0,572.5,569.5,503.0,429.0,379.5,327.0,290.0,248.5,208.5,167.0,108.0,65.5,45.5,41.0,5621.5,115.0,469.0,586.5,534.5,556.5,554.5,505.5,446.0,403.5,347.0,296.0,242.5,198.0,157.0,98.5,55.0,32.0,25.0,753.5,431.5,2460.0,44.5
108,Tagum City,Magugpo West,urban,10.74,1746.0,1341.5,1560.5,3575.5,47.5,0.0,520.0,334.5,188.0,30.5,390.5,1.0,1.0,3352.5,636976912.0,828069985.5,47.5,529.5,46.0,2280.5,183.0,260.5,5.0,6.0,22.0,237.5,963.0,1.0,4.0,241.5,840.5,2.0,7.0,0.0,0.0,2864.0,12579.5,5890.0,2064.0,3825.5,6206.5,2184.0,4022.5,3942.0,2753.0,1189.0,979.0,316.5,120.0,197.5,1247.0,626.0,621.0,180.0,112.0,68.5,4611.5,2314.0,2297.5,4950.5,2314.5,2636.0,1.0,1.0,0.0,502.0,386.0,116.0,14415.5,286.0,1179.5,1458.0,1343.5,1455.0,1449.0,1300.5,1128.0,1009.5,868.5,755.5,633.0,524.0,417.5,266.5,155.0,100.5,85.5,7168.5,138.0,575.5,701.5,655.0,738.0,734.0,649.0,552.5,490.0,421.5,373.5,321.0,269.0,215.5,139.0,83.5,59.0,53.0,7247.5,148.0,604.0,756.0,689.0,717.5,715.5,651.5,575.5,520.0,447.5,381.5,313.0,255.5,202.0,127.0,71.0,41.0,32.5,971.5,556.5,3171.5,57.5
